"Journal","Subfield","Publisher","Publisher Type","Business Model","APC (€)","Country (Publisher)","Institution","Institution Type","Website","Scimago Rank","Scimago Quartile","H Index","PCI Partner"
"Acarologia","Ecology & Evolution - Zoology","Institut National de Recherche pour l'Agriculture l'Alimentation et l'Environnement","Non-profit","OA diamond","0","France","Institut National de Recherche pour l'Agriculture l'Alimentation et l'Environnement","University/Government","https://www1.montpellier.inra.fr/CBGP/acarologia/index.php","0.519","Q2 (Insect Science)","30","PCI friendly"
"Access Microbiology","Molecular & Cellular Biology - Microbiology and Infectious Diseases","Microbiology Society","Non-profit","OA","912","UK","Microbiology Society","Society/Association","https://www.microbiologyresearch.org/content/journal/acmi","0.406","Q3 (Microbiology)","20","No"
"ACS Chemical Biology","Molecular & Cellular Biology - Biochemistry and Molecular Biology","American Chemical Society (ACS)","Non-profit","Hybrid","3600","USA","American Chemical Society (ACS)","Society/Association","https://pubs.acs.org/journal/acbcct?src=UCV000017_BLH","1.374","Q1 (Biochemistry; Medicine; Molecular Medicine)","151","No"
"ACS Chemical Neuroscience","Molecular & Cellular Biology - Neuroscience and Neurobiology","American Chemical Society (ACS)","Non-profit","Hybrid","4163","USA","American Chemical Society (ACS)","Society/Association","https://pubs.acs.org/journal/acncdm","1.1","Q1 (Medicine)","112","No"
"ACS Synthetic Biology","Molecular & Cellular Biology - Biotechnology and Bioengineering","American Chemical Society (ACS)","Non-profit","Hybrid","3683","USA","American Chemical Society (ACS)","Society/Association","https://pubs.acs.org/journal/asbcd6","1.419","Q1 (Biochemistry, Genetics and Molecular Biology; Biomedical Engineering; Medicine)","111","No"
"Acta Amazonica","Ecology & Evolution - Botany","Instituto Nacional de Pesquisas da Amazonia","Non-profit","OA diamond","0","Brazil","Instituto Nacional de Pesquisas da Amazonia","University/Government","https://acta.inpa.gov.br/","0.355","Q2 (Agricultural and Biological Sciences)","41","No"
"Acta Botanica Brasilica","Ecology & Evolution - Botany; Plants - Generalist","Sociedade Botânica do Brasil (Brazilian Botanical Society - SBB)","Non-profit","OA diamond","0","Brazil","Sociedade Botânica do Brasil (Brazilian Botanical Society - SBB)","Society/Association","https://projetos.mestrescriativos.com.br/acta/","0.351","Q3 (Plant Science)","59","No"
"Acta Chiropterologica","Ecology & Evolution - Zoology","Museum and Institute of Zoology / Polish Academy of Sciences","Non-profit","Subscription","","Poland","Museum and Institute of Zoology / Polish Academy of Sciences","University/Government","https://bioone.org/journals/acta-chiropterologica/","0.422","Q2 (Animal Science and Zoology)","48","No"
"Acta Cytologica","Molecular & Cellular Biology - Cell Biology and Developmental Biology","Karger Publishers","For-profit associated with a society","Hybrid","3600","Switzerland","International Academy of Cytology","","https://karger.com/acy","0.404","Q3 (Histology; Medicine; Pathology and Forensic Medicine)","70","No"
"Acta Herpetologica","Ecology & Evolution - Zoology","Firenze University Press","University Press associated with a society","OA diamond","0","Italy","Societas Herpetologica Italica","Society/Association","https://oaj.fupress.net/index.php/ah/index","0.348","Q2 (Animal Science and Zoology)","22","No"
"Acta Neuropathologica","Neurosciences - Clinical Neuroscience","Springer Nature","For-profit","Hybrid","3745","Germany / UK","","","https://link.springer.com/journal/401","4.191","Q1 (Cellular and Molecular Neuroscience; Neurology; Pathology and Forensic Medicine)","241","No"
"Acta Neuropathologica Communications","Neurosciences - Clinical Neuroscience","Springer Nature (BioMed Central)","For-profit","OA","2876","UK","","","https://actaneurocomms.biomedcentral.com/","2.466","Q1 (Cellular and Molecular Neuroscience; Neurology; Pathology and Forensic Medicine)","108","No"
"Acta Neuropsychiatrica","Neurosciences - Clinical Neuroscience","Cambridge University Press (CUP)","University Press","Hybrid","2418","UK","","","https://www.cambridge.org/core/journals/acta-neuropsychiatrica","0.677","Q2 (Psychiatry and Mental Health)","49","No"
"Acta Oncologica","Cancer - Generalist","Taylor & Francis Group","For-profit","OA","1749","Sweden","Acta Oncologica Foundation","Non-profit","https://www.tandfonline.com/journals/ionc20","0.952","Q1 (Medicine; Radiology, Nuclear Medicine and Imaging)","127","No"
"Acta Ornithologica","Ecology & Evolution - Zoology","Museum and Institute of Zoology / Polish Academy of Sciences","Non-profit","Subscription","","Poland","Museum and Institute of Zoology / Polish Academy of Sciences","University/Government","https://bioone.org/journals/acta-ornithologica/","0.574","Q1 (Animal Science and Zoology)","39","No"
"Acta Parasitologica","Ecology & Evolution - Health; Immunology - Parasitology","Springer Nature","For-profit associated with a society","Hybrid","2090","Germany / UK","W. Stefanski Institute of Parasitology of the Polish Academy of Sciences","Society/Association","https://link.springer.com/journal/11686","0.389","Q3 (Parasitology)","44","No"
"Acta Pharmaceutica Sinica B","Molecular & Cellular Biology - Pharmacology and Toxicology","Elsevier","For-profit associated with a society","OA","","Netherlands","Institute of Materia Medica; Chinese Academy of Medical Sciences; Chinese Pharmaceutical Association","Society/Association","https://www.sciencedirect.com/journal/acta-pharmaceutica-sinica-b","3.439","Q1 (Pharmacology, Toxicology and Pharmaceutics)","146","No"
"Acta Pharmacologica Sinica","Molecular & Cellular Biology - Pharmacology and Toxicology","Springer Nature","For-profit","Hybrid","3545","Germany / UK","","","https://www.nature.com/aps/","2.691","Q1 (Medicine; Pharmacology)","134","No"
"Acta Physiologica","Anatomy & Physiology - Physiology","John Wiley & Sons","For-profit associated with a society","Hybrid","4977","USA","Scandinavian Physiological Society","Society/Association","https://onlinelibrary.wiley.com/journal/17481716","1.581","Q1 (Physiology)","141","No"
"Acta Psychiatrica Scandinavica","Neurosciences - Clinical Neuroscience","John Wiley & Sons","For-profit","Hybrid","2340","USA","","","https://onlinelibrary.wiley.com/journal/16000447","2.035","Q1 (Psychiatry and Mental Health)","182","No"
"Acta tropica","Immunology - Virology; Molecular & Cellular Biology - Microbiology and Infectious Diseases","Elsevier","For-profit","Hybrid","2026","Netherlands","","","https://www.sciencedirect.com/journal/acta-tropica","0.676","Q1 (Insect Science; Veterinary)","126","No"
"Adansonia","Ecology & Evolution - Genetics; Plants - Generalist","Muséum national d'Histoire naturelle (MNHN)","Non-profit","OA diamond","0","France","Museum National d'Histoire Naturelle","University/Government","https://sciencepress.mnhn.fr/fr/periodiques/adansonia","0.39","Q2 (Plant Science)","18","No"
"Adaptive Behavior","Neurosciences - Generalist","Sage Publishing","For-profit associated with a society","Hybrid","3788","USA","International Society for Adaptive Behavior (ISAB)","Society/Association","https://journals.sagepub.com/home/adba","0.434","Q1 (Philosophy)","64","No"
"Addiction","Neurosciences - Addiction","John Wiley & Sons","For-profit associated with a society","Hybrid","2472","USA","Society for the Study of Addiction","Society/Association","https://onlinelibrary.wiley.com/journal/13600443","2.399","Q1 (Medicine; Psychiatry and Mental Health)","232","No"
"Addiction Biology","Neurosciences - Addiction","John Wiley & Sons","For-profit associated with a society","OA","3057","USA","Society for the Study of Addiction","Society/Association","https://onlinelibrary.wiley.com/journal/13691600","0.921","Q1 (Medicine)","101","No"
"Addiction Research and Theory","Neurosciences - Addiction","Taylor & Francis Group","For-profit","Hybrid","2973","UK","","","https://www.tandfonline.com/journals/iart20","0.746","Q2 (Medicine)","68","No"
"Addiction Science and Clinical Practice","Neurosciences - Addiction","Springer Nature (BioMed Central)","For-profit","OA","2463","UK","Evans Medical Foundation","","https://ascpjournal.biomedcentral.com/","1.127","Q1 (Clinical Psychology; Psychiatry and Mental Health)","54","No"
"Addictive Behaviors","Neurosciences - Addiction","Elsevier","For-profit","Hybrid","2339","Netherlands","","","https://www.sciencedirect.com/journal/addictive-behaviors","1.547","Q1 (Clinical Psychology; Medicine; Psychiatry and Mental Health; Toxicology)","166","No"
"Addictive Behaviors Reports","Neurosciences - Addiction","Elsevier","For-profit","OA","3841","UK","","","https://www.sciencedirect.com/journal/addictive-behaviors-reports","1.025","Q1 (Clinical Psychology)","48","No"
"Adipocyte","Molecular & Cellular Biology - Biochemistry and Molecular Biology","Taylor & Francis Group","For-profit","OA","2652","UK","","","https://www.tandfonline.com/journals/kadi20","0.974","Q1 (Histology)","43","No"
"Advanced Science","Generalist","John Wiley & Sons","For-profit","OA","5436","USA","","","https://advanced.onlinelibrary.wiley.com/journal/21983844","3.288","Q1 (Biochemistry, Genetics and Molecular Biology; Chemical Engineering; Engineering; Materials Science; Medicine; Physics and Astronomy)","253","No"
"Advances and Applications in Bioinformatics and Chemistry","Molecular & Cellular Biology - Biochemistry and Molecular Biology","Taylor & Francis Group (Dovepress)","For-profit","OA","","UK","","","https://www.tandfonline.com/journals/daab20","0.644","Q2 (Biochemistry, Genetics and Molecular Biology; Chemistry; Computer Science Applications)","21","No"
"Advances in Anatomic Pathology","Anatomy & Physiology - Anatomy","Wolters Kluwer (Lippincott)","For-profit associated with a society","Hybrid","","Netherlands / USA","Genitourinary Pathology Society","Society/Association","https://journals.lww.com/anatomicpathology/pages/default.aspx","1.027","Q1 (Anatomy; Pathology and Forensic Medicine)","97","No"
"Advances in Anatomy, Embryology and Cell Biology","Development - Pregnancy and Embryology","Springer Nature","For-profit","Hybrid","","Germany / UK","","","https://link.springer.com/series/0102","0.115","Q4 (Anatomy; Cell Biology; Developmental Biology; Embryology; Medicine)","46","No"
"Advances in Applied Microbiology","Molecular & Cellular Biology - Microbiology and Infectious Diseases","Elsevier","For-profit","Subscription","","Netherlands","","","https://www.sciencedirect.com/bookseries/advances-in-applied-microbiology","0.339","Q3 (Applied Microbiology and Biotechnology)","99","No"
"Advances in Applied Probability","Generalist - Mathematical Biology","Cambridge University Press (CUP)","University Press","Hybrid","3100","UK","","","https://www.cambridge.org/core/journals/advances-in-applied-probability","0.506","Q2 (Applied Mathematics; Statistics and Probability)","67","No"
"Advances in Bioethics","Generalist - Bioethics","Emerald Publishing","For-profit","Hybrid","2200","UK","","","https://bookstore.emerald.com/advances-in-bioethics/","","","","No"
"Advances in Immunology","Immunology - Generalist/Classical Immunology","Elsevier","For-profit","","","Netherlands","","","https://www.sciencedirect.com/bookseries/advances-in-immunology","0.465","Q3 (Immunology; Immunology and Allergy)","121","No"
"Advances in Nutrition","Anatomy & Physiology - Nutrition","Elsevier","For-profit associated with a society","OA","3927","Netherlands","American Society for Nutrition","Society/Association","https://www.sciencedirect.com/journal/advances-in-nutrition","3.056","Q1 (Food Science; Medicine; Nutrition and Dietetics)","160","No"
"Advances in Protein Chemistry and Structural Biology","Molecular & Cellular Biology - Structural Biology and Biophysics","Elsevier","For-profit","","","Netherlands","","","https://www.sciencedirect.com/bookseries/advances-in-protein-chemistry-and-structural-biology","0.462","Q3 (Biochemistry)","90","No"
"Advances in Virus Research","Immunology - Virology","Elsevier","For-profit","","","Netherlands","","","https://www.sciencedirect.com/bookseries/advances-in-virus-research","0.616","Q2 (Infectious Diseases; Medicine; Virology)","112","No"
"African Entomology","Ecology & Evolution - Zoology","Khulisa Journals","Non-profit","OA","336","South Africa","Entomological Society of Southern Africa","Society/Association","https://www.africanentomology.com/","0.277","Q3 (Agronomy and Crop Science; Ecology, Evolution, Behavior and Systematics; Insect Science)","38","No"
"African Invertebrates","Ecology & Evolution - Zoology","Pensoft Publishers","For-profit associated with a society","OA","431","South Africa","KwaZulu-Natal Museum","University/Government","https://africaninvertebrates.pensoft.net/","0.294","Q3 (Animal Science and Zoology; Ecology, Evolution, Behavior and Systematics; Insect Science; Paleontology)","21","No"
"African Journal of Ecology","Ecology & Evolution - Basic Ecology","John Wiley & Sons","For-profit associated with a society","Hybrid","2446","USA","The East African Wildlife Society","Society/Association","https://onlinelibrary.wiley.com/journal/13652028","0.355","Q3 (Ecology, Evolution, Behavior and Systematics)","67","No"
"African Journal of Range & Forage Science","Ecology & Evolution - Applied Ecology","Taylor & Francis Group","For-profit associated with a society","Hybrid","2631","UK","Grassland Society of Southern Africa","Society/Association","https://www.tandfonline.com/journals/tarf20","0.595","Q1 (Animal Science and Zoology)","40","No"
"African Journal of Wildlife Research","Ecology & Evolution - Applied Ecology","Southern African Wildlife Management Association","Non-profit","Subscription","","South Africa","Southern African Wildlife Management Association","Society/Association","https://sawma.co.za/scope-and-information/","0.274","Q3 (Animal Science and Zoology; Ecology)","41","No"
"African Zoology","Ecology & Evolution - Zoology","Taylor & Francis Group","For-profit associated with a society","Hybrid","","UK","Zoological Society of Southern Africa","Society/Association","https://www.nisc.co.za/products/59/journals/african-zoology","0.263","Q3 (Animal Science and Zoology)","37","No"
"Age and Ageing","Anatomy & Physiology - Aging; Development - Aging","Oxford University Press (OUP)","University Press","Hybrid","2884","UK","","","https://academic.oup.com/ageing?login=false","2.152","Q1 (Aging; Geriatrics and Gerontology; Medicine)","185","No"
"Ageing International","Anatomy & Physiology - Aging; Development - Aging","Springer Nature","For-profit","Hybrid","2445","Germany / UK","","","https://link.springer.com/journal/12126","0.502","Q2 (Health)","51","No"
"Ageing Research Reviews","Anatomy & Physiology - Aging; Development - Aging","Elsevier","For-profit","Hybrid","1300","Netherlands","","","https://www.sciencedirect.com/journal/ageing-research-reviews","4.289","Q1 (Aging; Biochemistry; Biotechnology; Molecular Biology; Neurology)","194","No"
"Aging and Disease","Anatomy & Physiology - Aging; Development - Aging","International Society on Aging and Disease (ISOAD)","Non-profit","OA","2421","USA","International Society on Aging and Disease (ISOAD)","Society/Association","https://www.aginganddisease.org/EN/2152-5250/home.shtml","2.784","Q1 (Cell Biology; Geriatrics and Gerontology; Neurology; Pathology and Forensic Medicine)","99","No"
"Aging and Mental Health","Anatomy & Physiology - Aging; Development - Aging; Neurosciences - Clinical Neuroscience","Taylor & Francis Group","For-profit","Hybrid","1690","UK","","","https://www.tandfonline.com/journals/camh20","1.207","Q1 (Geriatrics and Gerontology; Gerontology; Psychiatry and Mental Health)","127","No"
"Aging Brain","Development - Neuroscience; Neurosciences - Developmental Neuroscience","Elsevier","For-profit","OA","2189","Netherlands","","","https://www.sciencedirect.com/journal/aging-brain","0.979","Q2 (Geriatrics and Gerontology; Neuroscience)","13","No"
"Aging Cell","Anatomy & Physiology - Aging; Development - Aging; Molecular & Cellular Biology - Cell Biology and Developmental Biology","John Wiley & Sons","For-profit associated with a society","OA","2435","UK","The Anatomical Society","Society/Association","https://onlinelibrary.wiley.com/journal/14749726","2.881","Q1 (Aging; Cell Biology)","191","No"
"Aging Clinical and Experimental Research","Anatomy & Physiology - Aging; Development - Aging","Springer Nature","For-profit associated with a society","OA","3950","Germany / UK","European Society for Clinical and Economic Aspects of Osteoporosis, Osteoarthritis and Musculoskeletal Diseases","Society/Association","https://link.springer.com/journal/40520","1.24","Q1 (Geriatrics and Gerontology)","102","No"
"Agricultural and Forest Entomology","Ecology & Evolution - Zoology","John Wiley & Sons","For-profit associated with a society","Hybrid","2429","USA","Royal Entomological Society","Society/Association","https://resjournals.onlinelibrary.wiley.com/journal/14619563","0.516","Q1 (Forestry)","71","No"
"Agronomy for Sustainable Development","Ecology & Evolution - Applied Ecology","Springer Nature","For-profit associated with a society","Hybrid","2345","Germany / UK","Institut National de Recherche pour l'Agriculture l'Alimentation et l'Environnement","University/Government","https://www.springer.com/journal/13593","2.004","Q1 (Agronomy and Crop Science; Environmental Engineering)","169","PCI friendly"
"AIDS","Immunology - Virology","Wolters Kluwer (Lippincott)","For-profit","Hybrid","4387","Netherlands / USA","","","https://journals.lww.com/aidsonline/pages/default.aspx","1.141","Q1 (Infectious Diseases)","237","No"
"AIDS and behavior","Immunology - Virology; Neurosciences - Clinical Neuroscience","Springer Nature","For-profit","Hybrid","3445","Germany / UK","","","https://link.springer.com/journal/10461","1.084","Q1 (Infectious Diseases; Public Health, Environmental and Occupational Health; Social Psychology)","139","No"
"AIDS Research and Human Retroviruses","Immunology - Virology","Sage Publishing (Mary Ann Liebert)","For-profit","Hybrid","2791","USA","","","https://home.liebertpub.com/publications/aids-research-and-human-retroviruses/2/overview","0.516","Q3 (Immunology; Infectious Diseases; Virology)","100","No"
"AIDS Research and Therapy","Immunology - Virology","Springer Nature (BioMed Central)","For-profit","OA","2649","UK","","","https://aidsrestherapy.biomedcentral.com/","0.934","Q2 (Molecular Medicine; Pharmacology; Virology)","54","No"
"AIDS Reviews","Immunology - Virology","Permanyer Publications","For-profit","OA","","Spain","","","https://www.aidsreviews.com/","0.972","Q1 (Medicine; Pharmacology)","64","No"
"AI in Neuroscience","Neurosciences - Generalist","Sage Publishing","For-profit associated with a society","Hybrid","3558","USA","National Neurotrauma Society","Society/Association","https://journals.sagepub.com/home/aina","","","","No"
"Alcohol","Neurosciences - Addiction","Elsevier","For-profit","Hybrid","3641","Netherlands","","","https://www.sciencedirect.com/journal/alcohol","0.697","Q2 (Biochemistry; Health; Medicine; Toxicology)","93","No"
"Alcohol and Alcoholism","Neurosciences - Addiction","Oxford University Press (OUP)","University Press","Hybrid","2989","UK","","","https://academic.oup.com/alcalc/?login=false","0.803","Q2 (Medicine; Psychiatry and Mental Health; Toxicology)","115","No"
"Allergologia et Immunopathologia","Immunology - Allergy and Hypersensitivity","Codon Publications","For-profit associated with a society","OA","1221","Australia","Sociedad Española de Inmunología Clínica, Alergología y Asma Pediátrica (SEICAP); Latin American Society of Immunodeficiencies (LASID)","Society/Association","https://all-imm.com/index.php/aei/index","0.454","Q3 (Immunology; Immunology and Allergy; Medicine; Pulmonary and Respiratory Medicine)","48","No"
"Allergology International","Immunology - Allergy and Hypersensitivity","Elsevier","For-profit associated with a society","OA","2080","Netherlands","Japanese Society of Allergology","Society/Association","https://www.sciencedirect.com/journal/allergology-international","1.95","Q1 (Immunology and Allergy; Medicine)","89","No"
"Allergy","Immunology - Allergy and Hypersensitivity","John Wiley & Sons","For-profit","Hybrid","4300","USA","","","https://onlinelibrary.wiley.com/journal/13989995","3.851","Q1 (Immunology; Immunology and Allergy)","226","No"
"Allergy, Asthma and Clinical Immunology","Immunology - Allergy and Hypersensitivity","Springer Nature (BioMed Central)","For-profit associated with a society","OA","2001","UK","Canadian Society of Allergy and Clinical Immunology","Society/Association","https://aacijournal.biomedcentral.com/","0.74","Q2 (Pulmonary and Respiratory Medicine)","61","No"
"Allergy Asthma and Immunology Research","Immunology - Allergy and Hypersensitivity","Korean Academy of Asthma, Allergy and Clinical Immunology; Korean Academy of Pediatric Allergy and Respiratory Disease","Non-profit","OA","457","Republic of Korea (South Korea)","","","https://e-aair.org/","1.237","Q1 (Pulmonary and Respiratory Medicine)","71","No"
"Alpine Botany","Ecology & Evolution - Botany; Plants - Generalist","Springer Nature","For-profit associated with a society","Hybrid","4451","Germany / UK","Schweizerische Botanische Gesellschaft","Society/Association","https://link.springer.com/journal/35","0.959","Q1 (Ecology, Evolution, Behavior and Systematics; Plant Science)","38","No"
"Alpine Entomology","Ecology & Evolution - Zoology","Pensoft Publishers","For-profit associated with a society","OA","","Bulgaria","Swiss Entomological Society","Society/Association","https://alpineentomology.pensoft.net/","0.58","Q1 (Animal Science and Zoology; Insect Science)","9","No"
"Alzheimer Disease and Associated Disorders","Neurosciences - Clinical Neuroscience","Wolters Kluwer (Lippincott)","For-profit","Hybrid","3122","Netherlands / USA","","","https://journals.lww.com/alzheimerjournal/pages/default.aspx","0.485","Q2 (Clinical Psychology)","116","No"
"Alzheimer's and Dementia","Neurosciences - Clinical Neuroscience","John Wiley & Sons","For-profit associated with a society","Hybrid","3394","USA","Alzheimer's Association","Society/Association","https://alz-journals.onlinelibrary.wiley.com/journal/15525279","4.53","Q1 (Cellular and Molecular Neuroscience; Developmental Neuroscience; Epidemiology; Geriatrics and Gerontology; Health Policy; Neurology; Psychiatry and Mental Health)","194","No"
"Alzheimer's Research and Therapy","Neurosciences - Clinical Neuroscience","Springer Nature (BioMed Central)","For-profit","OA","3681","UK","Alzheimer's Disease International","","https://alzres.biomedcentral.com/","2.479","Q1 (Cognitive Neuroscience; Neurology)","123","No"
"Ambio","Ecology & Evolution - Applied Ecology","Springer Nature","For-profit associated with a society","Hybrid","3894","Germany / UK","Royal Swedish Academy of Sciences","University/Government","https://www.springer.com/journal/13280","1.904","Q1 (Ecology; Environmental Chemistry; Geography, Planning and Development; Medicine)","171","No"
"American Fern Journal","Ecology & Evolution - Botany; Plants - Generalist","American Fern Society","Non-profit","Subscription","","USA","American Fern Society","Society/Association","https://www.amerfernsoc.org/american-fern-journal","0.242","Q3 (Ecology, Evolution, Behavior and Systematics; Plant Science)","31","No"
"American Heart Journal","Anatomy & Physiology - Physiology","Elsevier","For-profit","Hybrid","3156","Netherlands","","","https://www.sciencedirect.com/journal/american-heart-journal","1.784","Q1 (Cardiology and Cardiovascular Medicine)","218","No"
"American Journal of Alzheimer's Disease and Other Dementias","Neurosciences - Clinical Neuroscience","Sage Publishing","For-profit","OA","1302","USA","","","https://journals.sagepub.com/home/ajae","1.002","Q1 (Clinical Psychology)","79","No"
"American Journal of Audiology","Neurosciences - Sensory Neuroscience","American Speech-Language-Hearing Association (ASHA)","Non-profit","Hybrid","1812","USA","","","https://pubs.asha.org/journal/aja","0.633","Q2 (Speech and Hearing)","59","No"
"American Journal of Botany","Ecology & Evolution - Botany; Plants - Generalist","John Wiley & Sons","For-profit associated with a society","Hybrid","618","USA","Botanical Society of America","Society/Association","https://bsapubs.onlinelibrary.wiley.com/journal/15372197","0.916","Q1 (Ecology, Evolution, Behavior and Systematics; Plant Science)","186","No"
"American Journal of Epidemiology","Immunology - Epidemiology","Oxford University Press (OUP)","University Press associated with a society","Hybrid","4144","UK","Johns Hopkins Bloomberg School of Public Health; Society for Epidemiologic Research","Society/Association","https://academic.oup.com/aje/?login=false","1.955","Q1 (Epidemiology)","306","No"
"American Journal of Human Genetics","Genetics & Genomics - Human Genetics","Elsevier (Cell Press)","For-profit","Hybrid","4686","USA","","","https://www.cell.com/ajhg/","4.204","Q1 (Genetics)","348","No"
"American Journal of Infection Control","Immunology - Epidemiology","Elsevier","For-profit associated with a society","Hybrid","1517","Netherlands","Association for Professionals in Infection Control and Epidemiology (APIC)","Society/Association","https://www.ajicjournal.org/","0.795","Q2 (Epidemiology; Health Policy; Infectious Diseases; Public Health, Environmental and Occupational Health)","137","No"
"American Journal of Medical Genetics Part A","Development - Genetics; Genetics & Genomics - Medical Genetics","John Wiley & Sons","For-profit","Hybrid","2508","USA","","","https://onlinelibrary.wiley.com/journal/15524833","0.731","Q2 (Genetics)","141","No"
"American Journal of Medical Genetics Part B: Neuropsychiatric Genetics","Genetics & Genomics - Medical Genetics","John Wiley & Sons","For-profit","Hybrid","1849","USA","","","https://onlinelibrary.wiley.com/journal/1552485X","0.74","Q2 (Psychiatry and Mental Health)","142","No"
"American Journal of Medical Genetics Part C: Seminars in Medical Genetics","Genetics & Genomics - Medical Genetics","John Wiley & Sons","For-profit","Hybrid","1695","USA","","","https://onlinelibrary.wiley.com/journal/15524876","1.201","Q2 (Genetics)","122","No"
"American Journal of Perinatology","Development - Perinatology and Birth Defects/Teratology","Thieme Group","For-profit","OA","2976","Germany","","","https://www.thieme-connect.com/products/ejournals/journal/10.1055/s-00000009","0.615","Q2 (Obstetrics and Gynecology; Pediatrics, Perinatology and Child Health)","89","No"
"American Journal of Physiology - Cell Physiology","Anatomy & Physiology - Physiology; Molecular & Cellular Biology - Cell Biology and Developmental Biology","American Physiological Society (APS)","Non-profit","Hybrid","780","USA","American Physiological Society","Society/Association","https://journals.physiology.org/journal/ajpcell","1.822","Q1 (Cell Biology; Physiology)","211","No"
"American Journal of Physiology - Endocrinology and Metabolism","Anatomy & Physiology - Physiology; Molecular & Cellular Biology - Biochemistry and Molecular Biology","American Physiological Society (APS)","Non-profit","Hybrid","823","USA","American Physiological Society","Society/Association","https://journals.physiology.org/journal/ajpendo","1.505","Q1 (Endocrinology, Diabetes and Metabolism; Physiology)","237","No"
"American Journal of Physiology - Gastrointestinal and Liver Physiology","Anatomy & Physiology - Physiology","American Physiological Society (APS)","Non-profit","Hybrid","3694","USA","American Physiological Society","Society/Association","https://journals.physiology.org/journal/ajpgi","1.154","Q1 (Gastroenterology; Physiology)","203","No"
"American Journal of Physiology - Heart and Circulatory Physiology","Anatomy & Physiology - Physiology","American Physiological Society (APS)","Non-profit","Hybrid","3064","USA","American Physiological Society","Society/Association","https://journals.physiology.org/journal/ajpheart","1.383","Q1 (Cardiology and Cardiovascular Medicine; Physiology)","235","No"
"American Journal of Physiology - Lung Cellular and Molecular Physiology","Anatomy & Physiology - Physiology; Molecular & Cellular Biology - Biochemistry and Molecular Biology","American Physiological Society (APS)","Non-profit","Hybrid","1549","USA","American Physiological Society","Society/Association","https://journals.physiology.org/journal/ajplung","1.407","Q1 (Physiology; Pulmonary and Respiratory Medicine)","190","No"
"American Journal of Physiology - Regulatory, Integrative and Comparative Physiology","Anatomy & Physiology - Physiology","American Physiological Society (APS)","Non-profit","Hybrid","3189","USA","American Physiological Society","Society/Association","https://journals.physiology.org/journal/ajpregu","0.902","Q2 (Physiology)","206","No"
"American Journal of Physiology - Renal Physiology","Anatomy & Physiology - Physiology","American Physiological Society (APS)","Non-profit","","","USA","American Physiological Society","Society/Association","https://journals.physiology.org/journal/ajprenal","","","","No"
"American Journal of Primatology","Ecology & Evolution - Zoology","John Wiley & Sons","For-profit associated with a society","Hybrid","2844","USA","The American Society of Primatologists","Society/Association","https://onlinelibrary.wiley.com/journal/10982345","0.512","Q2 (Animal Science and Zoology; Ecology, Evolution, Behavior and Systematics)","99","No"
"American Journal of Psychiatry","Neurosciences - Clinical Neuroscience","American Psychiatric Association","Non-profit","Hybrid","2812","USA","American Psychiatric Association","Society/Association","https://psychiatryonline.org/journal/ajp","4.082","Q1 (Psychiatry and Mental Health)","418","No"
"American Journal of Reproductive Immunology","Development - Reproduction; Immunology - Reproductive Immunology","John Wiley & Sons","For-profit","Hybrid","3212","USA","","","https://onlinelibrary.wiley.com/journal/16000897","0.722","Q2 (Obstetrics and Gynecology; Reproductive Medicine)","123","No"
"American Journal of Respiratory Cell and Molecular Biology","Molecular & Cellular Biology - Biochemistry and Molecular Biology","American Thoracic Society","Non-profit","Hybrid","1083","USA","American Thoracic Society","Society/Association","https://www.atsjournals.org/journal/ajrcmb","1.863","Q1 (Cell Biology; Clinical Biochemistry; Molecular Biology; Pulmonary and Respiratory Medicine)","187","No"
"American Journal of Rhinology and Allergy","Immunology - Allergy and Hypersensitivity","Sage Publishing","For-profit","","","USA","","","https://journals.sagepub.com/home/ajr","0.985","Q1 (Medicine; Otorhinolaryngology)","96","No"
"American Journal of Speech and Language Pathology","Neurosciences - Cognitive Neuroscience","American Speech-Language-Hearing Association (ASHA)","Non-profit","Hybrid","1857","USA","American Speech-Language-Hearing Association (ASHA)","Society/Association","https://pubs.asha.org/journal/ajslp","0.854","Q1 (Linguistics and Language; Otorhinolaryngology; Speech and Hearing)","98","No"
"American Journal of Transplantation","Immunology - Transplant Immunology","Elsevier","For-profit associated with a society","Hybrid","3418","Netherlands","American Society of Transplantation; American Society of Transplant Surgeons","Society/Association","https://www.amjtransplant.org/","3.01","Q1 (Immunology and Allergy; Pharmacology; Transplantation)","238","No"
"American Naturalist","Ecology & Evolution - Generalist","University of Chicago Press","University Press associated with a society","Hybrid","4713","USA","American Society of Naturalists","Society/Association","https://www.journals.uchicago.edu/toc/an/current","1.18","Q1 (Ecology, Evolution, Behavior and Systematics)","242","No"
"Amino Acids","Molecular & Cellular Biology - Biochemistry and Molecular Biology","Springer Nature","For-profit","OA","2253","Austria","","","https://link.springer.com/journal/726","0.821","Q1 (Organic Chemistry)","153","No"
"Amphibia-Reptilia","Ecology & Evolution - Zoology","De Gruyter Brill","For-profit associated with a society","Hybrid","1977","Germany / Netherlands","Societas Europaea Herpetologica","Society/Association","https://brill.com/view/journals/amre/amre-overview.xml","0.408","Q2 (Animal Science and Zoology; Ecology, Evolution, Behavior and Systematics)","56","No"
"Amyloid","Neurosciences - Clinical Neuroscience","Taylor & Francis Group","For-profit associated with a society","Hybrid","3493","UK","International Society of Amyloidosis","Society/Association","https://www.tandfonline.com/journals/iamy20","2.194","Q1 (Internal Medicine; Medicine)","82","No"
"Amyotrophic Lateral Sclerosis and Frontotemporal Degeneration","Neurosciences - Clinical Neuroscience","Taylor & Francis Group","For-profit associated with a society","Hybrid","2077","UK","World Federation of Neurology Research Group","","https://www.tandfonline.com/journals/iafd20","0.99","Q1 (Medicine)","93","No"
"Anaerobe","Molecular & Cellular Biology - Microbiology and Infectious Diseases","Elsevier","For-profit associated with a society","Hybrid","2210","Netherlands","Anaerobe Society of the Americas","Society/Association","https://www.sciencedirect.com/journal/anaerobe","0.858","Q2 (Infectious Diseases; Microbiology)","106","No"
"Anais da Academia Brasileira de Ciencias","Generalist","The Brazilian Academy of Sciences (BAS)","Non-profit","OA diamond","0","Brazil","","","https://www.scielo.br/j/aabc/","0.317","Q2 (Multidisciplinary)","81","No"
"Analytical Biochemistry","Molecular & Cellular Biology - Biochemistry and Molecular Biology","Elsevier","For-profit","Hybrid","3227","Netherlands","","","https://www.sciencedirect.com/journal/analytical-biochemistry","0.487","Q3 (Biochemistry; Biophysics; Molecular Biology)","212","No"
"Analytical Cellular Pathology","Molecular & Cellular Biology - Cell Biology and Developmental Biology","John Wiley & Sons","For-profit","OA","1343","UK","","","https://onlinelibrary.wiley.com/journal/2641","0.709","Q2 (Medicine; Pathology and Forensic Medicine)","41","No"
"Analytical Chemistry","Molecular & Cellular Biology - Biochemistry and Molecular Biology","American Chemical Society (ACS)","Non-profit","Hybrid","3448","USA","American Chemical Society (ACS)","Society/Association","https://pubs.acs.org/journal/ancham","1.358","Q1 (Analytical Chemistry)","390","No"
"Anatomical Science International","Anatomy & Physiology - Anatomy","Springer Nature","For-profit associated with a society","Hybrid","2662","Germany / UK","Japanese Association of Anatomists","Society/Association","https://link.springer.com/journal/12565","0.469","Q2 (Anatomy)","49","No"
"Anatomical Sciences Education","Anatomy & Physiology - Anatomy","John Wiley & Sons","For-profit associated with a society","Hybrid","2718","USA","American Association for Anatomy","Society/Association","https://anatomypubs.onlinelibrary.wiley.com/journal/19359780?journalRedirectCheck=true","1.1","Q1 (Anatomy; Embryology; Histology; Medicine)","83","No"
"Andrologia","Anatomy & Physiology - Endocrinology","John Wiley & Sons","For-profit","Hybrid","2500","USA","","","https://onlinelibrary.wiley.com/journal/and","0.609","Q2 (Medicine; Urology)","84","No"
"Andrology","Anatomy & Physiology - Endocrinology","John Wiley & Sons","For-profit associated with a society","Hybrid","3147","USA","American Society of Andrology; European Academy of Andrology","Society/Association","https://onlinelibrary.wiley.com/journal/20472927","1.15","Q1 (Reproductive Medicine; Urology)","85","No"
"Angiogenesis","Cancer - Generalist","Springer Nature","For-profit","Hybrid","1601","Germany / UK","","","https://link.springer.com/journal/10456","2.713","Q1 (Cancer Research; Clinical Biochemistry; Physiology)","111","No"
"Angiology","Cancer - Hematopoietic and Cardiovascular Cancer","Sage Publishing","For-profit","Hybrid","285","USA","","","https://journals.sagepub.com/home/ang","0.715","Q2 (Cardiology and Cardiovascular Medicine)","82","No"
"Animal","Ecology & Evolution - Zoology","Elsevier","For-profit associated with a society","OA","1547","Netherlands","British Society of Animal Science / European Association for Animal Production / Institut National de Recherche pour l'Agriculture l'Alimentation et l'Environnement","Society/Association","https://bsas.org.uk/publications/animal","1.069","Q1 (Animal Science and Zoology)","143","PCI friendly"
"Animal Behaviour","Ecology & Evolution - Zoology","Elsevier","For-profit associated with a society","Hybrid","493","Netherlands","Association for the Study of Animal Behaviour","Society/Association","https://www.journals.elsevier.com/animal-behaviour","0.849","Q1 (Animal Science and Zoology; Ecology, Evolution, Behavior and Systematics)","202","No"
"Animal Biodiversity and Conservation","Ecology & Evolution - Applied Ecology","Museu de Ciencies Naturals de Barcelona","Non-profit","OA diamond","0","Spain","Museu de Ciencies Naturals de Barcelona","University/Government","https://abc.museucienciesjournals.cat/about/?lang=en","0.343","Q3 (Animal Science and Zoology; Nature and Landscape Conservation)","43","No"
"Animal Cognition","Neurosciences - Cognitive Neuroscience","Springer Nature","For-profit","OA","3166","Germany","","","https://link.springer.com/journal/10071","0.634","Q2 (Ecology, Evolution, Behavior and Systematics; Experimental and Cognitive Psychology)","100","No"
"Animal Conservation","Ecology & Evolution - Applied Ecology","John Wiley & Sons","For-profit associated with a society","Hybrid","2610","USA","Zoological Society of London","Society/Association","https://zslpublications.onlinelibrary.wiley.com/journal/14691795","1.017","Q1 (Ecology; Nature and Landscape Conservation)","104","No"
"Animal Genetics","Genetics & Genomics - Genetics","John Wiley & Sons","For-profit","Hybrid","2970","USA","","","https://onlinelibrary.wiley.com/journal/13652052","0.526","Q2 (Animal Science and Zoology)","99","No"
"Animal Reproduction Science","Development - Reproduction","Elsevier","For-profit","Hybrid","2372","Netherlands","","","https://www.sciencedirect.com/journal/animal-reproduction-science","0.697","Q1 (Animal Science and Zoology; Food Animals)","129","No"
"Annales Botanici Fennici","Ecology & Evolution - Botany; Plants - Generalist","Finnish Zoological and Botanical Publishing Board","Non-profit","Hybrid","","Finland","Finnish Zoological and Botanical Publishing Board","University/Government","https://bioone.org/journals/annales-botanici-fennici","0.311","Q3 (Ecology, Evolution, Behavior and Systematics; Plant Science)","42","No"
"Annales de Biologie Clinique","Generalist - Clinical/Medicine","John Libbey Eurotext","For-profit associated with a society","OA","400","France","Société Française de Biologie Clinique (SFBC)","Society/Association","https://www.jle.com/fr/revues/abc/revue.phtml","0.21","Q4 (Biochemistry, Genetics and Molecular Biology; Immunology and Microbiology; Medicine)","32","No"
"Annales de la Societe Entomologique de France","Ecology & Evolution - Zoology","Taylor & Francis Group","For-profit associated with a society","Hybrid","","UK","Societe Entomologique de France","Society/Association","https://www.tandfonline.com/toc/tase20/current","0.409","Q2 (Ecology, Evolution, Behavior and Systematics; Insect Science)","42","No"
"Annales d'Endocrinologie","Anatomy & Physiology - Endocrinology","Elsevier","For-profit associated with a society","Hybrid","1834","Netherlands","French Society of Endocrinology (SFE)","Society/Association","https://www.sciencedirect.com/journal/annales-dendocrinologie","0.842","Q2 (Endocrinology; Endocrinology, Diabetes and Metabolism; Medicine)","53","No"
"Annales Médico-Psychologiques","Neurosciences - Clinical Neuroscience","Elsevier","For-profit associated with a society","Hybrid","2300","Netherlands","Société médico-psychologique","Society/Association","https://www.em-consulte.com/revue/AMEPSY/presentation/annales-medico-psychologiques","0.2","Q2 (Arts and Humanities)","28","No"
"Annales Zoologici","Ecology & Evolution - Zoology","Museum and Institute of Zoology / Polish Academy of Sciences","Non-profit","Hybrid","602","Poland","Museum and Institute of Zoology / Polish Academy of Sciences","University/Government","https://miiz.waw.pl/en/26-wydawnictwa/annales-zoologici/173-azedt","0.38","Q3 (Ecology, Evolution, Behavior and Systematics)","34","No"
"Annales Zoologici Fennici","Ecology & Evolution - Zoology","Finnish Zoological and Botanical Publishing Board","Non-profit","Hybrid","","Finland","Finnish Zoological and Botanical Publishing Board","University/Government","https://bioone.org/journals/annales-zoologici-fennici/scope-and-details","0.197","Q4 (Animal Science and Zoology; Ecology; Ecology, Evolution, Behavior and Systematics; Nature and Landscape Conservation)","66","No"
"Annals of Allergy, Asthma and Immunology","Immunology - Allergy and Hypersensitivity","Elsevier","For-profit associated with a society","Hybrid","2665","Netherlands","American College of Allergy, Asthma & Immunology","","https://www.annallergy.org/","1.191","Q1 (Pulmonary and Respiratory Medicine)","137","No"
"Annals of Anatomy","Anatomy & Physiology - Anatomy; Ecology & Evolution - Zoology","Elsevier","For-profit associated with a society","Hybrid","2548","Netherlands","Anatomische Gesellschaft","Society/Association","https://www.sciencedirect.com/journal/annals-of-anatomy-anatomischer-anzeiger","0.529","Q2 (Anatomy; Medicine)","71","No"
"Annals of Applied Probability","Generalist - Mathematical Biology","Institute of Mathematical Statistics","Non-profit","Hybrid","921","USA","Institute of Mathematical Statistics","Non-profit","https://imstat.org/journals-and-publications/annals-of-applied-probability/","1.641","Q1 (Statistics and Probability; Statistics, Probability and Uncertainty)","98","No"
"Annals of Botany","Ecology & Evolution - Botany; Plants - Generalist","Oxford University Press (OUP)","University Press","Hybrid","2955","UK","The Annals of Botany Company","Non-profit","https://academic.oup.com/aob","1.292","Q1 (Plant Science)","224","No"
"Annals of Clinical and Translational Neurology","Neurosciences - Clinical Neuroscience","John Wiley & Sons","For-profit associated with a society","OA","3357","USA","American Neurological Association","Society/Association","https://onlinelibrary.wiley.com/journal/23289503","1.645","Q1 (Neurology; Neuroscience)","84","No"
"Annals of Clinical Biochemistry","Molecular & Cellular Biology - Biochemistry and Molecular Biology","Sage Publishing","For-profit associated with a society","","","USA","Association for Laboratory Medicine","Society/Association","https://journals.sagepub.com/home/acb","0.53","Q2 (Medicine)","97","No"
"Annals of Clinical Microbiology and Antimicrobials","Immunology - Immunopathology","Springer Nature (BioMed Central)","For-profit","OA","2856","UK","","","https://ann-clinmicrob.biomedcentral.com/","1.19","Q1 (Infectious Diseases; Medicine; Microbiology)","80","No"
"Annals of Epidemiology","Immunology - Epidemiology","Elsevier","For-profit associated with a society","Hybrid","3110","Netherlands","American College of Epidemiology","","https://www.sciencedirect.com/journal/annals-of-epidemiology","0.979","Q2 (Epidemiology)","150","No"
"Annals of Forest Science","Ecology & Evolution - Applied Ecology","Springer Nature","For-profit associated with a society","OA","1788","UK","Institut National de Recherche pour l'Agriculture l'Alimentation et l'Environnement","University/Government","https://annforsci.biomedcentral.com/","0.874","Q1 (Ecology; Forestry)","98","PCI friendly"
"Annals of General Psychiatry","Neurosciences - Clinical Neuroscience","Springer Nature (BioMed Central)","For-profit associated with a society","OA","2693","UK","International Society of Neurobiology and Psychopharmacology http://www.psychiatry.gr/","Society/Association","https://annals-general-psychiatry.biomedcentral.com/","1.482","Q1 (Psychiatry and Mental Health)","67","No"
"Annals of Human Genetics","Genetics & Genomics - Generalist","John Wiley & Sons","For-profit","Hybrid","2007","USA","","","https://onlinelibrary.wiley.com/journal/14691809","0.605","Q3 (Genetics)","81","No"
"Annals of Medicine","Generalist - Clinical/Medicine","Taylor & Francis Group","For-profit","OA","3008","UK","","","https://www.tandfonline.com/journals/iann20","1.302","Q1 (Medicine)","137","No"
"Annals of Neurology","Neurosciences - Clinical Neuroscience","John Wiley & Sons","For-profit associated with a society","Hybrid","3050","USA","American Neurological Association and the Child Neurology Society","Society/Association","https://onlinelibrary.wiley.com/journal/15318249","3.247","Q1 (Neurology)","350","No"
"Annals of Neurosciences","Neurosciences - Generalist","Sage Publishing","For-profit associated with a society","OA","","USA","Indian Academy of Neuro-sciences","University/Government","https://journals.sagepub.com/home/aona","0.532","Q3 (Neuroscience)","35","No"
"Annals of Nutrition and Metabolism","Anatomy & Physiology - Nutrition","Karger Publishers","For-profit","Hybrid","2408","Switzerland","","","https://karger.com/ANM","0.527","Q2 (Medicine)","111","No"
"Annals of Oncology","Cancer - Generalist","Elsevier","For-profit associated with a society","Hybrid","4200","UK","European Society for Medical Oncology; Japanese Society of Medical Oncology,","Society/Association","https://academic.oup.com/annonc","21.715","Q1 (Hematology; Medicine; Oncology)","331","No"
"Annals of Pharmacotherapy","Molecular & Cellular Biology - Pharmacology and Toxicology","Sage Publishing","For-profit","","","USA","","","https://journals.sagepub.com/home/aop","0.815","Q2 (Medicine; Pharmacology)","129","No"
"Annals of Science","Generalist - History/Philosophy of Biology","Taylor & Francis Group","For-profit","Hybrid","1229","UK","","","https://www.tandfonline.com/journals/tasc20","0.152","Q3 (History and Philosophy of Science)","26","No"
"Annals of the Entomological Society of America","Ecology & Evolution - Zoology","Oxford University Press (OUP)","University Press associated with a society","Hybrid","","UK","Entomological Society of America","Society/Association","https://academic.oup.com/aesa","0.709","Q1 (Insect Science)","89","No"
"Annals of the New York Academy of Sciences","Generalist","John Wiley & Sons","For-profit associated with a society","Hybrid","3054","USA","The New York Academy of Sciences","","https://nyaspubs.onlinelibrary.wiley.com/journal/17496632","1.35","Q1 (Biochemistry, Genetics and Molecular Biology; History and Philosophy of Science; Neuroscience)","312","No"
"Annals of Transplantation","Immunology - Transplant Immunology","International Scientific Information Inc.","For-profit","OA","1855","USA","","","https://annalsoftransplantation.com/","0.484","Q2 (Transplantation)","47","No"
"Annual Review of Animal Biosciences","Ecology & Evolution - Zoology; Generalist","Annual Reviews","Non-profit","Subscription","","USA","Annual Reviews","Non-profit","https://www.annualreviews.org/content/journals/animal","3.068","Q1 (Animal Science and Zoology; Biotechnology; Genetics; Veterinary)","74","No"
"Annual Review of Biochemistry","Molecular & Cellular Biology - Biochemistry and Molecular Biology","Annual Reviews","Non-profit","Subscription","","USA","","","https://www.annualreviews.org/content/journals/biochem","11.213","Q1 (Biochemistry)","342","No"
"Annual Review of Cancer Biology","Cancer - Generalist","Annual Reviews","Non-profit","OA","","USA","Annual Reviews","Non-profit","https://www.annualreviews.org/content/journals/cancerbio","2.724","Q1 (Cancer Research; Cell Biology; Oncology)","44","No"
"Annual Review of Cell and Developmental Biology","Development - Molecular and Cellular development; Molecular & Cellular Biology - Microbiology and Infectious Diseases","Annual Reviews","Non-profit","OA","","USA","-","","https://www.annualreviews.org/journal/cellbio","7.701","Q1 (Cell Biology; Developmental Biology)","255","No"
"Annual Review of Clinical Psychology","Neurosciences - Clinical Neuroscience","Annual Reviews","Non-profit","","","USA","Annual Reviews","Non-profit","https://www.annualreviews.org/content/journals/clinpsy","6.482","Q1 (Clinical Psychology; Medicine; Psychiatry and Mental Health)","166","No"
"Annual Review of Developmental Psychology","Development - Neuroscience; Neurosciences - Developmental Neuroscience","Annual Reviews","Non-profit","Subscription","","USA","Annual Reviews","Non-profit","https://www.annualreviews.org/content/journals/devpsych","","","","No"
"Annual Review of Ecology, Evolution, and Systematics","Ecology & Evolution - Generalist","Annual Reviews","Non-profit","Subscription","","USA","Annual Reviews","Non-profit","https://www.annualreviews.org/content/journals/ecolsys","5.205","Q1 (Ecology; Ecology, Evolution, Behavior and Systematics)","263","No"
"Annual Review of Entomology","Ecology & Evolution - Zoology","Annual Reviews","Non-profit","Hybrid","851","USA","Annual Reviews","Non-profit","https://www.annualreviews.org/journal/ento","3.817","Q1 (Ecology, Evolution, Behavior and Systematics; Insect Science)","254","No"
"Annual Review of Genetics","Ecology & Evolution - Genetics; Genetics & Genomics - Generalist","Annual Reviews","Non-profit","Subscription","","USA","Annual Reviews","Non-profit","https://www.annualreviews.org/journal/genet","5.472","Q1 (Genetics)","214","No"
"Annual Review of Genomics and Human Genetics","Ecology & Evolution - Genetics; Genetics & Genomics - Human Genetics","Annual Reviews","Non-profit","Subscription","","USA","Annual Reviews","Non-profit","https://www.annualreviews.org/content/journals/genom","4.063","Q1 (Genetics; Molecular Biology)","140","No"
"Annual Review of Immunology","Immunology - Generalist/Classical Immunology","Annual Reviews","Non-profit","Hybrid","","USA","Annual Reviews","Non-profit","https://www.annualreviews.org/journal/immunol","16.066","Q1 (Immunology; Immunology and Allergy)","349","No"
"Annual Review of Linguistics","Neurosciences - Cognitive Neuroscience","Annual Reviews","Non-profit","Subscription","","USA","Annual Reviews","Non-profit","https://www.annualreviews.org/content/journals/linguistics","1.824","Q1 (Linguistics and Language)","42","No"
"Annual Review of Microbiology","Molecular & Cellular Biology - Microbiology and Infectious Diseases","Annual Reviews","Non-profit","","","USA","","","https://www.annualreviews.org/content/journals/micro","5.052","Q1 (Medicine; Microbiology)","229","No"
"Annual Review of Neuroscience","Neurosciences - Generalist","Annual Reviews","Non-profit","Subscription","","USA","Annual Reviews","Non-profit","https://www.annualreviews.org/content/journals/neuro","7.549","Q1 (Neuroscience)","278","No"
"Annual Review of Nutrition","Anatomy & Physiology - Nutrition","Annual Reviews","Non-profit","","","USA","Annual Reviews","Non-profit","https://www.annualreviews.org/content/journals/nutr","5.05","Q1 (Medicine; Nutrition and Dietetics)","190","No"
"Annual Review of Pathology: Mechanisms of Disease","Immunology - Immunopathology","Annual Reviews","Non-profit","","","USA","Annual Reviews","Non-profit","https://www.annualreviews.org/content/journals/pathmechdis","12.06","Q1 (Medicine; Pathology and Forensic Medicine; Plant Science)","162","No"
"Annual Review of Pharmacology and Toxicology","Molecular & Cellular Biology - Pharmacology and Toxicology","Annual Reviews","Non-profit","Hybrid","4247","USA","","","https://www.annualreviews.org/content/journals/pharmtox","4.927","Q1 (Pharmacology; Toxicology)","240","No"
"Annual Review of Physiology","Anatomy & Physiology - Physiology","Annual Reviews","Non-profit","","","USA","Annual Reviews","Non-profit","https://www.annualreviews.org/content/journals/physiol","7.966","Q1 (Physiology)","252","No"
"Annual Review of Phytopathology","Plants - Pathology","Annual Reviews","Non-profit","Hybrid","4383","USA","","","https://www.annualreviews.org/content/journals/phyto","3.544","Q1 (Medicine; Plant Science)","204","No"
"Annual Review of Plant Biology","Plants - Generalist","Annual Reviews","Non-profit","OA","","USA","","","https://www.annualreviews.org/content/journals/arplant","9.949","Q1 (Cell Biology; Molecular Biology; Physiology; Plant Science)","320","No"
"Annual Review of Psychology","Neurosciences - Cognitive Neuroscience","Annual Reviews","Non-profit","Subscription","","USA","Annual Reviews","Non-profit","https://www.annualreviews.org/content/journals/psych","12.936","Q1 (Psychology)","315","No"
"Annual Review of Statistics and its Application","Generalist - Statistics","Annual Reviews","Non-profit","","","USA","Annual Reviews","Non-profit","https://www.annualreviews.org/content/journals/statistics","3.491","Q1 (Statistics and Probability; Statistics, Probability and Uncertainty)","53","No"
"Annual Review of Virology","Immunology - Virology","Annual Reviews","Non-profit","","","USA","Annual Reviews","Non-profit","https://www.annualreviews.org/content/journals/virology","3.654","Q1 (Virology)","79","No"
"Annual Review of Vision Science","Neurosciences - Sensory Neuroscience","Annual Reviews","Non-profit","Subscription","","USA","Annual Reviews","Non-profit","https://www.annualreviews.org/content/journals/vision","2.223","Q1 (Medicine; Neurology; Ophthalmology)","54","No"
"Anti-Cancer Drugs","Cancer - Treatment","Wolters Kluwer (Lippincott)","For-profit","Hybrid","2789","Netherlands / USA","","","https://journals.lww.com/anti-cancerdrugs/pages/currenttoc.aspx","0.506","Q3 (Oncology; Pharmacology)","106","No"
"Antimicrobial Agents and Chemotherapy","Cancer - Treatment; Molecular & Cellular Biology - Microbiology and Infectious Diseases","American Society for Microbiology (ASM)","Non-profit","Hybrid","3154","USA","American Society for Microbiology (ASM)","Society/Association","https://journals.asm.org/journal/aac","1.473","Q1 (Infectious Diseases; Pharmacology)","309","No"
"Antimicrobial Resistance and Infection Control","Immunology - Immunopathology","Springer Nature (BioMed Central)","For-profit associated with a society","OA","2412","UK","International Conference for Prevention and Infection Control (ICPIC); Asia Pacific Society of Infection Control (APSIC); Infection Control Africa Network (ICAN)","Society/Association","https://aricjournal.biomedcentral.com/","1.306","Q1 (Infectious Diseases; Microbiology; Pharmacology; Public Health, Environmental and Occupational Health)","87","No"
"Antioxidants and Redox Signaling","Molecular & Cellular Biology - Biochemistry and Molecular Biology","Sage Publishing (Mary Ann Liebert)","For-profit","Hybrid","3600","USA","","","https://home.liebertpub.com/publications/antioxidants-and-redox-signaling/4/overview","1.82","Q1 (Biochemistry; Cell Biology; Clinical Biochemistry; Medicine; Molecular Biology; Physiology)","252","No"
"Antiviral Research","Immunology - Virology","Elsevier","For-profit associated with a society","Hybrid","3424","Netherlands","International Society for Antiviral Research","Society/Association","https://www.sciencedirect.com/journal/antiviral-research","1.353","Q1 (Pharmacology; Virology)","162","No"
"Antiviral Therapy","Immunology - Virology","Sage Publishing","For-profit","OA","2653","USA","","","https://journals.sagepub.com/home/avta","0.836","Q2 (Infectious Diseases; Pharmacology)","96","No"
"AOB Plants","Ecology & Evolution - Plants; Plants - Generalist","Oxford University Press (OUP)","University Press","OA","572","UK","The Annals of Botany Company","Non-profit","https://academic.oup.com/aobpla/?login=true","0.782","Q1 (Plant Science)","69","No"
"Aphasiology","Neurosciences - Clinical Neuroscience","Taylor & Francis Group","For-profit","Hybrid","1346","UK","","","https://www.tandfonline.com/journals/paph20","0.706","Q1 (Linguistics and Language; LPN and LVN; Otorhinolaryngology)","88","No"
"Apidologie","Ecology & Evolution - Zoology","Springer Nature","For-profit associated with a society","Hybrid","2265","Germany / UK","Institut National de Recherche pour l'Agriculture l'Alimentation et l'Environnement / Deutscher Imkerbund","University/Government","https://link.springer.com/journal/13592","0.573","Q2 (Insect Science)","110","No"
"Apoptosis","Molecular & Cellular Biology - Cell Biology and Developmental Biology","Springer Nature","For-profit","Hybrid","4220","Germany / UK","","","https://link.springer.com/journal/10495","2.242","Q1 (Biochemistry; Cancer Research; Cell Biology; Clinical Biochemistry; Pharmaceutical Science; Pharmacology)","138","No"
"Appetite","Anatomy & Physiology - Nutrition","Elsevier","For-profit","Hybrid","3614","Netherlands","","","https://www.sciencedirect.com/journal/appetite","1.057","Q1 (Nutrition and Dietetics; Psychology)","205","No"
"Applications in Plant Sciences","Ecology & Evolution - Plants; Plants - Generalist","John Wiley & Sons","For-profit associated with a society","OA","1544","USA","Botanical Society of America","Society/Association","https://bsapubs.onlinelibrary.wiley.com/journal/21680450","0.889","Q1 (Ecology, Evolution, Behavior and Systematics; Plant Science)","51","No"
"Applied and Environmental Microbiology","Molecular & Cellular Biology - Microbiology and Infectious Diseases","American Society for Microbiology (ASM)","Non-profit","Hybrid","1744","USA","American Society for Microbiology (ASM)","Society/Association","https://journals.asm.org/journal/aem","1.203","Q1 (Applied Microbiology and Biotechnology; Biotechnology; Ecology; Food Science)","392","No"
"Applied Immunohistochemistry & Molecular Morphology","Immunology - Immunogenetics, Molecular and Cellular Immunology","Wolters Kluwer (Lippincott)","For-profit associated with a society","Hybrid","2633","Netherlands / USA","International Society for Immunohistochemisty and Molecular Morphology","Society/Association","https://journals.lww.com/appliedimmunohist/pages/default.aspx","0.472","Q2 (Medical Laboratory Technology; Pathology and Forensic Medicine)","83","No"
"Applied Neuropsychology: Adult","Neurosciences - Cognitive Neuroscience","Taylor & Francis Group","For-profit","Hybrid","","UK","","","https://www.tandfonline.com/journals/hapn21","0.541","Q3 (Developmental and Educational Psychology; Neuropsychology and Physiological Psychology)","61","No"
"Applied Neuropsychology: Child","Development - Neuroscience; Neurosciences - Developmental Neuroscience","Taylor & Francis Group","For-profit","Hybrid","","UK","","","https://www.tandfonline.com/journals/hapc20","0.516","Q3 (Developmental and Educational Psychology; Neuropsychology and Physiological Psychology)","33","No"
"Applied Physiology, Nutrition, and Metabolism","Anatomy & Physiology - Physiology","Canadian Science Publishing","Non-profit","Hybrid","3173","Canada","","","https://cdnsciencepub.com/journal/apnm","0.756","Q2 (Endocrinology, Diabetes and Metabolism; Medicine; Nutrition and Dietetics; Physiology)","119","No"
"Applied Vegetation Science","Ecology & Evolution - Applied Ecology","John Wiley & Sons","For-profit associated with a society","Hybrid","4058","USA","International Association for Vegetation Science","Society/Association","https://onlinelibrary.wiley.com/journal/1654109x","1.063","Q1 (Ecology; Management, Monitoring, Policy and Law; Nature and Landscape Conservation)","80","No"
"Aquatic Ecosystem Health & Management","Ecology & Evolution - Applied Ecology","Michigan State University Press","University Press associated with a society","Subscription","","USA","Aquatic Ecosystem Health and Management Society","Society/Association","https://msupress.org/journals/aquatic-ecosystem-health-and-management/","0.31","Q3 (Aquatic Science; Ecology; Management, Monitoring, Policy and Law)","53","No"
"Aquatic Living Resources","Ecology & Evolution - Applied Ecology","China Science Publishing & Media (EDP Sciences)","For-profit associated with a society","OA diamond","0","China / France","Institut de Recherche pour le Developpement / Institut Français de Recherche pour l'Exploitation de la Mer","University/Government","https://www.alr-journal.org/","0.544","Q2 (Aquatic Science)","76","PCI friendly"
"Aquatic Toxicology","Molecular & Cellular Biology - Pharmacology and Toxicology","Elsevier","For-profit","Hybrid","3539","Netherlands","","","https://www.sciencedirect.com/journal/aquatic-toxicology","1.297","Q1 (Aquatic Science; Health, Toxicology and Mutagenesis)","179","No"
"Arachnology","Ecology & Evolution - Zoology","British Arachnological Society","Non-profit","Subscription","","UK","British Arachnological Society","Society/Association","https://www.britishspiders.org.uk/arachnology","0.486","Q2 (Ecology, Evolution, Behavior and Systematics; Insect Science)","15","No"
"Archives of Biochemistry and Biophysics","Molecular & Cellular Biology - Biochemistry and Molecular Biology","Elsevier","For-profit","Hybrid","1584","Netherlands","","","https://www.sciencedirect.com/journal/archives-of-biochemistry-and-biophysics","0.909","Q1 (Biophysics)","205","No"
"Archives of Disease in Childhood","Development - Childhood and Adolescence","BMJ Group","Non-profit","Hybrid","2050","UK","","","https://adc.bmj.com/","0.917","Q1 (Pediatrics, Perinatology and Child Health)","176","No"
"Archives of Disease in Childhood: Fetal and Neonatal Edition","Development - Childhood and Adolescence","BMJ Group","Non-profit","Hybrid","2486","UK","","","https://fn.bmj.com/","1.29","Q1 (Medicine; Obstetrics and Gynecology; Pediatrics, Perinatology and Child Health)","142","No"
"Archives of Endocrinology and Metabolism","Anatomy & Physiology - Endocrinology","Brazilian Society of Endocrinology and Metabolism","Non-profit","OA diamond","0","Brazil","","Society/Association","https://www.aem-sbem.com/","0.701","Q3 (Endocrinology, Diabetes and Metabolism)","66","No"
"Archives of Physiology and Biochemistry","Anatomy & Physiology - Physiology; Molecular & Cellular Biology - Biochemistry and Molecular Biology","Taylor & Francis Group","For-profit","","","UK","","","https://www.tandfonline.com/journals/iarp20","0.764","Q2 (Medicine; Physiology)","64","No"
"Archives of Sexual Behavior","Ecology & Evolution - Genetics; Generalist","Springer Nature","For-profit associated with a society","Hybrid","2196","Germany / UK","International Academy of Sex Research","Society/Association","https://link.springer.com/journal/10508","1.006","Q1 (Arts and Humanities; Psychology)","148","No"
"Archives of Toxicology","Immunology - Immunotoxicology; Molecular & Cellular Biology - Pharmacology and Toxicology","Springer Nature","For-profit","Hybrid","2519","Germany / UK","","","https://link.springer.com/journal/204","1.922","Q1 (Health, Toxicology and Mutagenesis; Medicine; Toxicology)","159","No"
"Archives of Virology","Immunology - Virology","Springer Nature","For-profit associated with a society","Hybrid","3445","Germany / UK","International Union of Microbiological Societies; International Committee on Taxonomy of Viruses (ICTV)","Society/Association","https://link.springer.com/journal/705","0.642","Q2 (Medicine; Virology)","141","No"
"Ardea","Ecology & Evolution - Zoology","Netherland Ornithologist Union","Non-profit","Hybrid","","Netherlands","Netherland Ornithologist Union","Society/Association","https://ardea.nou.nu/","0.38","Q2 (Animal Science and Zoology)","55","No"
"Ardeola","Ecology & Evolution - Zoology","SEO/BirdLife","Non-profit","Subscription","","Spain","SEO/BirdLife","Non-profit","https://www.ardeola.org/en/","0.34","Q3 (Animal Science and Zoology; Ecology, Evolution, Behavior and Systematics)","34","No"
"Arthropod-Plant Interactions","Ecology & Evolution - Generalist","Springer Nature","For-profit","Hybrid","2413","Germany / UK","","","https://link.springer.com/journal/11829","0.456","Q2 (Agronomy and Crop Science; Ecology; Ecology, Evolution, Behavior and Systematics; Insect Science)","49","No"
"Arthropod Systematics and Phylogeny","Ecology & Evolution - Zoology","Senckenberg","Non-profit","OA diamond","0","Germany","Senckenberg Gesellschaft fur Naturforschung Dresden","University/Government","https://arthropod-systematics.arphahub.com/","0.738","Q1 (Insect Science)","31","No"
"Arxius de Miscel-Lania Zoologica","Ecology & Evolution - Zoology","Museu de Ciencies Naturals de Barcelona","Non-profit","OA diamond","0","Spain","Museu de Ciencies Naturals de Barcelona","University/Government","https://museucienciesjournals.cat/en/amz/info/que-es","0.168","Q4 (Animal Science and Zoology)","9","No"
"Asian Journal of Andrology","Anatomy & Physiology - Endocrinology","Wolters Kluwer","For-profit associated with a society","Hybrid","1468","China","Shanghai Institute of Materia Medica, Chinese Academy of Sciences and Shanghai Jiao Tong University","University/Government","https://journals.lww.com/ajandrology/pages/default.aspx","0.856","Q1 (Urology)","100","No"
"Asian Journal of Pharmaceutical Sciences","Molecular & Cellular Biology - Pharmacology and Toxicology","Elsevier","For-profit associated with a society","OA diamond","0","Netherlands","Asian Federation for Pharmaceutical Sciences (AFPS); Shenyang Pharmaceutical University","","https://www.sciencedirect.com/journal/asian-journal-of-pharmaceutical-sciences","2.196","Q1 (Pharmaceutical Science; Pharmacology)","87","No"
"Asian Journal of Psychiatry","Neurosciences - Clinical Neuroscience","Elsevier","For-profit","Hybrid","2164","Netherlands","","","https://www.sciencedirect.com/journal/asian-journal-of-psychiatry","1.265","Q1 (Medicine; Psychiatry and Mental Health; Psychology)","78","No"
"ASM Animal Microbiology","Molecular & Cellular Biology - Microbiology and Infectious Diseases","American Society for Microbiology (ASM)","Non-profit","","","USA","American Society for Microbiology (ASM)","Society/Association","https://journals.asm.org/journal/asm-animal-microbiology","","","","No"
"ASN Neuro","Molecular & Cellular Biology - Neuroscience and Neurobiology; Neurosciences - Molecular and Cellular Neuroscience","Taylor & Francis Group","For-profit associated with a society","OA","1276","UK","American Society for Neurochemistry","Society/Association","https://www.tandfonline.com/journals/tasn20","1.322","Q1 (Neurology; Neuroscience)","62","No"
"Attention, Perception, and Psychophysics","Neurosciences - Generalist","Springer Nature","For-profit","Hybrid","2958","Germany","","","https://link.springer.com/journal/13414","0.92","Q1 (Linguistics and Language)","145","No"
"Australasian Journal on Ageing","Anatomy & Physiology - Aging; Development - Aging","John Wiley & Sons","For-profit","Hybrid","2606","USA","","","https://onlinelibrary.wiley.com/journal/17416612","0.641","Q1 (Community and Home Care)","53","No"
"Australasian Psychiatry","Neurosciences - Clinical Neuroscience","Sage Publishing","For-profit associated with a society","Hybrid","3788","USA","The Royal Australasian and New Zealand College of Psychiatrists","","https://journals.sagepub.com/home/apya","0.53","Q3 (Psychiatry and Mental Health)","52","No"
"Austral Ecology","Ecology & Evolution - Applied Ecology","John Wiley & Sons","For-profit associated with a society","Hybrid","2583","USA","Ecological Society of Australia","Society/Association","https://onlinelibrary.wiley.com/journal/14429993","0.602","Q2 (Ecology; Ecology, Evolution, Behavior and Systematics)","104","No"
"Australian and New Zealand Journal of Psychiatry","Neurosciences - Clinical Neuroscience","Sage Publishing","For-profit associated with a society","Hybrid","367","USA","The Royal Australasian and New Zealand College of Psychiatrists","","https://journals.sagepub.com/home/anpa","1.522","Q1 (Medicine; Psychiatry and Mental Health)","146","No"
"Australian Journal of Zoology","Ecology & Evolution - Zoology","CSIRO Publishing","Non-profit","Hybrid","","Australia","Commonwealth Scientific and Industrial Research Organisation","University/Government","https://www.publish.csiro.au/zo","0.324","Q3 (Animal Science and Zoology; Ecology, Evolution, Behavior and Systematics)","53","No"
"Australian Systematic Botany","Ecology & Evolution - Botany; Plants - Generalist","CSIRO Publishing","Non-profit","Hybrid","","Australia","Commonwealth Scientific and Industrial Research Organisation (CSIRO) Publishing","University/Government","https://www.publish.csiro.au/SB","0.663","Q2 (Ecology, Evolution, Behavior and Systematics; Plant Science)","47","No"
"Autism","Neurosciences - Clinical Neuroscience","Sage Publishing","For-profit associated with a society","Hybrid","3546","USA","National Autistic Society","Society/Association","https://journals.sagepub.com/home/aut","1.935","Q1 (Developmental and Educational Psychology)","144","No"
"Autism and Developmental Language Impairments","Development - Neuroscience; Neurosciences - Developmental Neuroscience","Sage Publishing","For-profit","OA","737","USA","-","","https://journals.sagepub.com/home/dlia","0.927","Q2 (Clinical Psychology; Developmental and Educational Psychology; Psychiatry and Mental Health)","27","No"
"Autism Research","Neurosciences - Clinical Neuroscience","John Wiley & Sons","For-profit associated with a society","Hybrid","2651","USA","International Society for Autism Research","Society/Association","https://onlinelibrary.wiley.com/journal/19393806","1.643","Q1 (Genetics; Neurology; Neuroscience)","111","No"
"Autoimmunity","Immunology - Autoimmunity","Taylor & Francis Group","For-profit","Hybrid","2180","USA","","","https://www.tandfonline.com/journals/iaut20","1.035","Q2 (Immunology; Immunology and Allergy)","87","No"
"Autoimmunity Reviews","Immunology - Autoimmunity","Elsevier","For-profit","Hybrid","2689","Netherlands","","","https://www.journals.elsevier.com/autoimmunity-reviews","2.669","Q1 (Immunology; Immunology and Allergy)","170","No"
"Autonomic Neuroscience","Neurosciences - Neurophysiology","Elsevier","For-profit associated with a society","Hybrid","2656","Netherlands","The International Society for Autonomic Neuroscience","Society/Association","https://www.sciencedirect.com/journal/autonomic-neuroscience","1.077","Q1 (Neurology)","100","No"
"Autophagy","Molecular & Cellular Biology - Biochemistry and Molecular Biology","Taylor & Francis Group","For-profit","Hybrid","4882","USA","","","https://www.tandfonline.com/journals/kaup20","4.505","Q1 (Cell Biology; Molecular Biology)","216","No"
"Avocetta","Ecology & Evolution - Zoology","Centro Italiano Studi Ornitologici","Non-profit","OA diamond","0","Italy","Centro Italiano Studi Ornitologici","Non-profit","https://www.avocetta.org/","0.171","Q4 (Animal Science and Zoology; Ecology, Evolution, Behavior and Systematics)","11","No"
"Bangladesh Journal of Zoology","Ecology & Evolution - Zoology","Bangladesh Journals Online","Non-profit","OA diamond","0","Bangladesh","Zoological Society of Bangladesh","Society/Association","https://www.banglajol.info/index.php/BJZ","","","","No"
"Basic and Applied Ecology","Ecology & Evolution - Basic Ecology","Elsevier","For-profit associated with a society","OA","1357","Germany","Ecological Society of Germany / Austria and Switzerland","Society/Association","https://www.journals.elsevier.com/basic-and-applied-ecology","1.225","Q1 (Ecology, Evolution, Behavior and Systematics)","105","No"
"Basic Research in Cardiology","Molecular & Cellular Biology - Cell Biology and Developmental Biology","Springer Nature","For-profit","Hybrid","3645","Germany / UK","","","https://link.springer.com/journal/395","2.891","Q1 (Cardiology and Cardiovascular Medicine; Physiology)","118","No"
"Bee World","Ecology & Evolution - Zoology","Taylor & Francis Group","For-profit associated with a society","Hybrid","","UK","International Bee Research Association","Non-profit","https://www.tandfonline.com/journals/tbee20","","","","No"
"Behavioral and Brain Functions","Neurosciences - Behavioral Neuroscience","Springer Nature (BioMed Central)","For-profit","OA","2350","UK","","","https://behavioralandbrainfunctions.biomedcentral.com/","0.983","Q1 (Medicine)","79","No"
"Behavioral and Brain Sciences","Neurosciences - Behavioral Neuroscience","Cambridge University Press (CUP)","University Press","Subscription","","UK","","","https://www.cambridge.org/core/journals/behavioral-and-brain-sciences","0.6","Q3 (Behavioral Neuroscience; Neuropsychology and Physiological Psychology; Physiology)","189","No"
"Behavioral Ecology","Ecology & Evolution - Applied Ecology","Oxford University Press (OUP)","University Press associated with a society","Hybrid","3940","UK","International Society for Behavioral Ecology","Society/Association","https://academic.oup.com/beheco","0.89","Q1 (Animal Science and Zoology; Ecology, Evolution, Behavior and Systematics)","142","No"
"Behavioral Neuroscience","Neurosciences - Behavioral Neuroscience","American Psychological Association (APA)","Non-profit","Hybrid","3742","USA","American Psychological Association","Society/Association","https://www.apa.org/pubs/journals/bne","0.798","Q2 (Behavioral Neuroscience)","156","No"
"Behavior Genetics","Ecology & Evolution - Genetics; Genetics & Genomics - Genetics","Springer Nature","For-profit associated with a society","Hybrid","2282","Germany / UK","Behavior Genetics Association","Society/Association","https://link.springer.com/journal/10519","0.796","Q1 (Ecology, Evolution, Behavior and Systematics)","110","No"
"Behavioural and Cognitive Psychotherapy","Neurosciences - Clinical Neuroscience","Cambridge University Press (CUP)","University Press associated with a society","Hybrid","2516","UK","The British Association for Behavioural and Cognitive Psychotherapies","Society/Association","https://www.cambridge.org/core/journals/behavioural-and-cognitive-psychotherapy","0.914","Q1 (Medicine)","85","No"
"Behavioural Brain Research","Neurosciences - Behavioral Neuroscience","Elsevier","For-profit","Hybrid","2605","Netherlands","","","https://www.sciencedirect.com/journal/behavioural-brain-research","0.862","Q2 (Behavioral Neuroscience)","206","No"
"Behavioural Neurology","Neurosciences - Behavioral Neuroscience","John Wiley & Sons","For-profit","OA","1674","UK","","","https://onlinelibrary.wiley.com/journal/3037","0.84","Q2 (Medicine; Neurology; Neuropsychology and Physiological Psychology)","66","No"
"Behavioural Pharmacology","Neurosciences - Behavioral Neuroscience","Wolters Kluwer (Lippincott)","For-profit","Hybrid","3199","Netherlands / USA","","","https://journals.lww.com/behaviouralpharm/pages/default.aspx","0.444","Q3 (Pharmacology; Psychiatry and Mental Health)","92","No"
"Belgian Journal of Zoology","Ecology & Evolution - Zoology","Royal Belgian Zoological Society","Non-profit","OA diamond","0","Belgium","Royal Belgian Zoological Society","Society/Association","https://www.belgianjournalofzoology.eu/BJZ","0.238","Q3 (Animal Science and Zoology)","36","PCI friendly"
"Biochemical and Biophysical Research Communications","Generalist","Elsevier","For-profit","Hybrid","3032","Netherlands","","","https://www.sciencedirect.com/journal/biochemical-and-biophysical-research-communications","0.716","Q2 (Biochemistry; Biophysics)","305","No"
"Biochemical Journal","Molecular & Cellular Biology - Biochemistry and Molecular Biology","Portland Press Ltd","Non-profit","Hybrid","2264","UK","The Biochemical Society","Society/Association","https://portlandpress.com/biochemj","1.583","Q1 (Biochemistry; Molecular Biology)","304","No"
"Biochemical Pharmacology","Molecular & Cellular Biology - Pharmacology and Toxicology","Elsevier","For-profit","Hybrid","3799","Netherlands","","","https://www.sciencedirect.com/journal/biochemical-pharmacology","1.687","Q1 (Biochemistry; Pharmacology)","234","No"
"Biochemical Society Transactions","Molecular & Cellular Biology - Biochemistry and Molecular Biology","Portland Press Ltd","Non-profit","Hybrid","3057","UK","The Biochemical Society","Society/Association","https://portlandpress.com/biochemsoctrans","1.818","Q1 (Biochemistry)","171","No"
"Biochemistry","Molecular & Cellular Biology - Biochemistry and Molecular Biology","American Chemical Society (ACS)","Non-profit","Hybrid","4286","USA","American Chemical Society (ACS)","Society/Association","https://pubs.acs.org/journal/bichaw?ref=breadcrumb","1.065","Q2 (Biochemistry)","289","No"
"Biochemistry and Cell Biology","Molecular & Cellular Biology - Biochemistry and Molecular Biology","Canadian Science Publishing","Non-profit","","","Canada","Canadian Science Publishing","Non-profit","https://www.sciencedirect.com/org/journal/biochemistry-and-cell-biology","0.676","Q2 (Biochemistry)","107","No"
"Biochimica et Biophysica Acta (BBA) - Gene Regulatory Mechanisms","Genetics & Genomics - Epigenetics; Molecular & Cellular Biology - Biochemistry and Molecular Biology","Elsevier","For-profit","Hybrid","2733","Netherlands","","","https://www.sciencedirect.com/journal/biochimica-et-biophysica-acta-bba-gene-regulatory-mechanisms","1.069","Q1 (Biophysics)","152","No"
"Biochimica et Biophysica Acta - Bioenergetics","Molecular & Cellular Biology - Biochemistry and Molecular Biology","Elsevier","For-profit","Hybrid","3080","Netherlands","","","https://www.sciencedirect.com/journal/biochimica-et-biophysica-acta-bba-bioenergetics","0.943","Q1 (Biophysics)","203","No"
"Biochimica et Biophysica Acta - Biomembranes","Molecular & Cellular Biology - Biochemistry and Molecular Biology","Elsevier","For-profit","Hybrid","3630","Netherlands","","","https://www.sciencedirect.com/journal/biochimica-et-biophysica-acta-bba-biomembranes","0.744","Q2 (Biochemistry; Biophysics)","228","No"
"Biochimica et Biophysica Acta - Molecular and Cell Biology of Lipids","Molecular & Cellular Biology - Biochemistry and Molecular Biology","Elsevier","For-profit","Hybrid","1950","Netherlands","","","https://www.sciencedirect.com/journal/biochimica-et-biophysica-acta-bba-molecular-and-cell-biology-of-lipids","1.245","Q2 (Cell Biology; Molecular Biology)","191","No"
"Biochimica et Biophysica Acta - Molecular Basis of Disease","Molecular & Cellular Biology - Biochemistry and Molecular Biology","Elsevier","For-profit","Hybrid","3974","Netherlands","","","https://www.sciencedirect.com/journal/biochimica-et-biophysica-acta-bba-molecular-basis-of-disease","1.454","Q1 (Molecular Medicine)","200","No"
"Biochimica et Biophysica Acta - Molecular Cell Research","Molecular & Cellular Biology - Biochemistry and Molecular Biology","Elsevier","For-profit","Hybrid","3665","Netherlands","","","https://www.sciencedirect.com/journal/biochimica-et-biophysica-acta-bba-molecular-cell-research","1.495","Q1 (Molecular Biology)","216","No"
"Biochimica et Biophysica Acta - Reviews on Cancer","Cancer - Generalist","Elsevier","For-profit","Hybrid","2845","Netherlands","","","https://www.sciencedirect.com/journal/biochimica-et-biophysica-acta-bba-reviews-on-cancer","2.882","Q1 (Cancer Research; Genetics; Oncology)","174","No"
"Biochimie","Molecular & Cellular Biology - Biochemistry and Molecular Biology","Elsevier","For-profit associated with a society","Hybrid","1913","Netherlands","Société Française de Biochimie et Biologie Moléculaire","Society/Association","https://www.sciencedirect.com/journal/biochimie","0.978","Q1 (Medicine)","168","No"
"Bioconjugate Chemistry","Molecular & Cellular Biology - Biochemistry and Molecular Biology","American Chemical Society (ACS)","Non-profit","Hybrid","2721","USA","American Chemical Society (ACS)","Society/Association","https://pubs.acs.org/journal/bcches","0.947","Q1 (Organic Chemistry; Pharmaceutical Science)","204","No"
"Biodiversity Information Science and Standards","Ecology & Evolution - Theory","Pensoft Publishers","For-profit associated with a society","OA","","Bulgaria","Biodiversity Information Standards","Society/Association","https://biss.pensoft.net/","","","","No"
"BioDrugs","Molecular & Cellular Biology - Pharmacology and Toxicology","Springer Nature","For-profit","Hybrid","2663","Germany / UK","","","https://link.springer.com/journal/40259","2.628","Q1 (Biotechnology; Medicine; Pharmacology)","90","No"
"Bioelectromagnetics","Generalist","John Wiley & Sons","For-profit associated with a society","Hybrid","2346","USA","The BioEM Society","Society/Association","https://onlinelibrary.wiley.com/journal/1521186x","0.386","Q3 (Biophysics; Medicine; Radiology, Nuclear Medicine and Imaging)","95","No"
"BioEssays","Genetics & Genomics - Generalist; Molecular & Cellular Biology - Miscellaneous / Interdisciplinary","John Wiley & Sons","For-profit","Hybrid","2798","USA","","","https://onlinelibrary.wiley.com/journal/15211878","1.151","Q1 (Biochemistry, Genetics and Molecular Biology)","213","No"
"Bioethics","Generalist - Bioethics","John Wiley & Sons","For-profit","Hybrid","4140","USA","","","https://onlinelibrary.wiley.com/journal/14678519","0.864","Q1 (Health; Philosophy)","75","No"
"Biofactors","Molecular & Cellular Biology - Biochemistry and Molecular Biology","John Wiley & Sons","For-profit associated with a society","Hybrid","3050","USA","International Union of Biochemistry and Molecular Biology (IUBMB)","","https://iubmb.onlinelibrary.wiley.com/journal/18728081","1.361","Q1 (Biochemistry; Clinical Biochemistry; Medicine; Molecular Medicine)","125","No"
"Biogeographia","Ecology & Evolution - Applied Ecology","eScholarship","Non-profit","OA diamond","0","USA","Italian Biogeography Society","Society/Association","https://escholarship.org/uc/biogeographia","0.47","Q2 (Ecology; Ecology, Evolution, Behavior and Systematics)","13","No"
"Biogerontology","Anatomy & Physiology - Aging; Development - Aging","Springer Nature","For-profit","Hybrid","4119","Germany / UK","","","https://link.springer.com/journal/10522","1.206","Q1 (Geriatrics and Gerontology; Gerontology)","100","No"
"Bioinformatics","Ecology & Evolution - Theory; Generalist - Computational Biology","Oxford University Press (OUP)","University Press associated with a society","OA","3908","UK","International Society for Computational Biology","Society/Association","https://academic.oup.com/bioinformatics","2.527","Q1 (Biochemistry; Computational Mathematics; Computational Theory and Mathematics; Computer Science Applications; Molecular Biology; Statistics and Probability)","511","No"
"Bioinformatics Advances","Ecology & Evolution - Theory; Generalist - Computational Biology","Oxford University Press (OUP)","University Press associated with a society","OA","2374","UK","International Society for Computational Biology","Society/Association","https://academic.oup.com/bioinformaticsadvances","1.353","Q1 (Computer Science Applications; Genetics; Structural Biology)","23","No"
"Bioinorganic Chemistry and Applications","Molecular & Cellular Biology - Biochemistry and Molecular Biology","John Wiley & Sons","For-profit","OA","1091","UK","","","https://onlinelibrary.wiley.com/journal/4036","0.816","Q1 (Inorganic Chemistry; Organic Chemistry)","57","No"
"Biological Chemistry","Molecular & Cellular Biology - Biochemistry and Molecular Biology","De Gruyter Brill","For-profit","Hybrid","2737","Germany","","","https://www.degruyterbrill.com/journal/key/bchm/html","1.052","Q1 (Clinical Biochemistry)","137","No"
"Biological Chemistry and Chemical Biology","Molecular & Cellular Biology - Biochemistry and Molecular Biology","American Chemical Society (ACS)","Non-profit","","","USA","American Chemical Society (ACS)","Society/Association","https://pubs.acs.org/biological-chemistry-chemical-biology","","","","No"
"Biological Journal of the Linnean Society","Ecology & Evolution - Genetics","Oxford University Press (OUP)","University Press associated with a society","Hybrid","4675","UK","Linnean Society","Society/Association","https://academic.oup.com/biolinnean","0.565","Q2 (Ecology, Evolution, Behavior and Systematics)","133","No"
"Biological Procedures Online","Generalist - Methods","Springer Nature (BioMed Central)","For-profit","OA","2645","UK","","","https://biologicalproceduresonline.biomedcentral.com/","0.934","Q2 (Biochemistry, Genetics and Molecular Biology)","56","No"
"Biological Psychiatry","Neurosciences - Clinical Neuroscience","Elsevier","For-profit associated with a society","Hybrid","2739","Germany","Society of Biological Psychiatry","Society/Association","https://www.biologicalpsychiatryjournal.com/","3.611","Q1 (Biological Psychiatry)","380","No"
"Biological Psychiatry: Cognitive Neuroscience and Neuroimaging","Neurosciences - Generalist","Elsevier","For-profit associated with a society","Hybrid","2696","Netherlands","Society of Biological Psychiatry","Society/Association","https://www.sciencedirect.com/journal/biological-psychiatry-cognitive-neuroscience-and-neuroimaging","1.758","Q1 (Biological Psychiatry; Cognitive Neuroscience; Neurology; Radiology, Nuclear Medicine and Imaging)","71","No"
"Biological Psychiatry: Global Open Science","Neurosciences - Generalist","Elsevier","For-profit associated with a society","OA","2723","USA","Society of Biological Psychiatry","Society/Association","https://www.sciencedirect.com/journal/biological-psychiatry-global-open-science","1.628","Q1 (Psychiatry and Mental Health)","22","No"
"Biological Research","Generalist","Springer Nature (BioMed Central)","For-profit associated with a society","OA","2366","UK","Chilean Biology Society","Society/Association","https://biolres.biomedcentral.com/","1.369","Q1 (Agricultural and Biological Sciences; Biochemistry, Genetics and Molecular Biology; Medicine)","80","No"
"Biological Reviews","Generalist","John Wiley & Sons","For-profit associated with a society","Hybrid","2316","USA","Cambridge Philosophical Society","Society/Association","https://onlinelibrary.wiley.com/journal/1469185X","4.609","Q1 (Agricultural and Biological Sciences; Biochemistry, Genetics and Molecular Biology)","226","No"
"Biology and Philosophy","Generalist - History/Philosophy of Biology","Springer Nature","For-profit","Hybrid","2235","Germany / UK","","","https://link.springer.com/journal/10539","0.679","Q1 (Agricultural and Biological Sciences; History and Philosophy of Science; Philosophy)","67","No"
"Biology Direct","Generalist","Springer Nature (BioMed Central)","For-profit","OA","2982","UK","","","https://biologydirect.biomedcentral.com/","1.261","Q1 (Agricultural and Biological Sciences; Applied Mathematics; Biochemistry, Genetics and Molecular Biology; Ecology, Evolution, Behavior and Systematics; Modeling and Simulation)","87","No"
"Biology Letters","Generalist","Royal Society","Non-profit","Hybrid","2652","UK","The Royal Society","Society/Association","https://royalsocietypublishing.org/journal/rsbl","0.982","Q1 (Agricultural and Biological Sciences)","148","No"
"Biology of Reproduction","Development - Reproduction","Oxford University Press (OUP)","University Press","Hybrid","4057","UK","-","","https://academic.oup.com/biolreprod","0.983","Q1 (Medicine; Reproductive Medicine)","214","No"
"Biology of the Cell","Molecular & Cellular Biology - Cell Biology and Developmental Biology","John Wiley & Sons","For-profit associated with a society","Hybrid","2720","USA","Société Française des Microscopies; Société de Biologie Cellulaire de France","Society/Association","https://onlinelibrary.wiley.com/journal/1768322x","0.931","Q1 (Medicine)","99","No"
"Biology Open","Generalist","The Company of Biologists","Non-profit","OA","1938","UK","","","https://journals.biologists.com/bio","0.672","Q1 (Agricultural and Biological Sciences)","64","PCI friendly"
"Biomedical Engineering and Computational Biology","Generalist - Computational Biology","Sage Publishing","For-profit","","","UK","","","https://journals.sagepub.com/home/bec","","","","No"
"Biometals","Molecular & Cellular Biology - Biochemistry and Molecular Biology","Springer Nature","For-profit associated with a society","Hybrid","2618","Germany / UK","International Biometals Society","Society/Association","https://link.springer.com/journal/10534","0.783","Q1 (Agricultural and Biological Sciences; Inorganic Chemistry; Metals and Alloys)","127","No"
"Biometrical Journal","Generalist - Methods","John Wiley & Sons","For-profit","Hybrid","2469","USA","","","https://onlinelibrary.wiley.com/journal/15214036","0.905","Q1 (Medicine; Statistics and Probability; Statistics, Probability and Uncertainty)","83","No"
"Biometrics","Ecology & Evolution - Theory; Generalist - Methods","Oxford University Press (OUP)","For-profit associated with a society","Hybrid","2372","USA","International Biometric Society","Society/Association","https://onlinelibrary.wiley.com/journal/15410420","1.311","Q1 (Agricultural and Biological Sciences; Applied Mathematics; Biochemistry, Genetics and Molecular Biology; Immunology and Microbiology; Medicine; Statistics and Probability)","160","No"
"Biometrika","Generalist - Methods","Oxford University Press (OUP)","University Press","Hybrid","2317","UK","","","https://academic.oup.com/biomet","3.4","Q1 (Agricultural and Biological Sciences; Applied Mathematics; Mathematics; Statistics and Probability; Statistics, Probability and Uncertainty)","142","No"
"Biomicrofluidics","Molecular & Cellular Biology - Structural Biology and Biophysics","American Institute of Physics (AIP) Publishing","Non-profit","Hybrid","2618","USA","","","https://pubs.aip.org/aip/bmf","0.499","Q2 (Condensed Matter Physics; Fluid Flow and Transfer Processes; Materials Science; Physical and Theoretical Chemistry)","86","No"
"Biomolecules and Therapeutics","Molecular & Cellular Biology - Biochemistry and Molecular Biology","The Korean Society of Applied Pharmacology","Non-profit","Hybrid","619","Republic of Korea (South Korea)","The Korean Society of Applied Pharmacology","Society/Association","https://koreascience.kr/journal/OOOMB4/v13n1.do","0.969","Q2 (Biochemistry; Drug Discovery; Molecular Medicine; Pharmacology)","66","No"
"Bioorganic and Medicinal Chemistry","Molecular & Cellular Biology - Biochemistry and Molecular Biology","Elsevier","For-profit","Hybrid","2342","Netherlands","","","https://www.sciencedirect.com/journal/bioorganic-and-medicinal-chemistry","0.582","Q2 (Drug Discovery; Organic Chemistry; Pharmaceutical Science)","198","No"
"Biopharmaceutics & Drug Disposition","Molecular & Cellular Biology - Pharmacology and Toxicology","John Wiley & Sons","For-profit","Hybrid","2709","USA","","","https://onlinelibrary.wiley.com/journal/1099081X","0.54","Q2 (Medicine; Pharmaceutical Science)","72","No"
"Biopolymers","Molecular & Cellular Biology - Structural Biology and Biophysics","John Wiley & Sons","For-profit","Hybrid","2434","USA","","","https://onlinelibrary.wiley.com/journal/10970282","0.444","Q2 (Organic Chemistry)","147","No"
"Biorheology","Generalist - Mathematical Biology; Molecular & Cellular Biology - Cell Biology and Developmental Biology","Sage Publishing (IOS Press)","For-profit","","","Germany / UK","","","https://journals.sagepub.com/home/brha","0.319","Q3 (Physiology)","76","No"
"Bioscience","Generalist","Oxford University Press (OUP)","University Press","Hybrid","5847","UK","","","https://academic.oup.com/bioscience?login=false","2.295","Q1 (Agricultural and Biological Sciences)","258","No"
"Biostatistics","Generalist - Statistics","Oxford University Press (OUP)","University Press","Hybrid","1687","UK","","","https://academic.oup.com/biostatistics?login=false","1.24","Q1 (Medicine; Statistics and Probability; Statistics, Probability and Uncertainty)","100","No"
"Biosystema","Ecology & Evolution - Genetics","Editions Materiologiques","For-profit associated with a society","Subscription","","France","Societe Francaise de Systematique","Society/Association","https://stm.cairn.info/revue-biosystema?lang=fr","","","","No"
"Biota Neotropica","Ecology & Evolution - Applied Ecology","Scielo","Non-profit","OA","425","Brazil","Program BIOTA/FAPESP: The Virtual Institute of Biodiversity","","https://www.biotaneotropica.org.br/","0.356","Q3 (Ecology, Evolution, Behavior and Systematics)","46","No"
"Biotechnologie, Agronomie, Société et Environnement/Biotechnology, Agronomy, Society and Environment (BASE)","Ecology & Evolution - Generalist","Université de Liège","University Press","OA diamond","0","Belgium","Université de Liège","University/Government","https://popups.uliege.be/1780-4507/","0.215","Q3 (Agronomy and Crop Science; Forestry; Geography, Planning and Development)","50","No"
"Biotropica","Ecology & Evolution - Applied Ecology","John Wiley & Sons","For-profit associated with a society","Hybrid","1969","USA","Association for Tropical Biology & Conservation","Society/Association","https://onlinelibrary.wiley.com/journal/17447429","0.645","Q2 (Ecology, Evolution, Behavior and Systematics)","116","No"
"Bipolar Disorders","Neurosciences - Clinical Neuroscience","John Wiley & Sons","For-profit","Hybrid","2120","USA","","","https://onlinelibrary.wiley.com/journal/13995618","1.517","Q1 (Biological Psychiatry; Psychiatry and Mental Health)","150","No"
"Bird Conservation International","Ecology & Evolution - Applied Ecology","Cambridge University Press (CUP)","University Press","Hybrid","406","UK","Bird Life International","Non-profit","https://www.cambridge.org/core/journals/bird-conservation-international","0.565","Q1 (Animal Science and Zoology)","55","No"
"Bird Study","Ecology & Evolution - Zoology","Taylor & Francis Group","For-profit associated with a society","Hybrid","1372","UK","British Trust for Ornithology","Non-profit","https://www.tandfonline.com/toc/tbis20/current","0.389","Q2 (Nature and Landscape Conservation)","60","No"
"Birth Defects Research","Cancer - Development and Oncology; Development - Perinatology and Birth Defects/Teratology","John Wiley & Sons","For-profit associated with a society","Hybrid","3210","USA","Society for Birth Defects Research & Prevention","Society/Association","https://onlinelibrary.wiley.com/journal/24721727","0.56","Q2 (Embryology; Pediatrics, Perinatology and Child Health)","48","No"
"BJPsych Open","Neurosciences - Clinical Neuroscience","Cambridge University Press (CUP)","University Press associated with a society","OA","3354","UK","Royal College of Psychiatrists","","https://www.cambridge.org/core/journals/bjpsych-open","1.265","Q1 (Psychiatry and Mental Health)","56","No"
"Blood Cancer Journal","Cancer - Hematopoietic and Cardiovascular Cancer","Springer Nature","For-profit","OA","4334","Germany","","","https://www.nature.com/bcj/","4.307","Q1 (Hematology; Oncology)","94","No"
"Blood Cells, Molecules, and Diseases","Molecular & Cellular Biology - Cell Biology and Developmental Biology","Elsevier","For-profit","Hybrid","3257","Netherlands","","","https://www.sciencedirect.com/journal/blood-cells-molecules-and-diseases","0.852","Q2 (Hematology; Molecular Biology; Molecular Medicine)","105","No"
"BMB Reports","Molecular & Cellular Biology - Biochemistry and Molecular Biology","Korean Society for Microbiology and Biotechnology (KSBMB)","Non-profit","OA","1234","Republic of Korea (South Korea)","Korean Society for Biochemistry and Molecular Biology (KSBMB)","Society/Association","https://koreascience.kr/journal/E1MBB7/v45n6.do","1.256","Q1 (Biochemistry; Medicine)","104","No"
"BMC Bioinformatics","Generalist - Computational Biology","Springer Nature (BioMed Central)","For-profit","OA","2021","UK","","","https://bmcbioinformatics.biomedcentral.com/","1.111","Q1 (Applied Mathematics; Biochemistry; Computer Science Applications)","265","No"
"BMC Biology","Generalist","Springer Nature (BioMed Central)","For-profit","OA","3512","UK","","","https://bmcbiol.biomedcentral.com/","1.731","Q1 (Agricultural and Biological Sciences; Biochemistry, Genetics and Molecular Biology; Biotechnology; Cell Biology; Developmental Biology; Ecology, Evolution, Behavior and Systematics; Physiology; Plant Science; Structural Biology)","144","No"
"BMC Cancer","Cancer - Generalist","Springer Nature (BioMed Central)","For-profit","OA","3283","UK","","","https://bmccancer.biomedcentral.com/","1.172","Q2 (Cancer Research; Genetics; Oncology)","180","No"
"BMC Endocrine Disorders","Anatomy & Physiology - Endocrinology","Springer Nature (BioMed Central)","For-profit","OA","2351","UK","","","https://bmcendocrdisord.biomedcentral.com/","1.024","Q1 (Medicine)","67","No"
"BMC Genomic data","Genetics & Genomics - Genomics","Springer Nature (BioMed Central)","For-profit","OA","1072","UK","","","https://bmcgenet.biomedcentral.com/","0.618","Q3 (Genetics; Health Informatics)","100","No"
"BMC Genomics","Genetics & Genomics - Genomics","Springer Nature (BioMed Central)","For-profit","OA","2415","UK","","","https://bmcgenomics.biomedcentral.com/","0.985","Q1 (Biotechnology)","218","No"
"BMC Immunology","Immunology - Generalist/Classical Immunology","Springer Nature","For-profit","OA","2353","UK","","","https://bmcimmunol.biomedcentral.com/","0.814","Q3 (Immunology)","79","No"
"BMC Infectious Diseases","Immunology - Immunopathology","Springer Nature (BioMed Central)","For-profit","OA","2597","UK","","","https://bmcinfectdis.biomedcentral.com/","0.983","Q1 (Infectious Diseases)","143","No"
"BMC Medical Genomics","Genetics & Genomics - Medical Genetics","Springer Nature (BioMed Central)","For-profit","OA","3282","UK","","","https://bmcmedgenomics.biomedcentral.com/","0.75","Q2 (Genetics)","102","No"
"BMC Microbiology","Immunology - Immunogenetics, Molecular and Cellular Immunology; Molecular & Cellular Biology - Microbiology and Infectious Diseases","Springer Nature (BioMed Central)","For-profit","OA","2475","UK","","","https://bmcmicrobiol.biomedcentral.com/","1.141","Q1 (Microbiology)","157","No"
"BMC Molecular and Cell Biology","Molecular & Cellular Biology - Cell Biology and Developmental Biology","Springer Nature (BioMed Central)","For-profit","OA","1833","UK","","","https://bmcmolcellbiol.biomedcentral.com/","0.812","Q3 (Cell Biology; Molecular Biology)","28","No"
"BMC Neurology","Neurosciences - Clinical Neuroscience","Springer Nature (BioMed Central)","For-profit","OA","2967","UK","","","https://bmcneurol.biomedcentral.com/","0.747","Q2 (Medicine; Neurology)","106","No"
"BMC Neuroscience","Neurosciences - Generalist","Springer Nature (BioMed Central)","For-profit","OA","2427","UK","","","https://bmcneurosci.biomedcentral.com/","0.865","Q2 (Neuroscience)","122","No"
"BMC Plant Biology","Plants - Generalist","Springer Nature (BioMed Central)","For-profit","OA","2840","UK","","","https://bmcplantbiol.biomedcentral.com/","1.188","Q1 (Plant Science)","172","No"
"BMC Pregnancy and Childbirth","Development - Pregnancy and Embryology","Springer Nature (BioMed Central)","For-profit","OA","2998","UK","","","https://bmcpregnancychildbirth.biomedcentral.com/","1.066","Q1 (Obstetrics and Gynecology)","131","No"
"BMC Psychiatry","Neurosciences - Clinical Neuroscience","Springer Nature (BioMed Central)","For-profit","OA","2717","UK","","","https://bmcpsychiatry.biomedcentral.com/","1.423","Q1 (Psychiatry and Mental Health)","164","No"
"BMC Psychology","Neurosciences - Cognitive Neuroscience","Springer Nature (BioMed Central)","For-profit","OA","1657","UK","","","https://bmcpsychology.biomedcentral.com/","1.127","Q1 (Medicine; Psychology)","61","No"
"BMC sports science, medicine and rehabilitation","Anatomy & Physiology - Sport Science","Springer Nature (BioMed Central)","For-profit","OA","2059","UK","","","https://bmcsportsscimedrehabil.biomedcentral.com/","0.999","Q1 (Orthopedics and Sports Medicine; Physical Therapy, Sports Therapy and Rehabilitation; Rehabilitation)","44","No"
"BMC Women's Health","Generalist","Springer Nature (BioMed Central)","For-profit","OA","2490","UK","","","https://bmcwomenshealth.biomedcentral.com/","1.024","Q1 (Medicine; Obstetrics and Gynecology; Reproductive Medicine)","80","No"
"BMJ Mental Health","Neurosciences - Clinical Neuroscience","BMJ Group","Non-profit","OA","4040","UK","","","https://mentalhealth.bmj.com/","2.833","Q1 (Psychiatry and Mental Health)","57","No"
"BMJ Open","Generalist - Clinical/Medicine","BMJ Group","Non-profit","OA","2680","UK","","","https://bmjopen.bmj.com/","0.93","Q1 (Medicine)","196","No"
"BMJ Open respiratory research","Anatomy & Physiology - Physiology","BMJ Group","Non-profit","OA","2556","UK","British Thoracic Society","Society/Association","https://bmjopenrespres.bmj.com/","1.235","Q1 (Pulmonary and Respiratory Medicine)","51","No"
"BMJ Open Sport and Exercise Medicine","Anatomy & Physiology - Sport Science","BMJ Group","Non-profit","OA","2461","UK","British Association of Sport & Exercise Medicine","Society/Association","https://bmjopensem.bmj.com/","1.025","Q1 (Orthopedics and Sports Medicine; Physical Therapy, Sports Therapy and Rehabilitation)","58","No"
"Boletim da Sociedade Brasileira de Mastozoologia","Ecology & Evolution - Zoology","Sociedade Brasileira de Mastozoologia","Non-profit","OA","","Brazil","Sociedade Brasileira de Mastozoologia","Society/Association","https://www.sbmz.org/","","","","No"
"Bone Marrow Transplantation","Immunology - Transplant Immunology","Springer Nature","For-profit associated with a society","Hybrid","1335","Germany / UK","European Society for Blood and Marrow Transplant (EBMT)","Society/Association","https://www.nature.com/bmt/","1.704","Q1 (Hematology; Transplantation)","154","No"
"Borderline Personality Disorder and Emotion Dysregulation","Neurosciences - Clinical Neuroscience","Springer Nature (BioMed Central)","For-profit","OA","2641","UK","National Education Alliance for Personality Disorder","","https://bpded.biomedcentral.com/","0.989","Q1 (Clinical Psychology)","40","No"
"Botanical Journal of the Linnean Society","Ecology & Evolution - Botany; Plants - Generalist","Oxford University Press (OUP)","University Press associated with a society","Hybrid","3035","UK","Linnean Society","Society/Association","https://academic.oup.com/botlinnean?login=true","0.682","Q1 (Ecology, Evolution, Behavior and Systematics)","88","No"
"Botanica Serbica","Ecology & Evolution - Botany","University of Belgrade","Non-profit","OA diamond","0","Serbia","University of Belgrade","University/Government","https://botanicaserbica.bio.bg.ac.rs/","0.249","Q3 (Plant Science)","15","No"
"Botany","Ecology & Evolution - Botany; Plants - Generalist","Canadian Science Publishing","Non-profit","Hybrid","2537","Canada","Canadian Botanical Association; Canadian Society of Plant Biologists; Canadian Society of Ecology and Evolution; Canadian Centre for Evidence-Informed Conservation","Society/Association","https://www.sciencedirect.com/org/journal/botany","0.387","Q2 (Ecology; Plant Science)","102","No"
"Botany Letters","Ecology & Evolution - Botany; Plants - Generalist","Taylor & Francis Group","For-profit associated with a society","Hybrid","1119","USA","Societe Botanique de France","Society/Association","https://www.tandfonline.com/journals/tabg21","0.323","Q3 (Plant Science)","31","PCI friendly"
"Brachytherapy","Cancer - Treatment","Elsevier","For-profit associated with a society","Hybrid","2768","Netherlands","American Brachytherapy Society","Society/Association","https://www.brachyjournal.com/","0.572","Q2 (Radiology, Nuclear Medicine and Imaging)","62","No"
"Brain","Neurosciences - Clinical Neuroscience","Oxford University Press (OUP)","University Press","Hybrid","3404","UK","","","https://academic.oup.com/brain","4.746","Q1 (Medicine; Neurology)","406","No"
"Brain and Behavior","Neurosciences - Behavioral Neuroscience","John Wiley & Sons","For-profit","OA","3074","USA","","","https://onlinelibrary.wiley.com/journal/21579032","0.882","Q2 (Behavioral Neuroscience)","78","No"
"Brain and Cognition","Neurosciences - Cognitive Neuroscience","Elsevier","For-profit","Hybrid","1676","Netherlands","","","https://www.sciencedirect.com/journal/brain-and-cognition","0.654","Q1 (Arts and Humanities)","147","No"
"Brain and Development","Development - Neuroscience; Neurosciences - Developmental Neuroscience","Elsevier","For-profit associated with a society","Hybrid","2525","Netherlands","Japanese Society of Child Neurology","Society/Association","https://www.sciencedirect.com/journal/brain-and-development","0.521","Q2 (Pediatrics, Perinatology and Child Health)","102","No"
"Brain and Development Case Reports","Development - Neuroscience; Neurosciences - Developmental Neuroscience","Elsevier","For-profit associated with a society","OA","682","Netherlands","Japanese Society of Child Neurology","Society/Association","https://www.sciencedirect.com/journal/brain-and-development-case-reports","","","","No"
"Brain and Environment","Neurosciences - Generalist","Elsevier","For-profit","","","Netherlands","","","https://www.sciencedirect.com/journal/brain-and-environment","","","","No"
"Brain and Language","Neurosciences - Cognitive Neuroscience","Elsevier","For-profit","Hybrid","2779","Netherlands","","","https://www.sciencedirect.com/journal/brain-and-language","0.841","Q1 (Linguistics and Language; Speech and Hearing)","152","No"
"Brain and Neuroscience Advances","Neurosciences - Generalist","Sage Publishing","For-profit associated with a society","OA","820","USA","British Neuroscience Association","Society/Association","https://journals.sagepub.com/home/bnaa","","","","No"
"Brain and Spine","Neurosciences - Generalist","Elsevier","For-profit associated with a society","OA","1377","Netherlands","Spine Society of Europe (EUROSPINE); European Association of Neurosurgical Societies (EANS)","Society/Association","https://www.sciencedirect.com/journal/brain-and-spine","0.709","Q3 (Biological Psychiatry; Neurology; Neuroscience)","17","No"
"Brain, Behavior and Evolution","Neurosciences - Behavioral Neuroscience","Karger Publishers","For-profit","Hybrid","3600","Switzerland","","","https://karger.com/bbe","0.958","Q2 (Behavioral Neuroscience; Developmental Neuroscience)","90","No"
"Brain, Behavior and Immunity","Immunology - Neuroimmunology; Neurosciences - Neuroimmunology","Elsevier","For-profit associated with a society","Hybrid","2418","Netherlands","Psychoneuroimmunology Research Society (PNIRS)","Society/Association","https://www.sciencedirect.com/journal/brain-behavior-and-immunity","2.689","Q1 (Behavioral Neuroscience; Endocrine and Autonomic Systems; Immunology)","221","No"
"Brain, Behavior and Immunity - Health","Immunology - Neuroimmunology; Neurosciences - Neuroimmunology","Elsevier","For-profit associated with a society","OA","2509","Netherlands","Psychoneuroimmunology Research Society (PNIRS)","Society/Association","https://www.sciencedirect.com/journal/brain-behavior-and-immunity-health","1.169","Q1 (Nephrology; Psychiatry and Mental Health)","44","No"
"Brain, Behavior and Immunity Integrative","Immunology - Neuroimmunology; Neurosciences - Neuroimmunology","Elsevier","For-profit associated with a society","OA","2280","Netherlands","Psychoneuroimmunology Research Society (PNIRS)","Society/Association","https://www.sciencedirect.com/journal/brain-behavior-and-immunity-integrative","","","","No"
"Brain Communications","Neurosciences - Clinical Neuroscience","Oxford University Press (OUP)","University Press","OA","3348","UK","The Guarantors of Brain","","https://academic.oup.com/braincomms","1.766","Q1 (Biological Psychiatry; Cellular and Molecular Neuroscience; Neurology; Psychiatry and Mental Health)","52","No"
"Brain Connectivity","Neurosciences - Generalist","Sage Publishing (Mary Ann Liebert)","For-profit","Hybrid","3361","USA","","","https://home.liebertpub.com/publications/brain-connectivity/389/overview","0.781","Q2 (Neuroscience)","75","No"
"Brain Disorders","Neurosciences - Clinical Neuroscience","Elsevier","For-profit","OA","1510","Netherlands","","","https://www.sciencedirect.com/journal/brain-disorders","0.37","Q3 (Neurology)","14","No"
"Brain Hemorrhages","Neurosciences - Clinical Neuroscience","Elsevier","For-profit associated with a society","OA","","Netherlands","International Hemorrhagic Stroke Association","Society/Association","https://www.sciencedirect.com/journal/brain-hemorrhages","0.426","Q2 (Surgery)","13","No"
"Brain Imaging and Behavior","Neurosciences - Generalist","Springer Nature","For-profit","Hybrid","2983","Germany","","","https://link.springer.com/journal/11682","0.962","Q1 (Radiology, Nuclear Medicine and Imaging)","76","No"
"Brain Impairment","Neurosciences - Clinical Neuroscience","CSIRO Publishing","Non-profit","Hybrid","2500","Australia","","","https://connectsci.au/ib","0.423","Q3 (Cognitive Neuroscience; Neurology; Neuropsychology and Physiological Psychology; Speech and Hearing)","32","No"
"Brain Injury","Neurosciences - Clinical Neuroscience","Taylor & Francis Group","For-profit associated with a society","Hybrid","1744","UK","International Brain Injury Association (IBIA)","Society/Association","https://www.tandfonline.com/journals/ibij20","0.541","Q3 (Developmental and Educational Psychology; Neurology; Neuroscience)","127","No"
"Brain Mechanisms","Neurosciences - Generalist","Elsevier","For-profit","Hybrid","1874","Netherlands","","","https://www.sciencedirect.com/journal/brain-mechanisms","0.69","Q3 (Cellular and Molecular Neuroscience)","93","No"
"Brain Network Disorders","Neurosciences - Clinical Neuroscience","Elsevier","For-profit associated with a society","OA","1706","Netherlands / China","Chinese Medical Association","Society/Association","https://www.sciencedirect.com/journal/brain-network-disorders","","","","No"
"Brain Organoid and Systems Neuroscience Journal","Neurosciences - Molecular and Cellular Neuroscience","Elsevier","For-profit associated with a society","OA","","Netherlands","Mediterranean Neuroscience Society (MNS)","Society/Association","https://www.sciencedirect.com/journal/brain-organoid-and-systems-neuroscience-journal","","","","No"
"Brain Pathology","Neurosciences - Clinical Neuroscience","John Wiley & Sons","For-profit associated with a society","OA","4268","UK","International Society of Neuropathology","Society/Association","https://onlinelibrary.wiley.com/journal/17503639","1.955","Q1 (Neurology; Neuroscience; Pathology and Forensic Medicine)","159","No"
"Brain Research","Neurosciences - Generalist","Elsevier","For-profit","Hybrid","2000","Netherlands","","","https://www.sciencedirect.com/journal/brain-research","0.894","Q2 (Developmental Biology; Molecular Biology; Neurology; Neuroscience)","268","No"
"Brain Research Bulletin","Neurosciences - Generalist","Elsevier","For-profit","OA","1842","USA","","","https://www.sciencedirect.com/journal/brain-research-bulletin","1.245","Q1 (Neuroscience)","154","No"
"Brain Science Advances","Neurosciences - Generalist","Sage Publishing","For-profit","OA","0","USA / China","Tsinghua University Press","University/Government","https://journals.sagepub.com/home/bsaa","","","","No"
"Brain Science and Child Development","Development - Neuroscience; Neurosciences - Developmental Neuroscience","Elsevier","For-profit","OA","","Netherlands","","","https://www.sciencedirect.com/journal/brain-science-and-child-development","","","","No"
"Brain Stimulation","Neurosciences - Neuromodulation","Elsevier","For-profit","OA","3765","Netherlands","","","https://www.sciencedirect.com/journal/brain-stimulation","2.609","Q1 (Biophysics; Neurology; Neuroscience)","126","No"
"Brain Structure and Function","Neurosciences - Cognitive Neuroscience","Springer Nature","For-profit","Hybrid","3894","Germany","","","https://link.springer.com/journal/429","1.314","Q1 (Anatomy; Histology; Neuroscience)","125","No"
"Brain Topography","Neurosciences - Generalist","Springer Nature","For-profit","Hybrid","3827","Germany / UK","","","https://link.springer.com/journal/10548","1.276","Q1 (Anatomy; Neurology; Radiological and Ultrasound Technology; Radiology, Nuclear Medicine and Imaging)","92","No"
"Brain Tumor Pathology","Cancer - Neuro-Oncology; Neurosciences - Clinical Neuroscience","Springer Nature","For-profit associated with a society","Hybrid","3046","Germany / UK","The Japan Society of Brain Tumor Pathology","Society/Association","https://link.springer.com/journal/10014","0.623","Q2 (Medicine)","49","No"
"Brazilian Journal of Psychiatry","Neurosciences - Clinical Neuroscience","Brazilian Psychiatric Association","Non-profit","OA diamond","0","Brazil","Brazilian Psychiatric Association","Society/Association","https://www.bjp.org.br/","0.863","Q2 (Psychiatry and Mental Health)","76","No"
"Breast Cancer: Basic and Clinical Research","Cancer - Breast Cancer","Sage Publishing","For-profit","OA","1355","USA","","","https://journals.sagepub.com/home/bcba","0.816","Q2 (Oncology)","40","No"
"Breast Cancer Research","Cancer - Breast Cancer","Springer Nature (BioMed Central)","For-profit","OA","3582","UK","","","https://breast-cancer-research.biomedcentral.com/","1.907","Q1 (Cancer Research; Oncology)","186","No"
"Breast Cancer Research and Treatment","Cancer - Breast Cancer","Springer Nature","For-profit","Hybrid","3115","Germany / UK","","","https://www.springer.com/journal/10549","1.34","Q1 (Oncology)","189","No"
"Breast Disease","Cancer - Breast Cancer","Sage Publishing (IOS Press)","For-profit","","","Germany / UK","","","https://journals.sagepub.com/home/brd","0.389","Q3 (Medicine; Oncology)","38","No"
"Breathe","Anatomy & Physiology - Physiology","European Respiratory Society (ERS)","Non-profit","OA","","UK","European Respiratory Society (ERS)","Society/Association","https://publications.ersnet.org/content/breathe","1.127","Q1 (Pulmonary and Respiratory Medicine)","48","No"
"Briefings in Bioinformatics","Generalist - Computational Biology","Oxford University Press (OUP)","University Press","OA","2929","UK","","","https://academic.oup.com/bib/","2.264","Q1 (Information Systems; Molecular Biology)","174","No"
"Briefings in Functional Genomics","Genetics & Genomics - Genomics","Oxford University Press (OUP)","University Press","Hybrid","2590","UK","","","https://academic.oup.com/bfg","0.806","Q2 (Biochemistry; Genetics; Medicine)","91","No"
"British Journal for the Philosophy of Science","Generalist - History/Philosophy of Biology","University of Chicago Press","University Press","Hybrid","2733","USA","","","https://www.journals.uchicago.edu/toc/bjps/current","1.909","Q1 (History; History and Philosophy of Science; Philosophy)","75","No"
"British Journal of Cancer","Cancer - Generalist","Springer Nature","For-profit","Hybrid","4245","Germany / UK","","","https://www.nature.com/bjc","2.803","Q1 (Cancer Research; Oncology)","290","No"
"British Journal of Nutrition","Anatomy & Physiology - Nutrition","Cambridge University Press (CUP)","University Press","Hybrid","2797","UK","","","https://www.cambridge.org/core/journals/british-journal-of-nutrition","0.912","Q1 (Medicine)","238","No"
"British Journal of Pain","Neurosciences - Pain","Sage Publishing","For-profit associated with a society","Hybrid","287","USA","British Pain Society","Society/Association","https://journals.sagepub.com/home/bjpb","0.627","Q2 (Anesthesiology and Pain Medicine)","32","No"
"British Journal of Pharmacology","Molecular & Cellular Biology - Pharmacology and Toxicology","John Wiley & Sons","For-profit associated with a society","Hybrid","4619","USA","British Pharmacological Society","Society/Association","https://bpspubs.onlinelibrary.wiley.com/journal/14765381","2.515","Q1 (Pharmacology)","262","No"
"British Journal of Sports Medicine","Anatomy & Physiology - Sport Science","BMJ Group","Non-profit","Hybrid","4740","UK","","","https://bjsm.bmj.com/","4.847","Q1 (Medicine; Orthopedics and Sports Medicine; Physical Therapy, Sports Therapy and Rehabilitation; Sports Science)","256","No"
"Bulletin de la Societe Entomologique de France","Ecology & Evolution - Zoology","Societe Entomologique de France","Non-profit","Subscription","","France","Societe Entomologique de France","Society/Association","https://lasef.org/publications/le-bulletin-de-la-sef/","","","","No"
"Bulletin de la Societe Herpetologique de France","Ecology & Evolution - Zoology","Societe Herpetologique de France","Non-profit","Subscription","","France","Societe Herpetologique de France","Society/Association","https://lashf.org/bshf/","","","","No"
"Bulletin de la Societe Zoologique de France","Ecology & Evolution - Zoology","Societe zoologique de France","Non-profit","OA","157","France","Societe Zoologique de France","Society/Association","https://societe-zoologique.fr/index.php/bulletin-et-memoires","","","","No"
"Bulletin du Cancer","Cancer - Generalist","Elsevier","For-profit associated with a society","Hybrid","1519","Netherlands","Société Française du Cancer","Society/Association","https://www.sciencedirect.com/journal/bulletin-du-cancer","0.28","Q3 (Medicine; Radiology, Nuclear Medicine and Imaging)","46","No"
"Bulletin of Marine Science","Ecology & Evolution - Applied Ecology","Rosenstiel School of Marine Atmospheric & Earth Science of the University of Miami","Non-profit","Hybrid","1063","USA","Rosenstiel School of Marine Atmospheric & Earth Science of the University of Miami","University/Government","https://bullmarsci.org/","0.276","Q3 (Aquatic Science; Oceanography)","92","No"
"Bulletin of Mathematical Biology","Ecology & Evolution - Theory; Generalist - Mathematical Biology","Springer Nature","For-profit associated with a society","Hybrid","2445","Germany / UK","Society for Mathematical Biology","Society/Association","https://link.springer.com/journal/11538","0.73","Q1 (Agricultural and Biological Sciences; Mathematics)","106","No"
"Bulletin of Zoological Nomenclature","Ecology & Evolution - Zoology","International Commission on Zoological Nomenclature","Non-profit","OA diamond","0","Singapore","International Commission on Zoological Nomenclature","University/Government","https://bioone.org/journals/the-bulletin-of-zoological-nomenclature","","","","No"
"Cahiers de Nutrition et de Diététique","Anatomy & Physiology - Nutrition","Elsevier","For-profit associated with a society","Hybrid","1125","Netherlands","Société Française de Nutrition","Society/Association","https://www.sciencedirect.com/journal/cahiers-de-nutrition-et-de-dietetique","0.141","Q4 (Medicine; Nutrition and Dietetics)","16","No"
"Cambridge Journal of Human Behaviour","Neurosciences - Behavioral Neuroscience","Cambridge Journal of Human Behaviour (University of Cambridge)","University Press","OA diamond","0","UK","","","https://cjhumanbehaviour.com/","","","","PCI friendly"
"Canadian Entomologist","Ecology & Evolution - Zoology","Cambridge University Press (CUP)","University Press associated with a society","Hybrid","","UK","Entomological Society of Canada","Society/Association","https://esc-sec.ca/publications/the-canadian-entomologist/","0.334","Q3 (Ecology, Evolution, Behavior and Systematics; Insect Science)","54","No"
"Canadian Journal of Experimental Psychology / Revue canadienne de psychologie expérimentale","Neurosciences - Cognitive Neuroscience","Canadian Psychological Association (CPA)","Non-profit","","","Canada","Canadian Psychological Association (CPA); Canadian Society for Brain, Behaviour, and Cognitive Science (CSBBCS) / Société Canadienne des Sciences du Cerveau, du Comportement, et de la Cognition (SCSCCC)","Society/Association","https://www.apa.org/pubs/journals/cep","0.665","Q2 (Experimental and Cognitive Psychology; Medicine)","72","No"
"Canadian Journal of Forest Research","Ecology & Evolution - Applied Ecology","Canadian Science Publishing","Non-profit","Hybrid","4317","Canada","Canadian Society of Ecology ad Evolution","Society/Association","https://cdnsciencepub.com/journal/cjfr","0.574","Q1 (Forestry)","144","No"
"Canadian Journal of Neurological Sciences","Neurosciences - Clinical Neuroscience","Cambridge University Press (CUP)","University Press associated with a society","Hybrid","3118","UK","Canadian Neurological Sciences Federation (CNSF); the Canadian Neurological Society (CNS); the Canadian Neurosurgical Society (CNSS); the Canadian Society of Clinical Neurophysiologists (CSCN); the Canadian Association of Child Neurology (CACN); the Canadian Society of Neuroradiology (CSNR); the Canadian Stroke Consortium (CSC)","Society/Association","https://www.cambridge.org/core/journals/canadian-journal-of-neurological-sciences","0.706","Q2 (Medicine; Neurology)","85","No"
"Canadian Journal of Physiology and Pharmacology","Anatomy & Physiology - Physiology; Molecular & Cellular Biology - Pharmacology and Toxicology","Canadian Science Publishing","Non-profit","","","Canada","Canadian Science Publishing","Non-profit","https://cdnsciencepub.com/journal/cjpp","0.468","Q3 (Medicine; Pharmacology; Physiology)","101","No"
"Canadian Journal of Plant Science","Plants - Generalist","Canadian Science Publishing","Non-profit","","","Canada","","","https://www.sciencedirect.com/org/journal/canadian-journal-of-plant-science","0.388","Q2 (Agronomy and Crop Science; Horticulture; Plant Science)","75","No"
"Canadian Journal of Zoology","Ecology & Evolution - Zoology","Canadian Science Publishing","Non-profit","Hybrid","","Canada","Canadian Society of Zoologists","Society/Association","https://cdnsciencepub.com/journal/cjz","0.465","Q2 (Animal Science and Zoology; Ecology, Evolution, Behavior and Systematics)","122","No"
"Cancer","Cancer - Generalist","John Wiley & Sons","For-profit associated with a society","Hybrid","4924","USA","American Cancer Society","Society/Association","https://acsjournals.onlinelibrary.wiley.com/journal/10970142","2.427","Q1 (Cancer Research; Oncology)","359","No"
"Cancer Biology & Medicine","Cancer - Generalist","Cancer Biology and Medicine","Non-profit","OA","","China","China Anticancer Association; Tianjin Medical University Cancer Institute and Hospital","Society/Association","https://www.cancerbiomed.org/","1.888","Q1 (Cancer Research; Oncology)","78","No"
"Cancer Biotherapy and Radiopharmaceuticals","Cancer - Treatment","Sage Publishing (Mary Ann Liebert)","For-profit","Hybrid","2849","USA","","","https://journals.sagepub.com/home/cbtd","0.498","Q2 (Radiology, Nuclear Medicine and Imaging)","74","No"
"Cancer Cell","Cancer - Molecular and Cellular Oncology","Elsevier (Cell Press)","For-profit","Hybrid","9472","USA","","","https://www.cell.com/cancer-cell","26.632","Q1 (Cancer Research; Cell Biology; Oncology)","436","No"
"Cancer Cell International","Cancer - Generalist","Springer Nature (BioMed Central)","For-profit","OA","2490","UK","","","https://cancerci.biomedcentral.com/","1.75","Q1 (Genetics; Oncology)","100","No"
"Cancer Chemotherapy and Pharmacology","Cancer - Treatment","Springer Nature","For-profit","Hybrid","3092","Germany / UK","","","https://link.springer.com/journal/280","0.851","Q2 (Oncology; Pharmacology; Toxicology)","132","No"
"Cancer Communications","Cancer - Generalist","John Wiley & Sons","For-profit associated with a society","OA","1523","USA","Chinese Anti-Cancer Association; US Chinese Anti-Cancer Association","Society/Association","https://onlinelibrary.wiley.com/journal/25233548","7.986","Q1 (Cancer Research; Oncology)","108","No"
"Cancer Cytopathology","Cancer - Molecular and Cellular Oncology","John Wiley & Sons","For-profit associated with a society","Hybrid","2194","USA","American Cancer Society","Society/Association","https://acsjournals.onlinelibrary.wiley.com/journal/19346638","0.983","Q2 (Cancer Research; Oncology)","78","No"
"Cancer Discovery","Cancer - Generalist","American Association for Cancer Research (AACR)","Non-profit","Hybrid","8285","USA","American Association for Cancer Research (AACR)","Society/Association","https://aacrjournals.org/cancerdiscovery","7.389","Q1 (Oncology)","265","No"
"Cancer Drug Resistance","Cancer - Treatment","OAE Publishing Inc.","For-profit","OA","2007","USA","","","https://www.oaepublish.com/cdr","1.775","Q1 (Cancer Research; Pharmacology)","36","No"
"Cancer Epidemiology","Cancer - Generalist","Elsevier","For-profit","Hybrid","3702","Netherlands","","","https://www.sciencedirect.com/journal/cancer-epidemiology","1.036","Q2 (Cancer Research; Epidemiology; Oncology)","94","No"
"Cancer Epidemiology, Biomarkers and Prevention","Cancer - Generalist","American Association for Cancer Research (AACR)","Non-profit","Hybrid","3429","USA","","","https://aacrjournals.org/cebp","1.426","Q1 (Epidemiology; Medicine; Oncology)","223","No"
"Cancer Genetics","Cancer - Genetics","Elsevier","For-profit associated with a society","Hybrid","2657","Netherlands","Cancer Genomics Consortium","","https://www.sciencedirect.com/journal/cancer-genetics","1.251","Q1 (Genetics)","59","No"
"Cancer Imaging","Cancer - Diagnostics/Biomarkers","Springer Nature (BioMed Central)","For-profit associated with a society","OA","2290","UK","The International Cancer Imaging Society","Society/Association","https://cancerimagingjournal.biomedcentral.com/","1.16","Q1 (Medicine; Radiological and Ultrasound Technology; Radiology, Nuclear Medicine and Imaging)","73","No"
"Cancer Immunology, Immunotherapy","Cancer - Treatment; Immunology - Immunooncology","Springer Nature","For-profit","OA","3082","Germany / UK","","","https://link.springer.com/journal/262","1.805","Q1 (Cancer Research; Immunology; Immunology and Allergy; Medicine; Oncology)","148","No"
"Cancer Immunology Research","Immunology - Immunooncology","American Association for Cancer Research (AACR)","Non-profit","Hybrid","5701","USA","American Association for Cancer Research (AACR)","Society/Association","https://aacrjournals.org/cancerimmunolres","3.48","Q1 (Cancer Research; Immunology)","157","No"
"Cancer Informatics","Cancer - Generalist","Sage Publishing","For-profit","OA","1209","USA","","","https://journals.sagepub.com/home/cixa","0.539","Q3 (Oncology)","42","No"
"Cancer Letters","Cancer - Generalist","Elsevier","For-profit","Hybrid","4199","Netherlands","","","https://www.journals.elsevier.com/cancer-letters","3.066","Q1 (Cancer Research; Oncology)","240","No"
"Cancer Medicine","Cancer - Generalist","John Wiley & Sons","For-profit","OA","3156","USA","","","https://onlinelibrary.wiley.com/journal/20457634","1.156","Q1 (Radiology, Nuclear Medicine and Imaging)","105","No"
"Cancer & Metastasis Reviews","Cancer - Generalist","Springer Nature","For-profit","Hybrid","2351","Germany / UK","","","https://www.springer.com/journal/10555","3.223","Q1 (Cancer Research; Oncology)","182","No"
"Cancer Pathogenesis and Therapy","Cancer - Generalist","Elsevier","For-profit associated with a society","OA","1000","Netherlands","Chinese Medical Association (CMA)","Society/Association","https://www.sciencedirect.com/journal/cancer-pathogenesis-and-therapy","0.889","Q1 (Pathology and Forensic Medicine)","13","No"
"Cancer Prevention Research","Cancer - Generalist","American Association for Cancer Research (AACR)","Non-profit","Hybrid","4486","USA","","","https://aacrjournals.directfrompublisher.com/catalog/journal/cancer-prevention-research","1.129","Q1 (Medicine)","120","No"
"Cancer/Radiothérapie","Cancer - Treatment","Elsevier","For-profit associated with a society","Hybrid","2000","Netherlands","Société française de radiothérapie oncologique (SFRO)","Society/Association","https://www.sciencedirect.com/journal/cancer-radiotherapie","0.481","Q2 (Radiology, Nuclear Medicine and Imaging)","40","No"
"Cancer Reports","Cancer - Generalist","John Wiley & Sons","For-profit","OA","1892","USA","","","https://onlinelibrary.wiley.com/journal/25738348","0.707","Q3 (Cancer Research; Oncology)","30","No"
"Cancer Research","Cancer - Generalist","American Association for Cancer Research (AACR)","Non-profit","Hybrid","6668","USA","American Association for Cancer Research","Society/Association","https://aacrjournals.org/cancerres","4.347","Q1 (Cancer Research; Oncology)","522","No"
"Cancer Research Communications","Cancer - Generalist","American Association for Cancer Research (AACR)","Non-profit","OA","2191","USA","","","https://aacrjournals.org/cancerrescommun/","1.773","Q1 (Cancer Research; Oncology)","22","No"
"Cancer Science","Cancer - Generalist","John Wiley & Sons","For-profit associated with a society","OA","2843","USA","Japanese Cancer Association","Society/Association","https://onlinelibrary.wiley.com/journal/13497006","1.509","Q1 (Medicine; Oncology)","178","No"
"Cancer Treatment Reviews","Cancer - Treatment","Elsevier","For-profit associated with a society","Hybrid","4819","Netherlands","European Society for Medical Oncology (ESMO)","Society/Association","https://www.sciencedirect.com/journal/cancer-treatment-reviews","3.745","Q1 (Medicine; Oncology; Radiology, Nuclear Medicine and Imaging)","180","No"
"Carcinogenesis","Cancer - Generalist","Oxford University Press (OUP)","University Press","Hybrid","2612","UK","","","https://academic.oup.com/carcin","1.02","Q1 (Medicine)","230","No"
"Cardio-Oncology","Cancer - Hematopoietic and Cardiovascular Cancer","Springer Nature (BioMed Central)","For-profit","OA","2825","UK","","","https://cardiooncologyjournal.biomedcentral.com/","0.85","Q2 (Cardiology and Cardiovascular Medicine; Oncology)","29","No"
"Cell","Molecular & Cellular Biology - Cell Biology and Developmental Biology","Elsevier (Cell Press)","For-profit","Hybrid","8900","USA","","","https://www.cell.com/cell","24.592","Q1 (Biochemistry, Genetics and Molecular Biology)","956","No"
"Cell Adhesion and Migration","Molecular & Cellular Biology - Cell Biology and Developmental Biology","Taylor & Francis Group","For-profit","OA","2361","USA","","","https://www.tandfonline.com/journals/kcam20","1.187","Q2 (Cell Biology; Cellular and Molecular Neuroscience)","84","No"
"Cell and Bioscience","Molecular & Cellular Biology - Cell Biology and Developmental Biology","Springer Nature (BioMed Central)","For-profit associated with a society","OA","2364","UK","Society of Chinese Bioscientists in America (SCBA)","Society/Association","https://cellandbioscience.biomedcentral.com/","2.068","Q1 (Biochemistry, Genetics and Molecular Biology)","89","No"
"Cell and Tissue Banking","Molecular & Cellular Biology - Methodology and Experimental Techniques","Springer Nature","For-profit","Hybrid","3375","Germany / UK","","","https://link.springer.com/journal/10561","0.554","Q2 (Transplantation)","58","No"
"Cell and Tissue Research","Molecular & Cellular Biology - Cell Biology and Developmental Biology","Springer Nature","For-profit","Hybrid","2870","Germany / UK","","","https://link.springer.com/journal/441","1.105","Q1 (Histology; Pathology and Forensic Medicine)","170","No"
"Cell Biochemistry and Function","Molecular & Cellular Biology - Cell Biology and Developmental Biology","John Wiley & Sons","For-profit","Hybrid","2332","USA","","","https://analyticalsciencejournals.onlinelibrary.wiley.com/journal/10990844","0.831","Q2 (Biochemistry; Clinical Biochemistry; Medicine)","79","No"
"Cell Biology and Toxicology","Molecular & Cellular Biology - Miscellaneous / Interdisciplinary","Springer Nature","For-profit","OA","2770","Germany / UK","","","https://link.springer.com/journal/10565","1.658","Q1 (Cell Biology; Health, Toxicology and Mutagenesis; Toxicology)","80","No"
"Cell Biology International","Molecular & Cellular Biology - Cell Biology and Developmental Biology","John Wiley & Sons","For-profit associated with a society","Hybrid","2463","USA","International Federation for Cell Biology","","https://onlinelibrary.wiley.com/journal/10958355","0.913","Q1 (Medicine)","97","No"
"Cell Calcium","Molecular & Cellular Biology - Cell Biology and Developmental Biology","Elsevier","For-profit","Hybrid","2946","Netherlands","","","https://www.sciencedirect.com/journal/cell-calcium","1.545","Q1 (Molecular Biology; Physiology)","135","No"
"Cell Chemical Biology","Molecular & Cellular Biology - Cell Biology and Developmental Biology","Elsevier (Cell Press)","For-profit","Hybrid","8133","USA","","","https://www.cell.com/cell-chemical-biology/home","3.427","Q1 (Biochemistry; Clinical Biochemistry; Drug Discovery; Molecular Biology; Molecular Medicine; Pharmacology)","223","No"
"Cell Communication and Signaling","Molecular & Cellular Biology - Cell Biology and Developmental Biology","Springer Nature (BioMed Central)","For-profit","OA","3301","UK","","","https://biosignaling.biomedcentral.com/","2.898","Q1 (Biochemistry; Cell Biology; Molecular Biology)","113","No"
"Cell Cycle","Molecular & Cellular Biology - Cell Biology and Developmental Biology","Taylor & Francis Group","For-profit","Hybrid","4480","USA","","","https://www.tandfonline.com/journals/kccy20","0.943","Q1 (Medicine)","182","No"
"Cell Death","Molecular & Cellular Biology - Cell Biology and Developmental Biology","Elsevier","For-profit","","","Netherlands","","","https://www.sciencedirect.com/journal/cell-death","","","","No"
"Cell Death and Differentiation","Molecular & Cellular Biology - Cell Biology and Developmental Biology","Springer Nature","For-profit","Hybrid","4445","Germany / UK","","","https://www.nature.com/cdd/","5.182","Q1 (Cell Biology; Molecular Biology)","283","No"
"Cell Death and Disease","Cancer - Molecular and Cellular Oncology; Immunology - Generalist/Classical Immunology; Molecular & Cellular Biology - Cell Biology and Developmental Biology","Springer Nature","For-profit associated with a society","OA","4580","Germany / UK","Associazione Differenziamento e Morte Cellulare","Society/Association","https://www.nature.com/cddis/","3.291","Q1 (Cancer Research; Cell Biology; Cellular and Molecular Neuroscience; Immunology; Medicine)","202","No"
"Cell Death Discovery","Molecular & Cellular Biology - Cell Biology and Developmental Biology","Springer Nature","For-profit","OA","2789","UK","CDD Press","","https://www.nature.com/cddiscovery/","2.668","Q1 (Cancer Research; Cell Biology; Cellular and Molecular Neuroscience; Immunology)","86","No"
"Cell Discovery","Molecular & Cellular Biology - Cell Biology and Developmental Biology","Springer Nature","For-profit associated with a society","OA","2815","UK","Center for Excellence in Molecular Cell Science, Chinese Academy of Sciences (CAS)","University/Government","https://www.nature.com/celldisc/","4.879","Q1 (Biochemistry; Cell Biology; Genetics; Molecular Biology)","77","No"
"Cell Genomics","Genetics & Genomics - Genomics","Elsevier (Cell Press)","For-profit","OA","3980","USA","","","https://www.cell.com/cell-genomics","6.518","Q1 (Biochemistry, Genetics and Molecular Biology; Genetics)","41","No"
"Cell Host and Microbe","Immunology - Immunopathology; Molecular & Cellular Biology - Microbiology and Infectious Diseases","Elsevier (Cell Press)","For-profit","Hybrid","7803","USA","","","https://www.cell.com/cell-host-microbe","9.892","Q1 (Cancer Research; Immunology and Microbiology; Microbiology; Molecular Biology; Parasitology; Virology)","270","No"
"Cell Metabolism","Molecular & Cellular Biology - Biochemistry and Molecular Biology","Elsevier (Cell Press)","For-profit","Hybrid","4763","USA","","","https://www.cell.com/cell-metabolism","15.978","Q1 (Cell Biology; Molecular Biology; Physiology)","391","No"
"Cell Proliferation","Molecular & Cellular Biology - Cell Biology and Developmental Biology","John Wiley & Sons","For-profit","OA","3100","USA","","","https://onlinelibrary.wiley.com/journal/13652184","1.985","Q1 (Cell Biology; Medicine)","110","No"
"Cell Regeneration","Molecular & Cellular Biology - Cell Biology and Developmental Biology","Springer Nature","For-profit associated with a society","Hybrid","2260","Germany / UK","Chinese Society for Cell Biology","Society/Association","https://cellregeneration.springeropen.com/","1.381","Q1 (Developmental Biology)","31","No"
"Cell Reports","Molecular & Cellular Biology - Cell Biology and Developmental Biology","Elsevier (Cell Press)","For-profit","OA","4624","USA","","","https://www.cell.com/cell-reports","3.812","Q1 (Biochemistry, Genetics and Molecular Biology)","265","No"
"Cell Reports Medicine","Molecular & Cellular Biology - Clinical and Medical Sciences","Elsevier (Cell Press)","For-profit","OA","4649","USA","","","https://www.cell.com/cell-reports-medicine","4.932","Q1 (Biochemistry, Genetics and Molecular Biology)","81","No"
"Cell Reports Methods","Molecular & Cellular Biology - Methodology and Experimental Techniques","Elsevier (Cell Press)","For-profit","OA","4120","USA","","","https://www.cell.com/cell-reports-methods","2.518","Q1 (Biochemistry; Biochemistry, Genetics and Molecular Biology; Biotechnology; Computer Science Applications; Genetics; Radiology, Nuclear Medicine and Imaging)","32","No"
"Cell Research","Molecular & Cellular Biology - Cell Biology and Developmental Biology","Springer Nature","For-profit associated with a society","Hybrid","4014","Germany / UK","Center for Excellence in Molecular Cell Science, Chinese Academy of Sciences (CAS)","University/Government","https://www.nature.com/cr/","6.865","Q1 (Cell Biology; Molecular Biology)","244","No"
"Cells and Development","Molecular & Cellular Biology - Cell Biology and Developmental Biology","Elsevier","For-profit associated with a society","Hybrid","2676","Netherlands","The International Society of Developmental Biologists","Society/Association","https://www.sciencedirect.com/journal/cells-and-development","1.06","Q2 (Developmental Biology)","154","No"
"Cell Stem Cell","Molecular & Cellular Biology - Stem Cell Research","Elsevier (Cell Press)","For-profit","Hybrid","8426","USA","","","https://www.cell.com/cell-stem-cell","12.003","Q1 (Cell Biology; Genetics; Molecular Medicine)","329","No"
"Cells Tissues Organs","Molecular & Cellular Biology - Cell Biology and Developmental Biology","Karger Publishers","For-profit","Hybrid","2759","Switzerland","","","https://karger.com/cto","0.795","Q1 (Anatomy)","94","No"
"Cell Stress and Chaperones","Molecular & Cellular Biology - Cell Biology and Developmental Biology","Elsevier","For-profit associated with a society","OA","2659","USA","Cell Stress Society International","Society/Association","https://www.sciencedirect.com/journal/cell-stress-and-chaperones","1.131","Q1 (Biochemistry)","108","No"
"Cell Systems","Genetics & Genomics - Generalist; Molecular & Cellular Biology - Cell Biology and Developmental Biology","Elsevier (Cell Press)","For-profit","Hybrid","8133","USA","","","https://www.cell.com/cell-systems","4.954","Q1 (Cell Biology; Histology; Pathology and Forensic Medicine)","107","No"
"Cell Transplantation","Molecular & Cellular Biology - Clinical and Medical Sciences","Sage Publishing","For-profit","OA","2924","USA","","","https://journals.sagepub.com/home/cll","0.908","Q1 (Medicine)","124","No"
"Cellular and Molecular Biology Letters","Molecular & Cellular Biology - Miscellaneous / Interdisciplinary","Springer Nature (BioMed Central)","For-profit associated with a society","OA","2533","UK","University of Wroclaw and Polish Society for Cell Biology","Society/Association","https://cmbl.biomedcentral.com/","2.885","Q1 (Biochemistry; Cell Biology; Molecular Biology)","80","No"
"Cellular and Molecular Gastroenterology and Hepatology","Molecular & Cellular Biology - Miscellaneous / Interdisciplinary","Elsevier","For-profit associated with a society","OA","3081","Netherlands","American Gastroenterological Association","Society/Association","https://www.sciencedirect.com/journal/cellular-and-molecular-gastroenterology-and-hepatology","2.936","Q1 (Gastroenterology; Hepatology)","86","No"
"Cellular and Molecular Immunology","Immunology - Immunogenetics, Molecular and Cellular Immunology; Molecular & Cellular Biology - Immunology and Cellular Immunology","Springer Nature","For-profit associated with a society","Hybrid","3920","Germany / UK","Chinese Society for Immunology; University of Science and Technology of China","Society/Association","https://www.nature.com/cmi/","7.021","Q1 (Immunology; Immunology and Allergy; Infectious Diseases; Medicine)","153","No"
"Cellular and Molecular Life Sciences","Molecular & Cellular Biology - Cell Biology and Developmental Biology","Springer Nature","For-profit","OA","3430","Germany / UK","","","https://link.springer.com/journal/18","2.23","Q1 (Cell Biology; Cellular and Molecular Neuroscience; Molecular Biology; Molecular Medicine; Pharmacology)","281","No"
"Cellular and Molecular Neurobiology","Molecular & Cellular Biology - Neuroscience; Neurosciences - Molecular and Cellular Neuroscience","Springer Nature","For-profit","OA","3147","Germany / UK","","","https://link.springer.com/journal/10571","1.587","Q1 (Cellular and Molecular Neuroscience; Medicine)","112","No"
"Cellular Immunology","Immunology - Immunogenetics, Molecular and Cellular Immunology; Molecular & Cellular Biology - Immunology and Cellular Immunology","Elsevier","For-profit","Hybrid","3150","Netherlands","","","https://www.sciencedirect.com/journal/cellular-immunology","1.034","Q2 (Immunology)","114","No"
"Cellular Microbiology","Molecular & Cellular Biology - Microbiology and Infectious Diseases","John Wiley & Sons","For-profit","OA","1979","UK","","","https://onlinelibrary.wiley.com/journal/cmi","0.559","Q3 (Immunology; Microbiology; Virology)","168","No"
"Cellular Oncology","Molecular & Cellular Biology - Cancer and Oncology","Springer Nature","For-profit","OA","3445","Germany / UK","","","https://link.springer.com/journal/13402","1.561","Q1 (Medicine; Molecular Medicine; Oncology)","68","No"
"Cellular Physiology and Biochemistry","Molecular & Cellular Biology - Cell Biology and Developmental Biology","Cell Physiol Biochem Press","Non-profit","OA","1918","Germany","","","https://www.cellphysiolbiochem.com/","0.557","Q3 (Physiology)","123","No"
"Cellular Signalling","Molecular & Cellular Biology - Cell Biology and Developmental Biology","Elsevier","For-profit","Hybrid","2723","Netherlands","","","https://www.sciencedirect.com/journal/cellular-signalling","1.287","Q2 (Cell Biology)","176","No"
"Centaurus","Generalist - History/Philosophy of Biology","Brepols","For-profit associated with a society","Hybrid","2083","Belgium","European Society for the History of Science","Society/Association","https://www.brepols.net/series/CNT","0.239","Q2 (History and Philosophy of Science)","18","No"
"Central European Journal of Immunology","Immunology - Generalist/Classical Immunology","Polish Society of Experimental and Clinical Immunology","Non-profit","OA","692","Poland","Polish Society of Experimental and Clinical Immunology","Society/Association","https://ceji.termedia.pl/Journal/Central_European_Journal_of_nbsp_Immunology-10","0.466","Q3 (Immunology; Immunology and Allergy)","41","No"
"Cephalalgia","Neurosciences - Pain","Sage Publishing","For-profit associated with a society","Hybrid","1560","USA","International Headache Society","Society/Association","https://journals.sagepub.com/home/cep","1.178","Q1 (Medicine; Neurology)","153","No"
"Cephalalgia Reports","Neurosciences - Clinical Neuroscience","Sage Publishing","For-profit associated with a society","OA","967","USA","International Headache Society","Society/Association","https://journals.sagepub.com/home/repa","0.265","Q3 (Neurology)","10","No"
"Cerebral Cortex","Neurosciences - Generalist","Oxford University Press (OUP)","University Press","Hybrid","4226","UK","","","https://academic.oup.com/cercor","1.276","Q1 (Cognitive Neuroscience)","294","No"
"Cerebral Cortex Communications","Neurosciences - Generalist","Oxford University Press (OUP)","University Press","OA","3085","UK","","","https://academic.oup.com/cercorcomms","","","","No"
"Chelonian Conservation and Biology","Ecology & Evolution - Applied Ecology","Chelonian Research Foundation and Turtle Conservancy","Non-profit","Hybrid","","USA","Chelonian Research Foundation and Turtle Conservancy","Non-profit","https://bioone.org/journals/chelonian-conservation-and-biology","0.302","Q3 (Animal Science and Zoology; Ecology, Evolution, Behavior and Systematics)","40","No"
"ChemBioChem","Molecular & Cellular Biology - Biochemistry and Molecular Biology","John Wiley & Sons","For-profit associated with a society","Hybrid","2324","USA","European Federation for Medicinal Chemistry and Chemical Biology (EFMC)","","https://chemistry-europe.onlinelibrary.wiley.com/journal/14397633","0.743","Q1 (Organic Chemistry)","152","No"
"Chemical Biology and Drug Design","Molecular & Cellular Biology - Pharmacology and Toxicology","John Wiley & Sons","For-profit","Hybrid","2138","USA","","","https://onlinelibrary.wiley.com/journal/17470285","0.666","Q2 (Biochemistry; Drug Discovery; Organic Chemistry; Pharmacology)","102","No"
"Chemico-Biological Interactions","Molecular & Cellular Biology - Pharmacology and Toxicology","Elsevier","For-profit","Hybrid","3491","Netherlands","","","https://www.sciencedirect.com/journal/chemico-biological-interactions","1.23","Q1 (Medicine; Toxicology)","160","No"
"Child Abuse & Neglect","Development - Neuroscience; Neurosciences - Developmental Neuroscience","Elsevier","For-profit associated with a society","Hybrid","4319","Netherlands","International Society for Prevention of Child Abuse and Neglect","Society/Association","https://www.sciencedirect.com/journal/child-abuse-and-neglect","1.421","Q1 (Developmental and Educational Psychology; Pediatrics, Perinatology and Child Health; Psychiatry and Mental Health; Social Work)","192","No"
"Child and Adolescent Mental Health","Development - Neuroscience; Neurosciences - Developmental Neuroscience","John Wiley & Sons","For-profit associated with a society","Hybrid","3468","USA","Association for Child and Adolescent Mental Health","Society/Association","https://acamh.onlinelibrary.wiley.com/journal/14753588?journalRedirectCheck=true","2.192","Q1 (Pediatrics, Perinatology and Child Health; Psychiatry and Mental Health)","67","No"
"Child and Adolescent Psychiatry and Mental Health","Development - Neuroscience; Neurosciences - Developmental Neuroscience","Springer Nature (BioMed Central)","For-profit associated with a society","OA","2162","UK","International Association for Child and Adolescent Psychiatry and Allied Professions","Society/Association","https://capmh.biomedcentral.com/","1.623","Q1 (Pediatrics, Perinatology and Child Health; Psychiatry and Mental Health)","71","No"
"Child Development","Development - Childhood and Adolescence","Oxford University Press (OUP)","University Press associated with a society","Hybrid","2451","UK","Society for Research in Child Development","Society/Association","https://academic.oup.com/chidev","1.924","Q1 (Developmental and Educational Psychology; Education; Pediatrics, Perinatology and Child Health; Social Work)","309","No"
"Child Development Perspectives","Development - Childhood and Adolescence","Oxford University Press (OUP)","University Press associated with a society","Hybrid","2192","UK","Society for Research in Child Development","Society/Association","https://academic.oup.com/cdpers","2.214","Q1 (Developmental and Educational Psychology; Life-span and Life-course Studies; Pediatrics, Perinatology and Child Health)","112","No"
"Child Neuropsychology","Development - Neuroscience; Neurosciences - Developmental Neuroscience","Taylor & Francis Group","For-profit associated with a society","Hybrid","1368","UK","American Academy of Clinical Neuropsychology, Pediatric Special Interest Group","","https://www.tandfonline.com/journals/ncny20","0.703","Q2 (Developmental and Educational Psychology; Neuropsychology and Physiological Psychology; Pediatrics, Perinatology and Child Health)","91","No"
"Child Psychiatry & Human Development","Development - Childhood and Adolescence; Neurosciences - Developmental Neuroscience","Springer Nature","For-profit","Hybrid","2216","Germany / UK","-","","https://link.springer.com/journal/10578","1.165","Q1 (Developmental and Educational Psychology; Pediatrics, Perinatology and Child Health; Psychiatry and Mental Health)","87","No"
"Child's Nervous System","Development - Neuroscience; Neurosciences - Developmental Neuroscience","Springer Nature","For-profit associated with a society","Hybrid","2601","Germany / UK","Brazilian Society for Pediatric Neurosurgery; International Society for Pediatric Neurosurgery (ISPN); Korean Society for Pediatric Neurosurgery; Latin American Pediatric Neurosurgery Association (LAPNA); Russian Society for Pediatric Neurosurgery ; Turkish Neurosurgical Society - Pediatric Section","Society/Association","https://link.springer.com/journal/381","0.452","Q2 (Pediatrics, Perinatology and Child Health)","106","No"
"Chromosome Research","Genetics & Genomics - Genomics","Springer Nature","For-profit","Hybrid","3060","Germany / UK","","","https://link.springer.com/journal/10577","1.201","Q2 (Genetics)","92","No"
"Chronic Stress","Neurosciences - Generalist","Sage Publishing","For-profit","OA","1187","USA","","","https://journals.sagepub.com/home/cssa","1.166","Q1 (Behavioral Neuroscience; Clinical Psychology; Psychiatry and Mental Health)","34","No"
"Chronobiology International","Neurosciences - Neurophysiology","Taylor & Francis Group","For-profit","Hybrid","4028","UK","","","https://www.tandfonline.com/journals/icbi20","0.707","Q2 (Physiology)","127","No"
"Cities and the Environment","Ecology & Evolution - Applied Ecology","Loyola Marymount University","Non-profit","OA diamond","0","USA","Loyola Marymount University","University/Government","https://digitalcommons.lmu.edu/cate/","","","","No"
"Cladistics","Ecology & Evolution - Genetics","John Wiley & Sons","For-profit associated with a society","Hybrid","2612","USA","Willi Hennig Society","Society/Association","https://onlinelibrary.wiley.com/journal/10960031","2.836","Q1 (Ecology, Evolution, Behavior and Systematics)","113","No"
"Clinical Anatomy","Anatomy & Physiology - Anatomy","John Wiley & Sons","For-profit associated with a society","Hybrid","3060","USA","American Association of Clinical Anatomists; British Association of Clinical Anatomists","Society/Association","https://onlinelibrary.wiley.com/journal/10982353","0.747","Q1 (Anatomy)","99","No"
"Clinical and Experimental Allergy","Immunology - Allergy and Hypersensitivity","John Wiley & Sons","For-profit associated with a society","Hybrid","3281","USA","British Society for Allergy & Clinical Immunology","Society/Association","https://onlinelibrary.wiley.com/journal/13652222","1.35","Q2 (Immunology; Immunology and Allergy)","182","No"
"Clinical and Experimental Pharmacology and Physiology","Molecular & Cellular Biology - Pharmacology and Toxicology","John Wiley & Sons","For-profit","Hybrid","1847","USA","","","https://onlinelibrary.wiley.com/journal/14401681","0.63","Q2 (Pharmacology)","121","No"
"Clinical and Translational Oncology","Cancer - Generalist","Springer Nature","For-profit associated with a society","Hybrid","3138","Germany / UK","Federation of Spanish Oncology Societies (FESEO)","Society/Association","https://link.springer.com/journal/12094","0.833","Q2 (Medicine; Oncology)","69","No"
"Clinical and Translational Radiation Oncology","Cancer - Treatment","Elsevier","For-profit associated with a society","OA","1660","Netherlands","The European Society for Radiotherapy and Oncology","Society/Association","https://www.sciencedirect.com/journal/clinical-and-translational-radiation-oncology","1.248","Q1 (Oncology; Radiology, Nuclear Medicine and Imaging)","43","No"
"Clinical and translational science","Molecular & Cellular Biology - Clinical and Medical Sciences","John Wiley & Sons","For-profit associated with a society","OA","2968","UK","American Society for Clinical Pharmacology and Therapeutics","Society/Association","https://ascpt.onlinelibrary.wiley.com/journal/17528062","1.191","Q1 (Biochemistry, Genetics and Molecular Biology; Medicine; Pharmacology, Toxicology and Pharmaceutics)","71","No"
"Clinical Biochemistry","Molecular & Cellular Biology - Clinical and Medical Sciences","Elsevier","For-profit associated with a society","Hybrid","2341","Netherlands","Canadian Society of Clinical Chemists (CSCC)","Society/Association","https://www.sciencedirect.com/journal/clinical-biochemistry","0.69","Q2 (Clinical Biochemistry; Medicine)","134","No"
"Clinical Cancer Research","Cancer - Generalist","American Association for Cancer Research (AACR)","Non-profit","Hybrid","6622","USA","American Association for Cancer Research","Society/Association","https://aacrjournals.org/clincancerres","4.751","Q1 (Cancer Research; Oncology)","405","No"
"Clinical Chemistry","Molecular & Cellular Biology - Clinical and Medical Sciences","Oxford University Press (OUP)","University Press","Hybrid","4533","UK","","","https://academic.oup.com/clinchem?login=true","1.721","Q1 (Biochemistry; Clinical Biochemistry; Medicine)","254","No"
"Clinical Chemistry and Laboratory Medicine","Molecular & Cellular Biology - Clinical and Medical Sciences","De Gruyter Brill","For-profit","Hybrid","2345","Germany","","","https://www.degruyterbrill.com/journal/key/cclm/html","1.286","Q1 (Biochemistry; Clinical Biochemistry; Medicine)","132","No"
"Clinical Colorectal Cancer","Cancer - Gastrointestinal cancer","Elsevier","For-profit","Hybrid","2380","Netherlands","","","https://www.sciencedirect.com/journal/clinical-colorectal-cancer","0.976","Q2 (Gastroenterology; Oncology)","71","No"
"Clinical EEG and Neuroscience","Neurosciences - Clinical Neuroscience","Sage Publishing","For-profit associated with a society","","","USA","EEG and Clinical Neuroscience Society","Society/Association","https://journals.sagepub.com/home/eegb","0.649","Q2 (Medicine)","69","No"
"Clinical Epidemiology","Immunology - Epidemiology","Taylor & Francis Group","For-profit","OA","3040","UK","","","https://www.tandfonline.com/journals/dcle20","1.663","Q1 (Epidemiology)","92","No"
"Clinical Epigenetics","Genetics & Genomics - Epigenetics","Springer Nature (BioMed Central)","For-profit associated with a society","OA","3186","UK","Clinical Epigenetics Society","Society/Association","https://clinicalepigeneticsjournal.biomedcentral.com/","1.787","Q1 (Developmental Biology; Genetics; Molecular Biology)","94","No"
"Clinical & Experimental Immunology","Immunology - Clinical Immunology","Oxford University Press (OUP)","University Press associated with a society","Hybrid","2255","UK","British Society for Immunology","Society/Association","https://academic.oup.com/cei","1.41","Q1 (Immunology; Immunology and Allergy)","167","No"
"Clinical Genetics","Genetics & Genomics - Medical Genetics","John Wiley & Sons","For-profit","Hybrid","3239","USA","","","https://onlinelibrary.wiley.com/journal/13990004","0.981","Q2 (Genetics)","125","No"
"Clinical Gerontologist","Anatomy & Physiology - Aging; Development - Aging","Taylor & Francis Group","For-profit","","","UK","","","https://www.tandfonline.com/journals/wcli20","1.016","Q1 (Clinical Psychology; Gerontology; Health; Social Psychology)","49","No"
"Clinical Immunology","Immunology - Clinical Immunology","Elsevier","For-profit associated with a society","Hybrid","3361","USA","Clinical Immunology Society","Society/Association","https://www.sciencedirect.com/journal/clinical-immunology","1.317","Q2 (Immunology; Immunology and Allergy)","151","No"
"Clinical Infectious Diseases","Immunology - Immunopathology","Oxford University Press (OUP)","University Press","Hybrid","4172","UK","","","https://academic.oup.com/cid?login=true","2.891","Q1 (Infectious Diseases; Microbiology)","414","No"
"Clinical Journal of Sport Medicine","Anatomy & Physiology - Sport Science","Wolters Kluwer (Lippincott)","For-profit","","","Netherlands / USA","","","https://journals.lww.com/cjsportsmed/pages/currenttoc.aspx","0.697","Q2 (Orthopedics and Sports Medicine; Physical Therapy, Sports Therapy and Rehabilitation)","125","No"
"Clinical Lung Cancer","Cancer - Thoracic and Respiratory Cancer","Elsevier","For-profit","Hybrid","3379","Netherlands","","","https://www.journals.elsevier.com/clinical-lung-cancer","1.362","Q1 (Oncology; Pulmonary and Respiratory Medicine)","83","No"
"Clinical Lymphoma, Myeloma & Leukemia","Cancer - Hematopoietic and Cardiovascular Cancer","Elsevier","For-profit associated with a society","Hybrid","2390","Netherlands","Society of Hematologic Oncology; European Society for Medical Oncology (ESMO); International Myeloma Society","Society/Association","https://www.clinical-lymphoma-myeloma-leukemia.com/","0.615","Q2 (Hematology)","71","No"
"Clinical Microbiology and Infection","Ecology & Evolution - Health; Immunology - Immunopathology","Elsevier","For-profit associated with a society","Hybrid","2793","Netherlands","European Society of Clinical Microbiology and Infectious Diseases","Society/Association","https://www.clinicalmicrobiologyandinfection.com/","2.658","Q1 (Infectious Diseases; Medicine; Microbiology)","219","No"
"Clinical Microbiology Reviews","Immunology - Immunopathology","American Society for Microbiology (ASM)","Non-profit","Hybrid","3013","USA","","","https://journals.asm.org/journal/cmr","6.584","Q1 (Epidemiology; Immunology and Microbiology; Infectious Diseases; Microbiology; Public Health, Environmental and Occupational Health)","358","No"
"Clinical Neuropharmacology","Neurosciences - Clinical Neuroscience","Wolters Kluwer (Lippincott)","For-profit","","","Netherlands / USA","","","https://journals.lww.com/clinicalneuropharm/pages/default.aspx","0.422","Q3 (Neurology; Pharmacology)","90","No"
"Clinical Neurophysiology","Neurosciences - Clinical Neuroscience","Elsevier","For-profit associated with a society","Hybrid","2606","Netherlands","International Federation of Clinical Neurophysiology; Brazilian Society of Clinical Neurophysiology; Czech Society of Clinical Neurophysiology; International Society of Intraoperative Neurophysiology","Society/Association","https://www.sciencedirect.com/journal/clinical-neurophysiology","1.07","Q1 (Neurology; Sensory Systems)","237","No"
"Clinical Pharmacokinetics","Molecular & Cellular Biology - Pharmacology and Toxicology","Springer Nature","For-profit","Hybrid","2697","Germany / UK","","","https://link.springer.com/journal/40262","1.211","Q1 (Pharmacology)","197","No"
"Clinical Pharmacology and Therapeutics","Molecular & Cellular Biology - Pharmacology and Toxicology","John Wiley & Sons","For-profit associated with a society","Hybrid","2238","USA","American Society for Clinical Pharmacology and Therapeutics (ASCPT)","Society/Association","https://ascpt.onlinelibrary.wiley.com/journal/15326535","1.856","Q1 (Pharmacology)","226","No"
"Clinical Physiology and Functional Imaging","Anatomy & Physiology - Physiology","John Wiley & Sons","For-profit associated with a society","Hybrid","3685","USA","Scandinavian Society of Clinical Physiology and Nuclear Medicine","Society/Association","https://onlinelibrary.wiley.com/journal/1475097X","0.456","Q3 (Medicine; Physiology)","81","No"
"Clinical Practice in Pediatric Psychology","Neurosciences - Developmental Neuroscience","Sage Publishing","For-profit associated with a society","","","USA","Society of Pediatric Psychology (SPP), Division 54 of the American Psychological Association (APA)","Society/Association","https://journals.sagepub.com/home/ppxa","0.309","Q3 (Applied Psychology; Clinical Psychology; Developmental and Educational Psychology; Pediatrics, Perinatology and Child Health)","27","No"
"Clinical Proteomics","Molecular & Cellular Biology - Methodology and Experimental Techniques","Springer Nature (BioMed Central)","For-profit","OA","1976","UK","","","https://clinicalproteomicsjournal.biomedcentral.com/","1.041","Q2 (Clinical Biochemistry; Molecular Biology; Molecular Medicine)","49","No"
"Clinical Psychological Science","Neurosciences - Clinical Neuroscience","Sage Publishing","For-profit associated with a society","Hybrid","391","USA","The Association for Psychological Science","Society/Association","https://journals.sagepub.com/home/cpx","2.264","Q1 (Clinical Psychology)","86","PCI friendly"
"Clinical Psychopharmacology Neuroscience","Neurosciences - Molecular and Cellular Neuroscience","The Korean College of Neuropsychopharmacology (KCNP); Asian College of Neuropsychopharmacology (AsCNP)","Non-profit","OA","","Republic of Korea (South Korea)","The Korean College of Neuropsychopharmacology (KCNP); Asian College of Neuropsychopharmacology (AsCNP)","","https://www.cpn.or.kr/main.html","0.976","Q1 (Pharmacology)","51","No"
"Clinical Reviews in Allergy and Immunology","Immunology - Allergy and Hypersensitivity","Springer Nature","For-profit","Hybrid","3606","Germany / UK","","","https://link.springer.com/journal/12016","3.286","Q1 (Immunology and Allergy; Medicine)","116","No"
"Clinical Science","Generalist","Portland Press","Non-profit","Hybrid","3082","UK","The Biochemical Society","Society/Association","https://portlandpress.com/clinsci","2.091","Q1 (Medicine)","174","No"
"Clinical & Translational Immunology","Immunology - Clinical Immunology","John Wiley & Sons","For-profit associated with a society","OA","2640","Australia","Australian and New Zealand Society for Immunology","Society/Association","https://onlinelibrary.wiley.com/journal/20500068","1.312","Q1 (Nursing)","64","No"
"Clinical Transplantation","Immunology - Transplant Immunology","John Wiley & Sons","For-profit","Hybrid","3160","USA","","","https://onlinelibrary.wiley.com/journal/13990012","0.676","Q2 (Transplantation)","95","No"
"CNS Drugs","Molecular & Cellular Biology - Neuroscience and Neurobiology; Neurosciences - Clinical Neuroscience","Springer Nature","For-profit","Hybrid","2200","Germany / UK","","","https://link.springer.com/journal/40263","2.161","Q1 (Neurology; Pharmacology; Psychiatry and Mental Health)","140","No"
"CNS Neuroscience and Therapeutics","Neurosciences - Clinical Neuroscience","John Wiley & Sons","For-profit","OA","2501","China","","","https://onlinelibrary.wiley.com/journal/17555949","1.741","Q1 (Pharmacology; Physiology; Psychiatry and Mental Health)","105","No"
"CNS Spectrums","Neurosciences - Clinical Neuroscience","Cambridge University Press (CUP)","University Press associated with a society","OA","2641","UK","Neuroscience Education Institute","University/Government","https://www.neiglobal.com/CNSSpectrums/tabid/58/Default.aspx","1.086","Q1 (Neurology)","100","No"
"Coastal Management","Ecology & Evolution - Applied Ecology","Taylor & Francis Group","For-profit associated with a society","Hybrid","2630","UK","Coastal Society","Society/Association","https://www.tandfonline.com/journals/ucmg20/about-this-journal","0.486","Q2 (Environmental Science)","64","No"
"Cochrane Database of Systematic Reviews","Generalist - Clinical/Medicine","John Wiley & Sons","For-profit associated with a society","Hybrid","2833","USA","Cochrane Library","","https://www.cochranelibrary.com/cdsr/about-cdsr","1.67","Q1 (Medicine; Pharmacology)","359","No"
"Cognition","Neurosciences - Cognitive Neuroscience","Elsevier","For-profit","Hybrid","3677","Netherlands","","","https://www.journals.elsevier.com/cognition","1.606","Q1 (Cognitive Neuroscience; Developmental and Educational Psychology; Experimental and Cognitive Psychology; Linguistics and Language)","242","No"
"Cognitive, Affective, and Behavioral Neuroscience","Neurosciences - Generalist","Springer Nature","For-profit associated with a society","Hybrid","2211","Germany","Psychonomic Society","Society/Association","https://link.springer.com/journal/13415","1.365","Q1 (Behavioral Neuroscience; Cognitive Neuroscience)","120","No"
"Cognitive and Behavioral Neurology","Neurosciences - Clinical Neuroscience","Wolters Kluwer (Lippincott)","For-profit","Hybrid","2672","Netherlands / USA","","","https://journals.lww.com/cogbehavneurol/pages/default.aspx","0.327","Q3 (Medicine; Neuropsychology and Physiological Psychology; Psychiatry and Mental Health)","76","No"
"Cognitive Computation","Neurosciences - Cognitive Neuroscience","Springer Nature","For-profit","Hybrid","2318","Germany / UK","","","https://link.springer.com/journal/12559","1.197","Q1 (Computer Science Applications; Computer Vision and Pattern Recognition)","81","No"
"Cognitive Neurodynamics","Neurosciences - Cognitive Neuroscience","Springer Nature","For-profit","Hybrid","2290","Germany / UK","","","https://link.springer.com/journal/11571","0.771","Q2 (Cognitive Neuroscience)","60","No"
"Cognitive Neuropsychiatry","Neurosciences - Clinical Neuroscience","Taylor & Francis Group","For-profit","Hybrid","1591","UK","","","https://www.tandfonline.com/journals/pcnp20","0.504","Q3 (Cognitive Neuroscience; Psychiatry and Mental Health)","71","No"
"Cognitive Neuropsychology","Neurosciences - Cognitive Neuroscience","Taylor & Francis Group","For-profit","Hybrid","1709","UK","","","https://www.tandfonline.com/journals/pcgn20","0.427","Q1 (Arts and Humanities)","103","No"
"Cognitive Neuroscience","Neurosciences - Cognitive Neuroscience","Taylor & Francis Group","For-profit","Hybrid","1047","UK","","","https://www.tandfonline.com/journals/pcns20","0.39","Q4 (Cognitive Neuroscience)","41","No"
"Cognitive Processing","Neurosciences - Cognitive Neuroscience","Springer Nature","For-profit","Hybrid","2604","Germany","","","https://link.springer.com/journal/10339","0.517","Q2 (Artificial Intelligence)","61","No"
"Cognitive Science","Neurosciences - Cognitive Neuroscience","John Wiley & Sons","For-profit associated with a society","Hybrid","1843","USA","Cognitive Science Society","Society/Association","https://onlinelibrary.wiley.com/journal/15516709","0.978","Q1 (Artificial Intelligence)","146","No"
"Cognitive Systems Research","Neurosciences - Cognitive Neuroscience","Elsevier","For-profit","Hybrid","2084","Netherlands","","","https://www.sciencedirect.com/journal/cognitive-systems-research","0.719","Q2 (Artificial Intelligence; Cognitive Neuroscience; Experimental and Cognitive Psychology; Software)","76","No"
"Cold Spring Harbor Perspectives in Biology","Generalist","Cold Spring Harbor (CSH) Laboratory Press","Non-profit","Hybrid","","USA","","","https://cshperspectives.cshlp.org/","3.932","Q1 (Biochemistry, Genetics and Molecular Biology)","263","No"
"Coleopterists Bulletin","Ecology & Evolution - Zoology","The Coleopterists Society","Non-profit","Subscription","","USA","The Coleopterists Society","Society/Association","https://www.coleopsoc.org/the-coleopterists-bulletin/","0.334","Q3 (Insect Science)","30","No"
"Collabra: Psychology","Neurosciences - Cognitive Neuroscience","University of California Press","University Press associated with a society","OA","1420","USA","Society for the Improvement of Psychological Science","Society/Association","https://online.ucpress.edu/collabra","1.409","Q1 (Psychology)","35","PCI friendly"
"Communications Biology","Generalist","Springer Nature","For-profit","OA","3681","Germany / UK","","","https://www.nature.com/commsbio/","1.994","Q1 (Agricultural and Biological Sciences; Biochemistry, Genetics and Molecular Biology; Medicine)","109","No"
"Communications in Kinesiology (CiK)","Anatomy & Physiology - Sport Science","Society for Transparency, Openness, and Replication in Kinesiology (STORK)","Non-profit","OA","","Canada","Society for Transparency, Openness, and Replication in Kinesiology (STORK)","Non-profit","https://storkjournals.org/index.php/cik","","","","No"
"Communications in Statistics - Theory & Methods","Generalist - Statistics","Taylor & Francis Group","For-profit","Hybrid","2395","UK","","","https://www.tandfonline.com/toc/lsta20/current","0.427","Q3 (Statistics and Probability)","79","No"
"Communications Psychology","Neurosciences - Cognitive Neuroscience","Springer Nature","For-profit","Hybrid","1874","UK","","","https://www.nature.com/commspsychol/","","","","No"
"Comparative Biochemistry and Physiology Part A: Molecular and Integrative Physiology","Ecology & Evolution - Health; Molecular & Cellular Biology - Methodology and Experimental Techniques","Elsevier","For-profit associated with a society","Hybrid","2221","Netherlands","Australia & New Zealand Society of Comparative Physiology and Biochemistry (ANZSCPB); American Physiological Society (APS); Canadian Society of Zoologists (CSZ); Deutsche Zoologische Gesellschaft (DZG); European Society of Comparative Physiology and Biochemistry (ESCPB); Japanese Society for Comparative Physiology and Biochemistry (JSCPB); South American Society for Comparative Physiology and Biochemistry (SASCPB); Societe de Physiologie (SDP); Society for Experimental Biology (SEB); Society for Integrative & Comparative Biology (SICB)","Society/Association","https://www.sciencedirect.com/journal/comparative-biochemistry-and-physiology-part-a-molecular-and-integrative-physiology","0.547","Q1 (Animal Science and Zoology)","138","No"
"Comparative Biochemistry and Physiology Part B: Biochemistry and Molecular Biology","Molecular & Cellular Biology - Methodology and Experimental Techniques","Elsevier","For-profit associated with a society","Hybrid","2371","Netherlands","Australia & New Zealand Society of Comparative Physiology and Biochemistry (ANZSCPB); American Physiological Society (APS); Canadian Society of Zoologists (CSZ); Deutsche Zoologische Gesellschaft (DZG); European Society of Comparative Physiology and Biochemistry (ESCPB); Japanese Society for Comparative Physiology and Biochemistry (JSCPB); South American Society for Comparative Physiology and Biochemistry (SASCPB); Societe de Physiologie (SDP); Society for Experimental Biology (SEB); Society for Integrative & Comparative Biology (SICB)","Society/Association","https://www.sciencedirect.com/journal/comparative-biochemistry-and-physiology-part-b-biochemistry-and-molecular-biology","0.526","Q2 (Animal Science and Zoology; Aquatic Science)","120","No"
"Comparative Biochemistry and Physiology Part C: Toxicology and Pharmacology","Molecular & Cellular Biology - Methodology and Experimental Techniques","Elsevier","For-profit associated with a society","Hybrid","3229","Netherlands","Australia & New Zealand Society of Comparative Physiology and Biochemistry (ANZSCPB); American Physiological Society (APS); Canadian Society of Zoologists (CSZ); Deutsche Zoologische Gesellschaft (DZG); European Society of Comparative Physiology and Biochemistry (ESCPB); Japanese Society for Comparative Physiology and Biochemistry (JSCPB); South American Society for Comparative Physiology and Biochemistry (SASCPB); Societe de Physiologie (SDP); Society for Experimental Biology (SEB); Society for Integrative & Comparative Biology (SICB)","Society/Association","https://www.sciencedirect.com/journal/comparative-biochemistry-and-physiology-part-c-toxicology-and-pharmacology","1.11","Q1 (Animal Science and Zoology; Aquatic Science; Health, Toxicology and Mutagenesis; Medicine; Toxicology)","132","No"
"Comparative Biochemistry and Physiology Part D: Genomics Proteomics","Genetics & Genomics - Genomics; Molecular & Cellular Biology - Methodology and Experimental Techniques","Elsevier","For-profit associated with a society","Hybrid","2803","Netherlands","Australia & New Zealand Society of Comparative Physiology and Biochemistry (ANZSCPB); American Physiological Society (APS); Canadian Society of Zoologists (CSZ); Deutsche Zoologische Gesellschaft (DZG); European Society of Comparative Physiology and Biochemistry (ESCPB); Japanese Society for Comparative Physiology and Biochemistry (JSCPB); South American Society for Comparative Physiology and Biochemistry (SASCPB); Societe de Physiologie (SDP); Society for Experimental Biology (SEB); Society for Integrative & Comparative Biology (SICB)","Society/Association","https://www.sciencedirect.com/journal/comparative-biochemistry-and-physiology-part-d-genomics-and-proteomics","0.546","Q1 (Animal Science and Zoology)","55","No"
"Comparative Immunology, Microbiology and Infectious Diseases","Immunology - Immunopathology","Elsevier","For-profit","Hybrid","2780","Netherlands","","","https://www.sciencedirect.com/journal/comparative-immunology-microbiology-and-infectious-diseases","0.596","Q1 (Veterinary)","72","No"
"Comparative Parasitology","Ecology & Evolution - Health; Immunology - Parasitology","The Helminthological Society of Washington","Non-profit","Subscription","","USA","The Helminthological Society of Washington","Society/Association","https://bioone.org/journals/comparative-parasitology","0.267","Q3 (Ecology, Evolution, Behavior and Systematics)","35","No"
"Comprehensive Physiology","Anatomy & Physiology - Physiology","John Wiley & Sons","For-profit associated with a society","Hybrid","","USA","American Physiological Society (APS)","Society/Association","https://onlinelibrary.wiley.com/journal/20404603","2.061","Q1 (Medicine; Physiology)","140","No"
"Comprehensive Plant Biology","Plants - Generalist","Institute of Botany and Botanical Garden Jevremovac, Faculty of Biology, University of Belgrade","University Press","OA diamond","0","Serbia","Institute of Botany and Botanical Garden Jevremovac, Faculty of Biology, University of Belgrade","University/Government","https://cpb.bio.bg.ac.rs/","0.29","Q3 (Plant Science)","17","No"
"Comprehensive Psychiatry","Neurosciences - Clinical Neuroscience","Elsevier","For-profit","OA","3193","USA","","","https://www.sciencedirect.com/journal/comprehensive-psychiatry","1.842","Q1 (Clinical Psychology; Psychiatry and Mental Health)","134","No"
"Comptes Rendus Biologies","Generalist","Académie des Sciences","Non-profit","OA diamond","0","France","Académie des Sciences","University/Government","https://comptes-rendus.academie-sciences.fr/biologies","0.299","Q2 (Agricultural and Biological Sciences)","103","No"
"Computational and Structural Biotechnology Journal","Genetics & Genomics - Generalist; Molecular & Cellular Biology - Methodology and Experimental Techniques","American Association for the Advancement of Science (AAAS)","Non-profit","OA","2950","USA","Research Network of Computational and Structural Biotechnology","","https://spj.science.org/journal/csbj/","1.312","Q1 (Biochemistry; Biophysics; Biotechnology; Computer Science Applications; Genetics; Structural Biology)","107","No"
"Computational Biology and Chemistry.","Generalist - Computational Biology; Molecular & Cellular Biology - Miscellaneous / Interdisciplinary","Elsevier","For-profit","Hybrid","2327","Netherlands","","","https://www.sciencedirect.com/journal/computational-biology-and-chemistry","0.561","Q2 (Computational Mathematics; Organic Chemistry)","76","No"
"Computational Linguistics","Neurosciences - Cognitive Neuroscience","MIT Press","University Press","OA diamond","0","USA","MIT","University/Government","https://direct.mit.edu/coli","1.837","Q1 (Artificial Intelligence; Computer Science Applications; Linguistics and Language)","122","No"
"Computational Psychiatry","Neurosciences - Clinical Neuroscience","The Society for Computational Psychiatry Ltd.","Non-profit","OA","2607","UK","The Society for Computational Psychiatry Ltd.","Society/Association","https://cpsyjournal.org/","1.143","Q1 (Psychology)","13","No"
"Computational Statistics","Generalist - Statistics","Springer Nature","For-profit","Hybrid","2660","Germany / UK","","","https://link.springer.com/journal/180","0.524","Q2 (Computational Mathematics; Statistics and Probability; Statistics, Probability and Uncertainty)","58","No"
"Computational Statistics and Data Analysis","Generalist - Statistics","Elsevier","For-profit associated with a society","Hybrid","1322","Netherlands","Network Computational and Methodological Statistics (CMStatistics); International Association of Statistical Computing (IASC)","Society/Association","https://www.sciencedirect.com/journal/computational-statistics-and-data-analysis","0.926","Q1 (Applied Mathematics; Computational Mathematics; Computational Theory and Mathematics; Statistics and Probability)","145","No"
"Computational Toxicology","","Elsevier","For-profit","Hybrid","2560","Netherlands","","","","0.745","Q2 (Computer Science Applications; Health, Toxicology and Mutagenesis; Toxicology)","34","No"
"Computer Methods and Programs in Biomedicine","Generalist - Methods","Elsevier","For-profit","Hybrid","2369","Netherlands","","","https://www.sciencedirect.com/journal/computer-methods-and-programs-in-biomedicine","1.233","Q1 (Computer Science Applications; Health Informatics; Software)","165","No"
"Computers in Biology and Medicine","Generalist - Computational Biology","Elsevier","For-profit","Hybrid","4098","Netherlands","","","https://www.sciencedirect.com/journal/computers-in-biology-and-medicine","1.375","Q1 (Computer Science Applications; Health Informatics)","164","No"
"Congenital Anomalies","Development - Perinatology and Birth Defects/Teratology","John Wiley & Sons","For-profit associated with a society","Hybrid","2183","USA","Japanese Teratology Society","Society/Association","https://onlinelibrary.wiley.com/journal/17414520","","","","No"
"Connective Tissue Research","Molecular & Cellular Biology - Cell Biology and Developmental Biology","Taylor & Francis Group","For-profit","","","UK","","","https://www.tandfonline.com/journals/icts20","0.619","Q2 (Orthopedics and Sports Medicine)","84","No"
"Conservation Biology","Ecology & Evolution - Applied Ecology","John Wiley & Sons","For-profit associated with a society","Hybrid","2270","USA","Society for Conservation Biology","Society/Association","https://conbio.onlinelibrary.wiley.com/journal/15231739","2.004","Q1 (Ecology; Ecology, Evolution, Behavior and Systematics; Medicine; Nature and Landscape Conservation)","267","No"
"Conservation Letters","Ecology & Evolution - Applied Ecology","John Wiley & Sons","For-profit associated with a society","OA","1943","USA","Society for Conservation Biology","Society/Association","https://conbio.onlinelibrary.wiley.com/journal/1755263x","2.27","Q1 (Ecology; Ecology, Evolution, Behavior and Systematics; Nature and Landscape Conservation)","125","No"
"Conservation Physiology","Ecology & Evolution - Applied Ecology","Oxford University Press (OUP)","University Press associated with a society","OA","2379","UK","Society for Experimental Biology","Society/Association","https://academic-oup-com.inee.bib.cnrs.fr/conphys","0.729","Q1 (Nature and Landscape Conservation)","64","No"
"Conservation Science and Practice","Ecology & Evolution - Applied Ecology","John Wiley & Sons","For-profit associated with a society","OA","1510","USA","The Society for Conservation Biology","Society/Association","https://conbio.onlinelibrary.wiley.com/journal/25784854","1.079","Q1 (Ecology; Environmental Science; Nature and Landscape Conservation)","44","No"
"Conservation & Society","Ecology & Evolution - Applied Ecology","Wolters Kluwer","For-profit associated with a society","OA","601","India","Ashoka Trust for Research in Ecology and the Environment","University/Government","https://www.conservationandsociety.org.in/","0.833","Q1 (Ecology; Ecology, Evolution, Behavior and Systematics; Nature and Landscape Conservation)","58","No"
"Contributions to Zoology","Ecology & Evolution - Zoology","De Gruyter Brill","For-profit associated with a society","OA","1562","Germany / Netherlands","Naturalis Biodiversity Center","University/Government","https://brill.com/view/journals/ctoz/ctoz-overview.xml","0.591","Q1 (Animal Science and Zoology)","42","No"
"Coral Reefs","Ecology & Evolution - Zoology","Springer Nature","For-profit associated with a society","Hybrid","2318","Germany / UK","International Coral Reef Society","Society/Association","https://www.springer.com/journal/338","0.901","Q1 (Aquatic Science)","131","No"
"Cortex","Neurosciences - Generalist","Elsevier","For-profit","Hybrid","3165","Netherlands","","","https://www.sciencedirect.com/journal/cortex","1.242","Q1 (Cognitive Neuroscience; Developmental and Educational Psychology; Experimental and Cognitive Psychology; Neurology; Neuropsychology and Physiological Psychology)","155","No"
"CPT: Pharmacometrics and Systems pharmacology","Anatomy & Physiology - Physiology; Molecular & Cellular Biology - Pharmacology and Toxicology","John Wiley & Sons","For-profit associated with a society","OA","3707","USA","American Society for Clinical Pharmacology and Therapeutics (ASCPT)","Society/Association","https://ascpt.onlinelibrary.wiley.com/journal/21638306","0.948","Q1 (Cardiology and Cardiovascular Medicine; Modeling and Simulation; Pharmacology)","66","No"
"Cranio","Neurosciences - Clinical Neuroscience","Taylor & Francis Group","For-profit associated with a society","","","UK","American Academy of Orofacial Pain (AAOP)","","https://www.tandfonline.com/journals/ycra20","0.601","Q2 (Dentistry; Otorhinolaryngology)","57","No"
"Critical Reviews in Biochemistry and Molecular Biology","Molecular & Cellular Biology - Biochemistry and Molecular Biology","Taylor & Francis Group","For-profit","Hybrid","1769","UK","","","https://www.tandfonline.com/journals/ibmg20","2.553","Q1 (Biochemistry; Molecular Biology)","136","No"
"Critical Reviews in Immunology","Immunology - Generalist/Classical Immunology","Begell House","For-profit","","","USA","","","https://www.begellhouse.com/journals/critical-reviews-in-immunology.html","0.558","Q3 (Immunology; Immunology and Allergy)","91","No"
"Critical Reviews in Microbiology","Immunology - Immunopathology; Molecular & Cellular Biology - Microbiology and Infectious Diseases","Taylor & Francis Group","For-profit","Hybrid","2101","UK","","","https://www.tandfonline.com/journals/imby20","1.831","Q1 (Applied Microbiology and Biotechnology; Medicine; Microbiology)","124","No"
"Critical Reviews in Oncology/Hematology","Cancer - Generalist","Elsevier","For-profit","Hybrid","4077","Netherlands","","","https://www.journals.elsevier.com/critical-reviews-in-oncology-hematology","1.977","Q1 (Geriatrics and Gerontology; Hematology; Oncology)","160","No"
"Crop and Environment","Plants - Agriculture","Elsevier","For-profit","OA","1565","Netherlands","Huazhong Agricultural University","","https://www.sciencedirect.com/journal/crop-and-environment","1.99","Q1 (Agricultural and Biological Sciences; Agronomy and Crop Science)","20","No"
"Crop Journal","Plants - Agriculture","Elsevier","For-profit associated with a society","OA","","Netherlands","Crop Science Society of China","Society/Association","https://www.sciencedirect.com/journal/the-crop-journal","1.688","Q1 (Agronomy and Crop Science; Plant Science)","78","No"
"Cryobiology","Anatomy & Physiology - Physiology","Elsevier","For-profit associated with a society","Hybrid","1867","Netherlands","Society for Cryobiology","Society/Association","https://www.sciencedirect.com/journal/cryobiology","0.515","Q2 (Agricultural and Biological Sciences; Biochemistry, Genetics and Molecular Biology)","101","No"
"Cryptogamie, Algologie","Ecology & Evolution - Evolution; Plants - Generalist","Muséum national d'Histoire naturelle (MNHN)","Non-profit","OA diamond","0","France","Muséum national d'Histoire naturelle, Paris","University/Government","https://bioone.org/journals/cryptogamie-algologie/issues","0.451","Q2 (Aquatic Science; Ecology, Evolution, Behavior and Systematics; Plant Science)","41","No"
"Cryptogamie, Bryologie","Ecology & Evolution - Evolution; Plants - Generalist","Muséum national d'Histoire naturelle (MNHN)","Non-profit","OA diamond","0","France","Muséum national d'Histoire naturelle, Paris","University/Government","https://sciencepress.mnhn.fr/fr/periodiques/bryologie","0.241","Q3 (Ecology, Evolution, Behavior and Systematics; Plant Science)","31","No"
"Cryptogamie Mycologie","Ecology & Evolution - Evolution","Muséum national d'Histoire naturelle (MNHN)","Non-profit","OA diamond","0","France","Museum National d'Histoire Naturelle","University/Government","https://sciencepress.mnhn.fr/fr/periodiques/mycologie","0.376","Q3 (Ecology, Evolution, Behavior and Systematics)","38","No"
"Current biology","Generalist","Elsevier","For-profit","Hybrid","5489","USA","","","https://www.cell.com/current-biology/home","2.897","Q1 (Agricultural and Biological Sciences; Biochemistry, Genetics and Molecular Biology; Neuroscience)","386","No"
"Current Breast Cancer Reports","Cancer - Breast Cancer","Springer Nature","For-profit","Hybrid","2584","Germany / UK","","","https://link.springer.com/journal/12609","0.402","Q3 (Oncology)","28","No"
"Current Directions in Psychological Science","Neurosciences - Clinical Neuroscience","Sage Publishing","For-profit associated with a society","","","USA","Association for Psychological Science","Society/Association","https://journals.sagepub.com/home/cdpa","2.975","Q1 (Developmental and Educational Psychology; Psychology)","238","No"
"Current Fungal Infection Reports","Immunology - Immunopathology","Springer Nature","For-profit","Hybrid","2564","Germany / UK","","","https://link.springer.com/journal/12281","0.735","Q2 (Infectious Diseases)","39","No"
"Current Herpetology","Ecology & Evolution - Zoology","Herpetological Society of Japan","Non-profit","Subscription","","Japan","Herpetological Society of Japan","Society/Association","https://herpetology.jp/CurHerp/","0.447","Q2 (Animal Science and Zoology)","22","No"
"Current HIV/AIDS Reports","Immunology - Virology","Springer Nature","For-profit","Hybrid","3315","Germany / UK","","","https://link.springer.com/journal/11904","1.569","Q1 (Infectious Diseases; Virology)","83","No"
"Current Opinion in Allergy and Clinical Immunology","Immunology - Allergy and Hypersensitivity","Wolters Kluwer (Lippincott)","For-profit","Hybrid","2842","Netherlands / USA","","","https://journals.lww.com/co-allergy/pages/default.aspx","0.798","Q2 (Immunology and Allergy)","104","No"
"Current Opinion in Behavioral Sciences","Neurosciences - Behavioral Neuroscience","Elsevier","For-profit","Hybrid","3710","Netherlands","","","https://www.sciencedirect.com/journal/current-opinion-in-behavioral-sciences","1.363","Q1 (Behavioral Neuroscience; Cognitive Neuroscience; Psychiatry and Mental Health)","96","No"
"Current Opinion in Cell Biology","Molecular & Cellular Biology - Cell Biology and Developmental Biology","Elsevier","For-profit","Hybrid","2441","Netherlands","","","https://www.sciencedirect.com/journal/current-opinion-in-cell-biology","2.846","Q1 (Cell Biology)","288","No"
"Current Opinion in Endocrinology Diabetes and Obesity","Anatomy & Physiology - Endocrinology","Wolters Kluwer (Lippincott)","For-profit","Hybrid","3390","Netherlands / USA","","","https://journals.lww.com/co-endocrinology/pages/default.aspx","0.984","Q1 (Medicine)","93","No"
"Current Opinion in Gastroenterology","Anatomy & Physiology - Physiology","Wolters Kluwer (Lippincott)","For-profit","","","Netherlands / USA","","","https://journals.lww.com/co-gastroenterology/Pages/currenttoc.aspx","0.941","Q2 (Gastroenterology)","100","No"
"Current Opinion in Genetics & Development","Development - Genetics; Genetics & Genomics - Generalist","Elsevier","For-profit","Hybrid","2181","Netherlands","-","","https://www.sciencedirect.com/journal/current-opinion-in-genetics-and-development","2.327","Q1 (Developmental Biology; Genetics)","208","No"
"Current Opinion in HIV AIDS","Immunology - Virology","Wolters Kluwer (Lippincott)","For-profit","Hybrid","3663","Netherlands / USA","","","https://journals.lww.com/co-hivandaids/pages/default.aspx","1.331","Q1 (Hematology; Infectious Diseases; Oncology; Virology)","87","No"
"Current Opinion in Immunology","Immunology - Generalist/Classical Immunology","Elsevier","For-profit","Hybrid","3523","Netherlands","","","https://www.sciencedirect.com/journal/current-opinion-in-immunology","3.01","Q1 (Immunology; Immunology and Allergy)","218","No"
"Current Opinion in Infectious Diseases","Immunology - Immunopathology","Wolters Kluwer (Lippincott)","For-profit","Hybrid","3632","Netherlands / USA","","","https://journals.lww.com/co-infectiousdiseases/pages/default.aspx","1.309","Q1 (Infectious Diseases; Microbiology)","127","No"
"Current Opinion in Lipidology","Molecular & Cellular Biology - Biochemistry and Molecular Biology","Wolters Kluwer (Lippincott)","For-profit","Hybrid","2910","Netherlands / USA","","","https://journals.lww.com/co-lipidology/pages/default.aspx","1.348","Q1 (Cardiology and Cardiovascular Medicine; Endocrinology, Diabetes and Metabolism; Genetics; Nutrition and Dietetics)","142","No"
"Current Opinion in Microbiology","Immunology - Immunopathology; Molecular & Cellular Biology - Microbiology and Infectious Diseases","Elsevier","For-profit","Hybrid","2176","Netherlands","","","https://www.sciencedirect.com/journal/current-opinion-in-microbiology","2.802","Q1 (Infectious Diseases; Microbiology)","217","No"
"Current Opinion in Neurobiology","Neurosciences - Generalist","Elsevier","For-profit","Hybrid","2418","Netherlands","","","https://www.sciencedirect.com/journal/current-opinion-in-neurobiology","2.871","Q1 (Neuroscience)","262","No"
"Current Opinion in Neurology","Neurosciences - Clinical Neuroscience","Wolters Kluwer (Lippincott)","For-profit","Hybrid","3692","Netherlands / USA","","","https://journals.lww.com/co-neurology/pages/default.aspx","1.375","Q1 (Neurology)","147","No"
"Current Opinion in Organ Transplantation","Immunology - Transplant Immunology","Wolters Kluwer (Lippincott)","For-profit","","","Netherlands / USA","","","https://journals.lww.com/co-transplantation/pages/default.aspx","0.857","Q2 (Immunology and Allergy; Transplantation)","66","No"
"Current Opinion in Pharmacology","Molecular & Cellular Biology - Pharmacology and Toxicology","Elsevier","For-profit","Hybrid","2820","Netherlands","","","https://www.sciencedirect.com/journal/current-opinion-in-pharmacology","1.521","Q1 (Drug Discovery; Pharmacology)","157","No"
"Current Opinion in Plant Biology","Plants - Generalist","Elsevier","For-profit","Hybrid","2518","Netherlands","","","https://www.sciencedirect.com/journal/current-opinion-in-plant-biology","3.15","Q1 (Plant Science)","250","No"
"Current Opinion in Psychiatry","Neurosciences - Clinical Neuroscience","Wolters Kluwer (Lippincott)","For-profit","Hybrid","3611","Netherlands / USA","","","https://journals.lww.com/co-psychiatry/pages/default.aspx","1.783","Q1 (Psychiatry and Mental Health)","122","No"
"Current Opinion in Psychology","Neurosciences - Cognitive Neuroscience","Elsevier","For-profit","Hybrid","3902","Netherlands","","","https://www.sciencedirect.com/journal/current-opinion-in-psychology","3.432","Q1 (Psychology)","127","No"
"Current Opinion in Systems Biology","Generalist","Elsevier","For-profit","Hybrid","2923","Netherlands","","","https://www.sciencedirect.com/journal/current-opinion-in-systems-biology","1.298","Q1 (Applied Mathematics; Biochemistry, Genetics and Molecular Biology; Computer Science Applications; Drug Discovery; Modeling and Simulation)","43","No"
"Current Opinion in Virology","Immunology - Virology","Elsevier","For-profit","Hybrid","2819","Netherlands","","","https://www.sciencedirect.com/journal/current-opinion-in-virology","2.217","Q1 (Virology)","109","No"
"Current Plant Biology","Plants - Generalist","Elsevier","For-profit","OA","1557","Netherlands","","","https://www.sciencedirect.com/journal/current-plant-biology","0.887","Q1 (Plant Science)","42","No"
"Current Research in Neurobiology","Neurosciences - Generalist","Elsevier","For-profit","OA","1095","Netherlands","","","https://www.sciencedirect.com/journal/current-research-in-neurobiology","1.09","Q1 (Behavioral Neuroscience; Bioengineering; Neurology)","15","No"
"Current Research in Translational Medicine","Generalist - Clinical/Medicine","Elsevier","For-profit","Hybrid","2395","Netherlands","","","https://www.sciencedirect.com/journal/current-research-in-translational-medicine","0.877","Q2 (Biochemistry, Genetics and Molecular Biology; Hematology; Infectious Diseases; Medicine; Oncology; Transplantation)","72","No"
"Current Topics in Developmental Biology","Development - Generalist","Elsevier","For-profit","OA","","Netherlands","","","https://www.sciencedirect.com/bookseries/current-topics-in-developmental-biology","0.471","Q4 (Cell Biology; Developmental Biology)","119","No"
"Current Topics in Membranes","Molecular & Cellular Biology - Methodology and Experimental Techniques","Elsevier","For-profit","","","Netherlands","","","https://www.sciencedirect.com/bookseries/current-topics-in-membranes","0.329","Q4 (Cell Biology; Molecular Biology)","56","No"
"Current Topics in Microbiology and Immunology","Immunology - Immunogenetics, Molecular and Cellular Immunology","Springer Nature","For-profit","","","Germany / UK","","","https://link.springer.com/series/82","","","","No"
"Current Zoology","Ecology & Evolution - Zoology","Oxford University Press (OUP)","University Press associated with a society","OA","1455","UK","China Zoological Society","Society/Association","https://academic.oup.com/cz","0.688","Q1 (Animal Science and Zoology)","58","No"
"Cybium","Ecology & Evolution - Zoology","Societe Francaise d'Ichtyologie","Non-profit","Subscription","","France","Societe Francaise d'Ichtyologie","Society/Association","https://sfi-cybium.fr/fr/cybium-revue-internationale-dichtyologie","0.209","Q4 (Animal Science and Zoology; Ecology, Evolution, Behavior and Systematics)","37","No"
"Cytogenetic and Genome Research","Genetics & Genomics - Genomics","Karger Publishers","For-profit","Hybrid","2926","Switzerland","","","https://karger.com/CGR","0.52","Q3 (Genetics; Molecular Biology)","100","No"
"Cytokine","Immunology - Immunogenetics, Molecular and Cellular Immunology","Elsevier","For-profit","Hybrid","3081","Netherlands","","","https://www.journals.elsevier.com/cytokine","1.083","Q1 (Hematology)","147","No"
"Cytokine & Growth Factor Reviews","Immunology - Immunogenetics, Molecular and Cellular Immunology","Elsevier","For-profit","Hybrid","2600","Netherlands","","","https://www.journals.elsevier.com/cytokine-and-growth-factor-reviews","3.297","Q1 (Biochemistry, Genetics and Molecular Biology; Endocrinology, Diabetes and Metabolism; Immunology; Immunology and Allergy)","193","No"
"Cytometry Part A","Molecular & Cellular Biology - Methodology and Experimental Techniques","John Wiley & Sons","For-profit associated with a society","Hybrid","3690","USA","International Society for Advancement of Cytometry","Society/Association","https://onlinelibrary.wiley.com/journal/15524930","1.404","Q1 (Histology; Pathology and Forensic Medicine)","114","No"
"Cytopathology","Molecular & Cellular Biology - Clinical and Medical Sciences","John Wiley & Sons","For-profit","Hybrid","1721","USA","","","https://onlinelibrary.wiley.com/journal/13652303","0.389","Q3 (Histology; Medicine; Pathology and Forensic Medicine)","58","No"
"Cytoskeleton","Molecular & Cellular Biology - Cell Biology and Developmental Biology","John Wiley & Sons","For-profit","Hybrid","2539","USA","","","https://onlinelibrary.wiley.com/journal/19493592","0.677","Q3 (Cell Biology; Structural Biology)","99","No"
"Decision","Neurosciences - Cognitive Neuroscience","American Psychological Association (APA)","Non-profit","Hybrid","2745","USA","American Psychological Association","Society/Association","https://www.apa.org/pubs/journals/dec/","0.86","Q2 (Applied Psychology; Neuropsychology and Physiological Psychology; Social Psychology; Statistics, Probability and Uncertainty)","26","No"
"Deep Brain Stimulation","Neurosciences - Neuromodulation","Elsevier","For-profit associated with a society","OA","2280","Netherlands","Deep Brain Stimulation Society","Society/Association","https://www.sciencedirect.com/journal/deep-brain-stimulation","","","","No"
"Dementia","Neurosciences - Clinical Neuroscience","Sage Publishing","For-profit","Hybrid","2488","USA","","","https://journals.sagepub.com/home/dema","0.993","Q1 (History; Medicine; Social Sciences; Sociology and Political Science)","75","No"
"Dementia and Geriatric Cognitive Disorders","Neurosciences - Clinical Neuroscience","Karger Publishers","For-profit","Hybrid","2512","Switzerland","","","https://karger.com/dem","0.711","Q2 (Cognitive Neuroscience; Geriatrics and Gerontology; Psychiatry and Mental Health)","130","No"
"Depression and Anxiety","Neurosciences - Clinical Neuroscience","John Wiley & Sons","For-profit","Hybrid","2376","USA","","","https://onlinelibrary.wiley.com/journal/da","1.135","Q1 (Clinical Psychology; Psychiatry and Mental Health)","180","No"
"Development","Development - Generalist","The Company of Biologists","Non-profit","Hybrid","4552","UK","","","https://journals.biologists.com/dev","1.6","Q1 (Developmental Biology; Molecular Biology)","377","No"
"Developmental Biology","Development - Generalist","Elsevier","For-profit associated with a society","Hybrid","4010","Netherlands","Society for Developmental Biology","Society/Association","https://www.sciencedirect.com/journal/developmental-biology","1.04","Q2 (Cell Biology; Developmental Biology; Molecular Biology)","257","No"
"Developmental Biology Advances","Development - Generalist","Springer Nature","For-profit","OA","2649","Germany / UK","-","","https://evodevojournal.biomedcentral.com/","1.16","Q1 (Ecology, Evolution, Behavior and Systematics)","48","No"
"Developmental Cell","Development - Molecular and Cellular development; Molecular & Cellular Biology - Cell Biology and Developmental Biology","Elsevier (Cell Press)","For-profit","Hybrid","6853","USA","","","https://www.cell.com/developmental-cell","5.494","Q1 (Biochemistry, Genetics and Molecular Biology; Cell Biology; Developmental Biology; Molecular Biology)","318","No"
"Developmental Cognitive Neuroscience","Development - Neuroscience; Neurosciences - Developmental Neuroscience","Elsevier","For-profit associated with a society","OA","2813","Netherlands","Flux: The Flux Society for Developmental Cognitive Neuroscience","Society/Association","https://www.journals.elsevier.com/developmental-cognitive-neuroscience","1.991","Q1 (Cognitive Neuroscience)","104","No"
"Developmental & Comparative Immunology","Development - Molecular and Cellular development; Immunology - Generalist/Classical Immunology","Elsevier","For-profit associated with a society","Hybrid","3859","Netherlands","International Society of Developmental and Comparative Immunology","Society/Association","https://www.sciencedirect.com/journal/developmental-and-comparative-immunology","0.545","Q2 (Aquatic Science)","141","No"
"Developmental Dynamics","Development - Generalist; Ecology & Evolution - Zoology","John Wiley & Sons","For-profit associated with a society","Hybrid","1978","USA","American Association for Anatomy","Society/Association","https://anatomypubs.onlinelibrary.wiley.com/journal/10970177","0.837","Q2 (Developmental Biology)","161","No"
"Developmental Medicine & Child Neurology","Development - Neuroscience; Neurosciences - Developmental Neuroscience","John Wiley & Sons","For-profit","Hybrid","2608","USA","-","","https://onlinelibrary.wiley.com/journal/14698749","1.484","Q1 (Developmental Neuroscience; Neurology; Pediatrics, Perinatology and Child Health)","182","No"
"Developmental Neurobiology","Development - Neuroscience; Neurosciences - Developmental Neuroscience","John Wiley & Sons","For-profit","Hybrid","2580","USA","-","","https://onlinelibrary.wiley.com/journal/1932846X","0.985","Q2 (Cellular and Molecular Neuroscience; Developmental Neuroscience)","146","No"
"Developmental Neuroscience","Neurosciences - Developmental Neuroscience","Karger Publishers","For-profit","Hybrid","3092","Switzerland","","","https://karger.com/dne","0.741","Q2 (Developmental Neuroscience; Neurology)","97","No"
"Developmental Psychobiology","Development - Neuroscience; Neurosciences - Developmental Neuroscience","John Wiley & Sons","For-profit","Hybrid","2886","USA","-","","https://onlinelibrary.wiley.com/journal/10982302","0.727","Q2 (Developmental and Educational Psychology)","112","No"
"Developmental Psychology","Development - Neuroscience; Neurosciences - Developmental Neuroscience","American Psychological Association (APA)","Non-profit","Hybrid","2617","USA","American Psychological Association","Society/Association","https://www.apa.org/pubs/journals/dev","1.367","Q1 (Demography; Developmental and Educational Psychology; Life-span and Life-course Studies)","265","No"
"Development and Psychopathology","Development - Neuroscience; Neurosciences - Developmental Neuroscience","Cambridge University Press (CUP)","University Press","Hybrid","2786","UK","Cambridge University","University/Government","https://www.cambridge.org/core/journals/development-and-psychopathology","1.695","Q1 (Developmental and Educational Psychology; Psychiatry and Mental Health)","207","No"
"Development Growth & Differentiation","Development - Molecular and Cellular Development","John Wiley & Sons","For-profit associated with a society","Hybrid","3167","USA","Japanese Society for Developmental Biologists","Society/Association","https://onlinelibrary.wiley.com/journal/1440169X","0.562","Q2 (Medicine)","78","No"
"Diagnostic Microbiology and Infectious Disease","Immunology - Immunopathology","Elsevier","For-profit","Hybrid","2833","Netherlands","","","https://www.sciencedirect.com/journal/diagnostic-microbiology-and-infectious-disease","0.553","Q2 (Medicine)","111","No"
"Differentiation","Development - Molecular and Cellular development","Elsevier","For-profit","Hybrid","3260","Netherlands","-","","https://www.sciencedirect.com/journal/differentiation","1.144","Q2 (Cancer Research; Cell Biology; Developmental Biology; Molecular Biology)","111","No"
"Digestion","Anatomy & Physiology - Physiology","Karger Publishers","For-profit","","","Switzerland","","","https://karger.com/dig","0.944","Q2 (Gastroenterology)","96","No"
"Discover Developmental Biology","Development - Generalist","Springer Nature","For-profit","","","Germany / UK","-","","https://link.springer.com/journal/427","0.467","Q3 (Genetics)","85","No"
"Discover Neuroscience","Neurosciences - Generalist","Springer Nature","For-profit","","","Germany / UK","","","https://link.springer.com/journal/13064","0.727","Q2 (Developmental Neuroscience)","65","No"
"Discover Oncology","Cancer - Generalist","Springer Nature","For-profit","OA","1391","Switzerland","","","https://link.springer.com/journal/12672","0.731","Q2 (Oncology)","50","No"
"Disease Models and Mechanisms","Immunology - Immunopathology","The Company of Biologists","Non-profit","OA","3555","UK","","","https://journals.biologists.com/dmm","1.306","Q1 (Biochemistry, Genetics and Molecular Biology; Immunology and Microbiology; Medicine; Neuroscience)","120","No"
"DNA and Cell Biology","Genetics & Genomics - Molecular and Cellular Genetics","Sage Publishing","For-profit","Hybrid","3233","USA","","","https://journals.sagepub.com/home/dnaa","0.664","Q2 (Medicine)","94","No"
"DNA Research","Genetics & Genomics - Genomics","Oxford University Press (OUP)","University Press","OA","1584","UK","Kazusa DNA Research Institute","","https://academic.oup.com/dnaresearch","0.948","Q1 (Medicine)","120","No"
"Drug and Alcohol Review","Neurosciences - Addiction","John Wiley & Sons","For-profit associated with a society","Hybrid","2254","USA","Australasian Professional Society on Alcohol and other Drugs (APSAD)","Society/Association","https://onlinelibrary.wiley.com/journal/14653362","1.028","Q1 (Health; Medicine)","96","No"
"Drug Resistance Updates","Cancer - Treatment; Immunology - Immunopathology","Elsevier","For-profit","Hybrid","3755","Netherlands","","","https://www.journals.elsevier.com/drug-resistance-updates","5.279","Q1 (Cancer Research; Infectious Diseases; Oncology; Pharmacology)","148","No"
"Early Human Development","Development - Generalist","Elsevier","For-profit","Hybrid","2692","Netherlands","","","https://www.sciencedirect.com/journal/early-human-development","0.761","Q1 (Pediatrics, Perinatology and Child Health)","119","No"
"Ecography","Ecology & Evolution - Applied Ecology","John Wiley & Sons","For-profit associated with a society","OA","2131","UK","Nordic Society Oikos","Society/Association","https://onlinelibrary.wiley.com/journal/16000587","2.295","Q1 (Ecology, Evolution, Behavior and Systematics)","169","No"
"Ecohealth","Ecology & Evolution - Health; Generalist - Clinical/Medicine","Springer Nature","For-profit associated with a society","Hybrid","2220","Germany / UK","Nature.Health.Global","Non-profit","https://link.springer.com/journal/10393","0.596","Q2 (Ecology)","80","No"
"Ecologia Mediterranea","Ecology & Evolution - Applied Ecology","Naturalia Publications","For-profit associated with a society","Subscription","","France","Institut Mediterraneen de Biodiversite et d'Ecologie","University/Government","https://ecologia-mediterranea.univ-avignon.fr/","0.113","Q4 (Ecology; Ecology, Evolution, Behavior and Systematics)","5","No"
"Ecological Applications","Ecology & Evolution - Applied Ecology","John Wiley & Sons","For-profit associated with a society","Hybrid","2474","USA","Ecological Society of America","Society/Association","https://esajournals.onlinelibrary.wiley.com/journal/19395582","1.677","Q1 (Ecology)","252","No"
"Ecological Entomology","Ecology & Evolution - Zoology","John Wiley & Sons","For-profit associated with a society","Hybrid","2354","USA","Royal Entomological Society","Society/Association","https://onlinelibrary.wiley.com/journal/13652311","0.631","Q1 (Insect Science)","103","No"
"Ecological Monographs","Ecology & Evolution - Applied Ecology","John Wiley & Sons","For-profit associated with a society","Hybrid","3000","USA","Ecological Society of America","Society/Association","https://esajournals.onlinelibrary.wiley.com/journal/15577015","3.776","Q1 (Ecology, Evolution, Behavior and Systematics)","188","No"
"Ecological Research","Ecology & Evolution - Applied Ecology","John Wiley & Sons","For-profit associated with a society","Hybrid","2496","USA","The Ecological Society of Japan","Society/Association","https://esj-journals.onlinelibrary.wiley.com/journal/14401703","0.594","Q2 (Ecology, Evolution, Behavior and Systematics)","92","No"
"Ecological Solutions & Evidence","Ecology & Evolution - Applied Ecology","John Wiley & Sons","For-profit associated with a society","OA","1993","UK","British Ecological Society","Society/Association","https://besjournals.onlinelibrary.wiley.com/journal/26888319","1.026","Q1 (Ecology; Management, Monitoring, Policy and Law; Nature and Landscape Conservation)","27","No"
"Ecology","Ecology & Evolution - Basic Ecology","John Wiley & Sons","For-profit associated with a society","Hybrid","2228","USA","Ecological Society of America","Society/Association","https://esajournals.onlinelibrary.wiley.com/journal/19399170","1.767","Q1 (Ecology, Evolution, Behavior and Systematics)","357","No"
"Ecology and Society","Ecology & Evolution - Applied Ecology","Resilience Alliance/Ecology & Society","Non-profit","OA","1249","USA","Ecology & Society","Society/Association","https://ecologyandsociety.org/","1.209","Q1 (Ecology)","190","No"
"Ecology Letters","Ecology & Evolution - Basic Ecology","John Wiley & Sons","For-profit associated with a society","Hybrid","2815","USA","Centre National de la Recherche Scientifique","University/Government","https://onlinelibrary.wiley.com/journal/14610248","3.382","Q1 (Ecology, Evolution, Behavior and Systematics)","346","No"
"Ecoscience","Ecology & Evolution - Basic Ecology","Taylor & Francis Group","For-profit associated with a society","Hybrid","","UK","Universite Laval","University/Government","https://www.tandfonline.com/toc/teco20/current","0.337","Q3 (Ecology; Ecology, Evolution, Behavior and Systematics)","81","No"
"Ecosphere","Ecology & Evolution - Applied Ecology","John Wiley & Sons","For-profit associated with a society","OA","1674","USA","Ecological Society of America","Society/Association","https://esajournals.onlinelibrary.wiley.com/journal/21508925","1.095","Q1 (Ecology; Ecology, Evolution, Behavior and Systematics)","105","No"
"Egyptian Journal of Botany","Ecology & Evolution - Botany; Plants - Generalist","Egyptian Academy of Scientific Research and Technology","Non-profit","OA diamond","0","Egypt","Egyptian Botanical Society","Society/Association","https://ejbo.journals.ekb.eg/","0.298","Q3 (Agronomy and Crop Science; Biotechnology; Ecology; Ecology, Evolution, Behavior and Systematics; Plant Science)","18","No"
"Elementa","Ecology & Evolution - Generalist","University of California Press","University Press","OA","1943","Italy","University of California","University/Government","https://online.ucpress.edu/elementa/","1.489","Q1 (Atmospheric Science; Ecology; Environmental Engineering; Geology; Geotechnical Engineering and Engineering Geology; Oceanography)","68","No"
"eLife","Generalist","eLife Sciences Publications","Non-profit","OA","2825","UK","","","https://elifesciences.org/","3.395","Q1 (Biochemistry, Genetics and Molecular Biology; Immunology and Microbiology; Medicine; Neuroscience)","246","No"
"EMBO Journal","Molecular & Cellular Biology - Cell Biology and Developmental Biology","Springer Nature","For-profit associated with a society","OA","7525","Germany / UK","European Molecular Biology Organization (EMBO) Press","","https://www.embopress.org/journal/14602075","4.413","Q1 (Biochemistry, Genetics and Molecular Biology; Immunology and Microbiology; Medicine; Molecular Biology; Neuroscience)","450","No"
"EMBO Molecular Medicine","Molecular & Cellular Biology - Clinical and Medical Sciences","Springer Nature","For-profit associated with a society","OA","7463","Germany / UK","European Molecular Biology Organization (EMBO) Press","","https://www.embopress.org/journal/17574684","3.277","Q1 (Molecular Medicine)","162","No"
"EMBO Reports","Development - Generalist; Ecology & Evolution - Generalist; Molecular & Cellular Biology - Cell Biology and Developmental Biology","Springer Nature","For-profit associated with a society","OA","7607","Germany / UK","European Molecular Biology Organization (EMBO) Press","","https://www.embopress.org/journal/14693178","2.711","Q1 (Biochemistry; Genetics; Molecular Biology)","227","No"
"Emerging Infectious Diseases","Ecology & Evolution - Health; Immunology - Immunopathology","Centers for Disease Control and Prevention","Non-profit","OA diamond","0","USA","Centers for Disease Control and Prevention","University/Government","https://wwwnc.cdc.gov/eid/","2.034","Q1 (Epidemiology; Infectious Diseases; Microbiology)","287","No"
"Emerging Microbes and Infections","Immunology - Immunopathology; Molecular & Cellular Biology - Microbiology and Infectious Diseases","Taylor & Francis Group","For-profit","OA","2853","UK","Shanghai Shangyixun Cultural Communication Co","University/Government","https://www.tandfonline.com/journals/temi20","2.269","Q1 (Drug Discovery; Epidemiology; Immunology; Infectious Diseases; Medicine; Microbiology; Parasitology; Virology)","115","No"
"Emotion","Neurosciences - Cognitive Neuroscience","American Psychological Association (APA)","Non-profit","Hybrid","2830","USA","American Psychological Association","Society/Association","https://www.apa.org/pubs/journals/emo","1.961","Q1 (Medicine; Psychology)","190","No"
"Emotion Review","Neurosciences - Cognitive Neuroscience","Sage Publishing","For-profit associated with a society","Hybrid","1417","USA","the International Society for Research on Emotions (ISRE)","Society/Association","https://au.sagepub.com/en-gb/oce/journal/emotion-review","1.401","Q1 (Arts and Humanities; Experimental and Cognitive Psychology; Social Psychology)","109","No"
"Endocrine","Anatomy & Physiology - Endocrinology","Springer Nature","For-profit","Hybrid","3138","Germany / UK","","","https://link.springer.com/journal/12020","0.983","Q2 (Endocrinology; Endocrinology, Diabetes and Metabolism)","111","No"
"Endocrine Connections","Anatomy & Physiology - Endocrinology","Bioscientifica Ltd","Non-profit","OA","2541","UK","Society for Endocrinology","Society/Association","https://ec.bioscientifica.com/","1.053","Q2 (Endocrinology; Endocrinology, Diabetes and Metabolism; Internal Medicine)","57","No"
"Endocrine Journal","Anatomy & Physiology - Endocrinology","The Japan Endocrine Society","Non-profit","OA","","Japan","The Japan Endocrine Society","Society/Association","https://endocrine-j.jp/","0.77","Q2 (Endocrinology, Diabetes and Metabolism)","91","No"
"Endocrine Pathology","Anatomy & Physiology - Endocrinology","Springer Nature","For-profit associated with a society","Hybrid","3138","Germany / UK","Endocrine Pathology Society","Society/Association","https://link.springer.com/journal/12022","3.715","Q1 (Endocrinology; Endocrinology, Diabetes and Metabolism; Medicine; Pathology and Forensic Medicine)","65","No"
"Endocrine Related Cancer","Anatomy & Physiology - Endocrinology; Cancer - Endocrine System Cancer","Bioscientifica Ltd","Non-profit","Hybrid","2090","UK","Society for Endocrinology","Society/Association","https://erc.bioscientifica.com/","1.544","Q1 (Endocrinology; Endocrinology, Diabetes and Metabolism; Oncology)","154","No"
"Endocrine Research","Anatomy & Physiology - Endocrinology","Taylor & Francis Group","For-profit","","","UK","","","https://www.tandfonline.com/journals/ierc20","0.572","Q2 (Medicine)","49","No"
"Endocrine Reviews","Anatomy & Physiology - Endocrinology","Oxford University Press (OUP)","University Press","Hybrid","3113","UK","","","https://academic.oup.com/edrv/?login=false","9.991","Q1 (Endocrinology; Endocrinology, Diabetes and Metabolism)","326","No"
"Endocrinology","Anatomy & Physiology - Endocrinology","Oxford University Press (OUP)","University Press","Hybrid","2981","UK","","","https://academic.oup.com/endo?login=false","1.302","Q2 (Endocrinology)","296","No"
"Endocrinology and Metabolism","Anatomy & Physiology - Endocrinology","American Physiological Society (APS)","Non-profit","OA diamond","0","USA","American Physiological Society","Society/Association","https://journals.physiology.org/ajpendo/collections","1.511","Q1 (Endocrinology; Endocrinology, Diabetes and Metabolism)","59","No"
"Endocrinology and Metabolism Clinics of North America","Anatomy & Physiology - Endocrinology","Elsevier","For-profit","Hybrid","2803","Netherlands","","","https://www.sciencedirect.com/journal/endocrinology-and-metabolism-clinics-of-north-america","1.489","Q1 (Endocrinology; Endocrinology, Diabetes and Metabolism)","130","No"
"eNeuro","Neurosciences - Generalist","Society for Neuroscience","Non-profit","OA","3351","USA","Society for Neuroscience","Society/Association","https://www.eneuro.org/","1.016","Q1 (Medicine)","74","No"
"Entomologia Experimentalis et Applicata","Ecology & Evolution - Zoology","John Wiley & Sons","For-profit associated with a society","Hybrid","4357","USA","Netherlands Entomological Society","Society/Association","https://onlinelibrary.wiley.com/journal/15707458","0.497","Q2 (Ecology, Evolution, Behavior and Systematics; Insect Science)","102","No"
"Environmental Entomology","Ecology & Evolution - Zoology","Oxford University Press (OUP)","University Press associated with a society","Hybrid","3092","UK","Entomological Society of America","Society/Association","https://academic.oup.com/ee","0.512","Q2 (Ecology; Ecology, Evolution, Behavior and Systematics; Insect Science)","109","No"
"Environmental Microbiology","Ecology & Evolution - Microbiology","John Wiley & Sons","For-profit","Hybrid","3102","USA","","","https://enviromicro-journals.onlinelibrary.wiley.com/journal/14622920","1.269","Q1 (Ecology, Evolution, Behavior and Systematics; Microbiology)","247","No"
"Environmental Microbiology Reports","Ecology & Evolution - Microbiology","John Wiley & Sons","For-profit","Hybrid","2577","USA","","","https://enviromicro-journals.onlinelibrary.wiley.com/journal/17582229","0.823","Q1 (Agricultural and Biological Sciences; Ecology, Evolution, Behavior and Systematics)","97","No"
"Environmental Research","Ecology & Evolution - Generalist","Elsevier","For-profit","Hybrid","3270","Netherlands","","","https://www.sciencedirect.com/journal/environmental-research","1.836","Q1 (Biochemistry; Environmental Science; Public Health, Environmental and Occupational Health)","217","No"
"Environmental Science and Pollution Research","Ecology & Evolution - Applied Ecology","Springer Nature","For-profit associated with a society","Hybrid","3145","Germany / UK","European Chemical Society","Society/Association","https://www.springer.com/journal/11356","0.909","Q1 (Medicine)","234","No"
"Environmental Toxicology and Chemistry","Ecology & Evolution - Applied Ecology","Oxford University Press (OUP)","University Press associated with a society","Hybrid","2237","UK","Society of Environmental Toxicology and Chemistry","Society/Association","https://academic.oup.com/etc","1.34","Q1 (Environmental Chemistry; Health, Toxicology and Mutagenesis)","206","No"
"Epidemics","Immunology - Epidemiology","Elsevier","For-profit","OA","1903","Netherlands","","","https://www.sciencedirect.com/journal/epidemics","1.006","Q1 (Infectious Diseases; Parasitology; Public Health, Environmental and Occupational Health)","60","No"
"Epidemiologic Reviews","Immunology - Epidemiology","Oxford University Press (OUP)","University Press","Hybrid","2412","UK","","","https://academic.oup.com/epirev?login=false","1.866","Q1 (Epidemiology; Medicine)","126","No"
"Epidemiology","Immunology - Epidemiology","Wolters Kluwer","For-profit","Hybrid","4303","Netherlands","","","https://journals.lww.com/epidem/Pages/default.aspx","1.406","Q1 (Epidemiology)","209","No"
"Epidemiology and Infection","Immunology - Epidemiology","Cambridge University Press (CUP)","University Press","OA","2715","UK","","","https://www.cambridge.org/core/journals/epidemiology-and-infection","0.821","Q2 (Epidemiology; Infectious Diseases)","133","No"
"Epidemiology and Psychiatric Sciences","Immunology - Epidemiology; Neurosciences - Neuroimmunology","Cambridge University Press (CUP)","University Press","OA","2465","UK","","","https://www.cambridge.org/core/journals/epidemiology-and-psychiatric-sciences","2.051","Q1 (Epidemiology; Psychiatry and Mental Health; Public Health, Environmental and Occupational Health)","89","No"
"Epigenetics","Genetics & Genomics - Epigenetics","Taylor & Francis Group","For-profit","OA","2918","USA","","","https://www.tandfonline.com/journals/kepi20","1.05","Q1 (Medicine)","121","No"
"Epigenetics & Chromatin","Genetics & Genomics - Epigenetics","Springer Nature (BioMed Central)","For-profit","OA","2051","UK","","","https://epigeneticsandchromatin.biomedcentral.com/","1.63","Q1 (Genetics; Molecular Biology)","74","No"
"Epigenetics Insights","Genetics & Genomics - Epigenetics","Sage Publishing","For-profit","OA","1190","USA","","","https://journals.sagepub.com/home/gaeb","1.181","Q1 (Biochemistry)","17","No"
"Epigenomics","Genetics & Genomics - Epigenetics","Taylor & Francis Group","For-profit","Hybrid","3873","USA","","","https://www.tandfonline.com/journals/iepi20","0.774","Q2 (Genetics)","85","No"
"Epilepsia","Neurosciences - Clinical Neuroscience","John Wiley & Sons","For-profit associated with a society","Hybrid","4233","USA","The International League Against Epilepsy","","https://onlinelibrary.wiley.com/journal/15281167","2.203","Q1 (Neurology)","240","No"
"Epilepsia Open","Neurosciences - Clinical Neuroscience","John Wiley & Sons","For-profit associated with a society","OA","2076","USA","The International League Against Epilepsy","","https://onlinelibrary.wiley.com/journal/24709239","0.962","Q2 (Neurology)","43","No"
"Epilepsy and Behavior","Neurosciences - Clinical Neuroscience","Elsevier","For-profit","OA","391","Netherlands","","","https://www.epilepsybehavior.com/","0.757","Q2 (Behavioral Neuroscience; Neurology)","135","No"
"Epilepsy Currents","Neurosciences - Clinical Neuroscience","Sage Publishing","For-profit associated with a society","OA","","USA","American Epilepsy Society (AES)","Society/Association","https://journals.sagepub.com/home/epi","0.295","Q3 (Neurology)","38","No"
"Epilepsy Research","Neurosciences - Clinical Neuroscience","Elsevier","For-profit","Hybrid","2279","Netherlands","","","https://www.sciencedirect.com/journal/epilepsy-research","0.677","Q2 (Neurology)","133","No"
"Epileptic Disorders","Neurosciences - Clinical Neuroscience","John Wiley & Sons","For-profit associated with a society","","","USA","International League Against Epilepsy","","https://onlinelibrary.wiley.com/journal/19506945","0.708","Q2 (Medicine; Neurology)","70","No"
"ERJ Open Research","Anatomy & Physiology - Physiology","European Respiratory Society (ERS)","Non-profit","OA","654","UK","European Respiratory Society (ERS)","Society/Association","https://publications.ersnet.org/content/erjor","1.361","Q1 (Pulmonary and Respiratory Medicine)","58","No"
"ESMO Open","Cancer - Generalist","Elsevier","For-profit associated with a society","OA","2440","Netherlands","European Society for Medical Oncology","Society/Association","https://esmoopen.bmj.com/","3.455","Q1 (Cancer Research; Oncology)","81","No"
"Estuarine Coastal and Shelf Science","Ecology & Evolution - Applied Ecology","Elsevier","For-profit associated with a society","Hybrid","2391","Netherlands","Estuarine Coastal Sciences Association","Society/Association","https://www.journals.elsevier.com/estuarine-coastal-and-shelf-science","0.83","Q1 (Aquatic Science; Oceanography)","171","No"
"European Addiction Research","Neurosciences - Addiction","Karger Publishers","For-profit","Hybrid","3207","Switzerland","","","https://karger.com//ear","0.764","Q2 (Health; Medicine; Psychiatry and Mental Health)","67","No"
"European Child and Adolescent Psychiatry","Development - Neuroscience; Neurosciences - Developmental Neuroscience","Springer Nature","For-profit associated with a society","Hybrid","3012","Germany / UK","European Society for Child and Adolescent Psychiatry","Society/Association","https://link.springer.com/journal/787","2.209","Q1 (Developmental and Educational Psychology; Pediatrics, Perinatology and Child Health; Psychiatry and Mental Health)","132","No"
"European Cytokine Network","Immunology - Immunogenetics, Molecular and Cellular Immunology","John Libbey Eurotext","For-profit","","","France","","","https://www.jle.com/en/revues/ecn/revue.phtml","0.491","Q3 (Clinical Biochemistry; Immunology; Immunology and Allergy)","73","No"
"European Journal for Philosophy of Science","Generalist","Springer Nature","For-profit associated with a society","Hybrid","2156","Germany / UK","European Philosophy of Science Association","Society/Association","https://link.springer.com/journal/13194","1.074","Q1 (History and Philosophy of Science; Philosophy)","36","No"
"European Journal of Anatomy","Anatomy & Physiology - Anatomy","Loki & Dimas","For-profit associated with a society","","","Spain","Spanish Society of Anatomy","Society/Association","https://eurjanat.com/","0.163","Q4 (Anatomy)","24","No"
"European Journal of Applied Physiology","Anatomy & Physiology - Physiology","Springer Nature","For-profit","Hybrid","2636","Germany / UK","","","https://link.springer.com/journal/421","0.985","Q1 (Medicine; Orthopedics and Sports Medicine; Public Health, Environmental and Occupational Health)","176","No"
"European Journal of Cancer","Cancer - Generalist","Elsevier","For-profit","Hybrid","3470","Netherlands","","","https://www.ejcancer.com/","2.692","Q1 (Cancer Research; Oncology)","263","No"
"European Journal of Cell Biology","Molecular & Cellular Biology - Cell Biology and Developmental Biology","Elsevier","For-profit","OA","2174","Netherlands","","","https://www.sciencedirect.com/journal/european-journal-of-cell-biology","1.43","Q1 (Histology; Medicine; Pathology and Forensic Medicine)","114","No"
"European Journal of Clinical Microbiology and Infectious Diseases","Immunology - Immunopathology","Springer Nature","For-profit","Hybrid","4446","Germany / UK","","","https://link.springer.com/journal/10096","0.998","Q1 (Infectious Diseases; Medicine)","133","No"
"European Journal of Drug Metabolism and Pharmacokinetics","Molecular & Cellular Biology - Pharmacology and Toxicology","Springer Nature","For-profit","Hybrid","2250","Germany / UK","","","https://link.springer.com/journal/13318","0.632","Q2 (Pharmacology)","52","No"
"European Journal of Endocrinology","Anatomy & Physiology - Endocrinology","Oxford University Press (OUP)","University Press associated with a society","Hybrid","2206","UK","European Society of Endocrinology (ESE)","Society/Association","https://academic.oup.com/ejendo/?login=false","2.02","Q1 (Endocrinology; Endocrinology, Diabetes and Metabolism; Medicine)","185","No"
"European Journal of Entomology","Ecology & Evolution - Zoology","Czech Academy of Sciences","Non-profit","OA","200","Czech Republic","Czech Academy of Sciences","University/Government","https://www.eje.cz/","0.371","Q2 (Insect Science)","67","No"
"European Journal of Epidemiology","Immunology - Epidemiology","Springer Nature","For-profit","Hybrid","4234","Germany / UK","","","https://link.springer.com/journal/10654","2.522","Q1 (Epidemiology)","153","No"
"European Journal of Health Psychology","Neurosciences - Cognitive Neuroscience","Hogrefe Publishing Group","For-profit","","","Germany","","","https://econtent.hogrefe.com/journal/ejh","0.459","Q3 (Clinical Psychology; Psychiatry and Mental Health)","22","No"
"European Journal of Human Genetics","Ecology & Evolution - Genetics; Genetics & Genomics - Human Genetics","Springer Nature","For-profit associated with a society","Hybrid","3364","Germany / UK","European Society of Human Genetics","Society/Association","https://www.nature.com/ejhg/","1.595","Q1 (Genetics)","153","No"
"European Journal of Immunology","Immunology - Generalist/Classical Immunology","John Wiley & Sons","For-profit associated with a society","Hybrid","3920","USA","European Federation of Immunological Societies","Society/Association","https://onlinelibrary.wiley.com/journal/15214141","1.666","Q1 (Immunology; Immunology and Allergy)","235","No"
"European Journal of Inflammation","Immunology - Inflammation","Sage Publishing","For-profit","OA","1444","USA","","","https://journals.sagepub.com/home/ejia","0.3","Q4 (Immunology; Immunology and Allergy)","27","No"
"European Journal of Medical Genetics","Genetics & Genomics - Medical Genetics","Elsevier","For-profit","Hybrid","2162","Netherlands","","","https://www.sciencedirect.com/journal/european-journal-of-medical-genetics","0.82","Q2 (Genetics; Medicine)","71","No"
"European Journal of Neurology","Neurosciences - Clinical Neuroscience","John Wiley & Sons","For-profit","Hybrid","3362","USA","Journal of the European Academy of Neurology (EAN)","","https://onlinelibrary.wiley.com/journal/14681331","1.556","Q1 (Neurology)","157","No"
"European Journal of Neuroscience","Neurosciences - Generalist","John Wiley & Sons","For-profit associated with a society","Hybrid","3008","USA","Federation of European Neuroscience Societies","Society/Association","https://onlinelibrary.wiley.com/journal/14609568","0.947","Q2 (Neuroscience)","238","No"
"European Journal of Nutrition","Anatomy & Physiology - Nutrition","Springer Nature","For-profit","Hybrid","3741","Germany / UK","","","https://link.springer.com/journal/394","1.34","Q1 (Medicine; Nutrition and Dietetics)","131","No"
"European Journal of Pain","Neurosciences - Pain","John Wiley & Sons","For-profit associated with a society","Hybrid","2721","USA","European Pain Federation (EFIC)","","https://onlinelibrary.wiley.com/journal/15322149","1.327","Q1 (Anesthesiology and Pain Medicine; Medicine)","143","No"
"European Journal of Phycology","Ecology & Evolution - Genetics; Plants - Generalist","Taylor & Francis Group","For-profit associated with a society","Hybrid","3190","UK","British Phycological Society","Society/Association","https://www.tandfonline.com/toc/tejp20/current","0.542","Q2 (Aquatic Science; Plant Science)","84","No"
"European Journal of Plant Pathology","Plants - Pathology","Springer Nature","For-profit","Hybrid","2828","Germany / UK","","","https://link.springer.com/journal/10658","0.485","Q2 (Agronomy and Crop Science; Horticulture; Plant Science)","117","No"
"European Journal of Soil Science","Ecology & Evolution - Applied Ecology","John Wiley & Sons","For-profit associated with a society","Hybrid","2600","USA","British Society of Soil Science","Society/Association","https://bsssjournals.onlinelibrary.wiley.com/journal/13652389","1.244","Q1 (Soil Science)","150","No"
"European Journal of Sport Science","Anatomy & Physiology - Sport Science","John Wiley & Sons","For-profit associated with a society","Hybrid","2076","USA","European College of Sport Science","","https://onlinelibrary.wiley.com/journal/15367290","1.137","Q1 (Medicine; Orthopedics and Sports Medicine; Physical Therapy, Sports Therapy and Rehabilitation)","94","No"
"European Journal of Taxonomy","Ecology & Evolution - Taxonomy","European Journal of Taxonomy Consortium","Non-profit","OA diamond","0","France","European Journal of Taxonomy Consortium","University/Government","https://europeanjournaloftaxonomy.eu/index.php/ejt","0.629","Q1 (Animal Science and Zoology; Insect Science; Paleontology)","29","No"
"European Neuropsychopharmacology","Neurosciences - Molecular and Cellular Neuroscience","Elsevier","For-profit","Hybrid","2841","Netherlands","","","https://www.journals.elsevier.com/european-neuropsychopharmacology","2.334","Q1 (Biological Psychiatry; Neurology; Pharmacology; Psychiatry and Mental Health)","139","No"
"European Psychiatry","Neurosciences - Clinical Neuroscience","Cambridge University Press (CUP)","University Press associated with a society","OA","3108","UK","European Psychiatric Association","Society/Association","https://www.cambridge.org/core/journals/european-psychiatry","1.769","Q1 (Psychiatry and Mental Health)","121","No"
"European Respiratory Journal","Anatomy & Physiology - Physiology","European Respiratory Society (ERS)","Non-profit","Hybrid","2599","UK","European Respiratory Society (ERS)","Society/Association","https://publications.ersnet.org/content/erj","5.076","Q1 (Medicine; Pulmonary and Respiratory Medicine)","310","No"
"European Respiratory Review","Anatomy & Physiology - Physiology","European Respiratory Society (ERS)","Non-profit","OA","1215","UK","European Respiratory Society (ERS)","Society/Association","https://publications.ersnet.org/content/errev","3.57","Q1 (Pulmonary and Respiratory Medicine)","115","No"
"European Review of Applied Psychology","Neurosciences - Cognitive Neuroscience","Elsevier","For-profit","Hybrid","2270","Netherlands","","","https://www.sciencedirect.com/journal/european-review-of-applied-psychology","0.421","Q3 (Applied Psychology)","42","No"
"European Spine Journal","Neurosciences - Neurophysiology","Springer Nature","For-profit associated with a society","Hybrid","3115","Germany / UK","Austrian Spine Society; International Society on Scoliosis Orthopedic and Rehabilitation Treatment (SOSORT)","Society/Association","https://link.springer.com/journal/586","1.137","Q1 (Orthopedics and Sports Medicine; Surgery)","182","No"
"European Stroke Journal","Neurosciences - Clinical Neuroscience","Sage Publishing","For-profit associated with a society","Hybrid","362","USA","European Stroke Organization","","https://journals.sagepub.com/home/esoa","1.886","Q1 (Cardiology and Cardiovascular Medicine; Neurology)","45","No"
"European Zoological Journal","Ecology & Evolution - Zoology","Taylor & Francis Group","For-profit associated with a society","OA","1177","UK","Italian Society of Zoologists","Society/Association","https://www.tandfonline.com/journals/tizo21","0.52","Q2 (Animal Science and Zoology)","51","PCI friendly"
"Eurosurveillance","Ecology & Evolution - Health; Immunology - Epidemiology","European Centre for Disease Prevention and Control","Non-profit","OA diamond","0","Sweden","European Centre for Disease Prevention and Control","University/Government","https://www.eurosurveillance.org/","2.81","Q1 (Epidemiology; Infectious Diseases; Medicine; Microbiology; Public Health, Environmental and Occupational Health; Virology)","143","No"
"Evolution","Ecology & Evolution - Evolution","Oxford University Press (OUP)","University Press associated with a society","Hybrid","1371","UK","Society for the Study of Evolution","Society/Association","https://academic.oup.com/evolut","1.171","Q1 (Agricultural and Biological Sciences; Ecology, Evolution, Behavior and Systematics)","234","PCI friendly"
"Evolution and Development","Development - Generalist; Ecology & Evolution - Evolution","John Wiley & Sons","For-profit","Hybrid","2850","USA","","","https://onlinelibrary.wiley.com/journal/1525142x","0.821","Q1 (Ecology, Evolution, Behavior and Systematics)","92","No"
"Evolutionary Applications","Genetics & Genomics - Genomics","John Wiley & Sons","For-profit","OA","3436","USA","","","https://onlinelibrary.wiley.com/journal/17524571","0.957","Q1 (Agricultural and Biological Sciences; Ecology, Evolution, Behavior and Systematics)","102","No"
"Evolutionary Behavioral Sciences","Neurosciences - Behavioral Neuroscience","American Psychological Association (APA)","Non-profit","Hybrid","","USA","American Psychological Association","Society/Association","https://www.apa.org/pubs/journals/ebs","0.467","Q3 (Experimental and Cognitive Psychology; Social Psychology)","30","No"
"Evolutionary Journal of the Linnean Society","Ecology & Evolution - Generalist","Oxford University Press (OUP)","University Press associated with a society","OA","1868","UK","Linnean Society","Society/Association","https://academic.oup.com/evolinnean","","","","No"
"Evolutionary Systematics","Ecology & Evolution - Taxonomy","Pensoft Publishers","For-profit associated with a society","OA","420","Bulgaria","Center of Natural History at the University of Hamburg","University/Government","https://evolsyst.pensoft.net/","0.539","Q2 (Animal Science and Zoology; Ecology, Evolution, Behavior and Systematics; Insect Science)","11","No"
"Evolution Letters","Ecology & Evolution - Evolution; Genetics & Genomics - Generalist","Oxford University Press (OUP)","University Press associated with a society","OA","2077","UK","Society for the Study of Evolution / European Society for Evolutionary Biology","Society/Association","https://academic.oup.com/evlett/","1.738","Q1 (Ecology, Evolution, Behavior and Systematics; Genetics)","43","PCI friendly"
"Evolution, Medicine, and Public Health","Anatomy & Physiology - Physiology; Ecology & Evolution - Health; Generalist - Clinical/Medicine","Oxford University Press (OUP)","University Press associated with a society","OA","3419","UK","International Society for Evolution Medicine and Public Health","Society/Association","https://academic.oup.com/emph?login=true","0.809","Q1 (Ecology, Evolution, Behavior and Systematics)","40","No"
"Exercise and Sport Sciences Reviews","Anatomy & Physiology - Sport Science","Wolters Kluwer (Lippincott)","For-profit associated with a society","Hybrid","3894","Netherlands / USA","American College of Sports Medicine (ACSM)","","https://journals.lww.com/acsm-essr/pages/default.aspx","1.514","Q1 (Orthopedics and Sports Medicine; Physical Therapy, Sports Therapy and Rehabilitation; Sports Science)","127","No"
"Exercise Immunology Review","Immunology - Generalist/Classical Immunology","International Society of Exercise and Immunology (ISEI)","Non-profit","OA","","Germany","International Society of Exercise and Immunology (ISEI)","Society/Association","https://exerciseimmunology.com/eir","1.22","Q1 (Medicine; Sports Science)","65","No"
"Experimental Aging Research","Anatomy & Physiology - Aging; Development - Aging","Taylor & Francis Group","For-profit","Hybrid","3445","UK","","","https://www.tandfonline.com/journals/uear20","0.596","Q1 (Arts and Humanities)","62","No"
"Experimental and Clinical Transplantation","Immunology - Transplant Immunology","Middle East Society for Organ Transplantation; Baskent University","Non-profit","","","Turkey","","","https://ectrx.org/","0.25","Q3 (Transplantation)","38","No"
"Experimental and Molecular Pathology","Molecular & Cellular Biology - Clinical and Medical Sciences","Elsevier","For-profit","OA","3131","USA","","","https://www.sciencedirect.com/journal/experimental-and-molecular-pathology","1.109","Q1 (Clinical Biochemistry; Pathology and Forensic Medicine)","84","No"
"Experimental Brain Research","Neurosciences - Generalist","Springer Nature","For-profit","Hybrid","2436","Germany","","","https://link.springer.com/journal/221","0.67","Q3 (Neuroscience)","198","No"
"Experimental Cell Research","Molecular & Cellular Biology - Methodology and Experimental Techniques","Elsevier","For-profit","Hybrid","2137","Netherlands","","","https://www.sciencedirect.com/journal/experimental-cell-research","1.01","Q2 (Cell Biology)","213","No"
"Experimental Hematology and Oncology","Cancer - Hematopoietic and Cardiovascular Cancer","Springer Nature (BioMed Central)","For-profit","OA","2955","UK","","","https://ehoonline.biomedcentral.com/","4.126","Q1 (Cancer Research; Hematology; Oncology)","58","No"
"Experimental Neurobiology","Neurosciences - Generalist","The Korean Society for Brain and Neural Sciences; The Korean Society for Neurodegenerative Disease","Non-profit","OA","","Republic of Korea (South Korea)","","","https://www.en-journal.org/main.html","0.944","Q2 (Neurology)","37","No"
"Experimental Neurology","Neurosciences - Clinical Neuroscience","Elsevier","For-profit","Hybrid","4575","Netherlands","","","https://www.sciencedirect.com/journal/experimental-neurology","1.394","Q1 (Developmental Neuroscience; Neurology)","219","No"
"Experimental Parasitology","Immunology - Parasitology","Elsevier","For-profit","Hybrid","2188","Netherlands","","","https://www.sciencedirect.com/journal/experimental-parasitology","0.449","Q2 (Parasitology)","90","No"
"Experimental Physiology","Anatomy & Physiology - Physiology","John Wiley & Sons","For-profit associated with a society","OA","2849","USA","The Physiology Society","Society/Association","https://physoc.onlinelibrary.wiley.com/journal/1469445x","0.946","Q2 (Nutrition and Dietetics; Physiology)","123","No"
"Expert Opinion on Drug Metabolism and Toxicology","Molecular & Cellular Biology - Pharmacology and Toxicology","Taylor & Francis Group","For-profit","","","UK","","","https://www.tandfonline.com/journals/iemt20","0.986","Q1 (Medicine; Toxicology)","112","No"
"Expert Review of Anti Infective Therapy","Immunology - Virology","Taylor & Francis Group","For-profit","","","UK","","","https://www.tandfonline.com/journals/ierz20","1.024","Q1 (Infectious Diseases)","110","No"
"Expert Review of Neurotherapeutics","Neurosciences - Clinical Neuroscience","Taylor & Francis Group","For-profit","","","UK","","","https://www.tandfonline.com/journals/iern20","1.106","Q1 (Neurology; Pharmacology)","110","No"
"Expert Review of Proteomics","Molecular & Cellular Biology - Methodology and Experimental Techniques","Taylor & Francis Group","For-profit","OA","3895","UK","","","https://www.tandfonline.com/journals/ieru20","0.771","Q2 (Biochemistry)","77","No"
"Expert Review of Vaccines","Immunology - Vaccinology","Taylor & Francis Group","For-profit","Hybrid","4060","USA","","","https://www.tandfonline.com/journals/ierv20","1.28","Q1 (Drug Discovery; Pharmacology)","117","No"
"Expert Reviews in Molecular Medicine","Molecular & Cellular Biology - Miscellaneous / Interdisciplinary","Cambridge University Press (CUP)","University Press","OA","2474","UK","","","https://www.cambridge.org/core/journals/expert-reviews-in-molecular-medicine","1.686","Q1 (Molecular Biology; Molecular Medicine)","99","No"
"Eye","Neurosciences - Sensory Neuroscience","Springer Nature","For-profit","Hybrid","3257","Germany / UK","","","https://www.nature.com/eye/","1.246","Q1 (Arts and Humanities; Medicine; Ophthalmology; Sensory Systems)","140","No"
"Eye and Brain","Neurosciences - Sensory Neuroscience","Taylor & Francis Group","For-profit","OA","3769","UK","","","https://www.tandfonline.com/journals/deyb20","0.79","Q2 (Ophthalmology; Sensory Systems)","33","No"
"Familial Cancer","Cancer - Genetics; Genetics & Genomics - Medical Genetics","Springer Nature","For-profit associated with a society","Hybrid","2121","Germany / UK","International Society for Gastrointestinal Hereditary Tumours (InSIGHT); Breast Cancer Linkage Consortium (BCLC)","Society/Association","https://link.springer.com/journal/10689","0.849","Q2 (Genetics; Oncology)","72","No"
"FEBS Journal","Molecular & Cellular Biology - Biochemistry and Molecular Biology","John Wiley & Sons","For-profit associated with a society","Hybrid","2920","UK","Federation of the European Biochemical Societies","Society/Association","https://febs.onlinelibrary.wiley.com/journal/17424658","2.042","Q1 (Biochemistry; Cell Biology; Molecular Biology)","248","No"
"FEBS Letters","Cancer; Immunology; Molecular & Cellular Biology; Neurosciences","John Wiley & Sons","For-profit associated with a society","Hybrid","3199","USA","Federation of European Biochemical Societies (FEBS)","Society/Association","https://febs.onlinelibrary.wiley.com/journal/18733468","1.181","Q1 (Biochemistry; Biophysics)","295","No"
"FEBS Open Bio","Generalist","John Wiley & Sons","For-profit associated with a society","OA","1423","UK","Federation of European Biochemical Societies","Society/Association","https://febs.onlinelibrary.wiley.com/journal/22115463","0.919","Q2 (Biochemistry, Genetics and Molecular Biology)","58","No"
"FEMS Infectious Diseases","Immunology - Immunopathology","Oxford University Press (OUP)","University Press associated with a society","Hybrid","2528","UK","Federation of European Microbiological Societies (FEMS)","Society/Association","https://academic.oup.com/femspd","0.895","Q2 (Immunology and Allergy; Immunology and Microbiology; Infectious Diseases; Medicine; Microbiology)","129","No"
"FEMS Microbes","Molecular & Cellular Biology - Microbiology and Infectious Diseases","Oxford University Press (OUP)","University Press associated with a society","OA","1906","UK","Federation of European Microbiological Societies (FEMS)","Society/Association","https://academic.oup.com/femsmicrobes","1.005","Q1 (Immunology and Microbiology; Parasitology)","16","No"
"FEMS Microbiology Ecology","Ecology & Evolution - Microbiology; Molecular & Cellular Biology - Microbiology and Infectious Diseases","Oxford University Press (OUP)","University Press associated with a society","Hybrid","2547","UK","Federation of European Microbiological Societies (FEMS)","Society/Association","https://academic.oup.com/femsec","1.028","Q1 (Applied Microbiology and Biotechnology; Ecology)","199","No"
"FEMS Microbiology Letters","Molecular & Cellular Biology - Microbiology and Infectious Diseases","Oxford University Press (OUP)","University Press associated with a society","Hybrid","2509","UK","Federation of European Microbiological Societies (FEMS)","Society/Association","https://academic.oup.com/femsle","0.596","Q3 (Genetics; Microbiology; Molecular Biology)","189","No"
"FEMS Microbiology Reviews","Molecular & Cellular Biology - Microbiology and Infectious Diseases","Oxford University Press (OUP)","University Press associated with a society","OA","2595","UK","Federation of European Microbiological Societies (FEMS)","Society/Association","https://academic.oup.com/femsre","4.555","Q1 (Infectious Diseases; Medicine; Microbiology)","273","No"
"FEMS Yeast Research","Molecular & Cellular Biology - Microbiology and Infectious Diseases","Oxford University Press (OUP)","University Press associated with a society","OA","2927","UK","Federation of European Microbiological Societies (FEMS)","Society/Association","https://academic.oup.com/femsyr","0.776","Q2 (Applied Microbiology and Biotechnology; Medicine; Microbiology)","117","PCI friendly"
"Flora Mediterranea","Ecology & Evolution - Taxonomy; Plants - Generalist","Organisation for the Phyto-Taxonomic Investigation of the Mediterranean Area","Non-profit","OA","","Italy","Organisation for the Phyto-Taxonomic Investigation of the Mediterranean Area","Society/Association","https://www.herbmedit.org/FlMedit.html","0.312","Q3 (Plant Science)","18","No"
"Fluids and Barriers of the CNS","Molecular & Cellular Biology - Neuroscience and Neurobiology; Neurosciences - Molecular and Cellular Neuroscience","Springer Nature (BioMed Central)","For-profit associated with a society","OA","3191","UK","International Brain Barriers Society (IBBS); The Hydrocephalus Society","Society/Association","https://fluidsbarrierscns.biomedcentral.com/","2.439","Q1 (Cellular and Molecular Neuroscience; Developmental Neuroscience; Medicine; Neurology)","77","No"
"Focus on Autism and Other Developmental Disabilities","Development - Neuroscience; Neurosciences - Developmental Neuroscience","Sage Publishing","For-profit associated with a society","","","USA","Hammill Institute on Disabilities/Division on Autism and Developmental Disabilities of The Council for Exceptional Children","","https://journals.sagepub.com/home/FOA","0.653","Q2 (Neurology; Pediatrics, Perinatology and Child Health; Psychiatry and Mental Health)","86","No"
"Folia Amazonica","Ecology & Evolution - Basic Ecology","Instituto de Investigaciones de la Amazona Peruana","Non-profit","OA diamond","0","Peru","Instituto de Investigaciones de la Amazona Peruana","University/Government","https://revistas.iiap.gob.pe/index.php/foliaamazonica/","0.139","Q4 (Ecology; Ecology, Evolution, Behavior and Systematics; Forestry; Plant Science)","4","No"
"Folia Parasitologica","Ecology & Evolution - Health; Immunology - Parasitology","Institute of Parasitology of the Czech Academy of Sciences","Non-profit","OA","164","Czech Republic","Czech Academy of Sciences","University/Government","https://folia.paru.cas.cz/","0.46","Q2 (Parasitology)","53","No"
"Folia Primatologica","Ecology & Evolution - Zoology","Karger Publishers","For-profit associated with a society","Hybrid","","Switzerland","European Federation for Primatology / Primate Society of Great Britain","Society/Association","https://www.karger.com/Journal/Home/223842","0.4","Q2 (Animal Science and Zoology; Ecology, Evolution, Behavior and Systematics)","54","No"
"Food and Chemical Toxicology","Immunology - Immunotoxicology","Elsevier","For-profit associated with a society","Hybrid","4081","Netherlands","Chinese Society of Toxicology","Society/Association","https://www.sciencedirect.com/journal/food-and-chemical-toxicology","0.75","Q1 (Food Science)","223","No"
"Food and Environmental Virology","Immunology - Virology","Springer Nature","For-profit associated with a society","Hybrid","2840","Germany / UK","International Society for Food and Environmental Virology","Society/Association","https://link.springer.com/journal/12560","0.57","Q2 (Food Science)","52","No"
"Fottea","Ecology & Evolution - Genetics; Plants - Generalist","Czech Phycological Society","Non-profit","OA diamond","0","Czech Republic","Czech Phycological Society","Society/Association","https://fottea.czechphycology.cz/","0.412","Q2 (Plant Science)","37","No"
"Fragmenta Entomologica","Ecology & Evolution - Zoology","Riviste Online Sapienza","Non-profit","OA diamond","0","Italy","Sapienza University of Rome","University/Government","https://rosa.uniroma1.it/rosa02/fragmenta_entomologica/","0.318","Q3 (Ecology; Ecology, Evolution, Behavior and Systematics; Insect Science)","12","No"
"Free Radical Biology and Medicine","Molecular & Cellular Biology - Biochemistry and Molecular Biology","Elsevier","For-profit associated with a society","Hybrid","2015","Netherlands","Society for Redox Biology and Medicine; Society for Free Radical Research-Europe; International Society for Free Radical Research (SFRRI)","Society/Association","https://www.sciencedirect.com/journal/free-radical-biology-and-medicine","2.105","Q1 (Biochemistry; Physiology)","324","No"
"Free Radical Research","Molecular & Cellular Biology - Biochemistry and Molecular Biology","Taylor & Francis Group","For-profit","Hybrid","2021","UK","","","https://www.tandfonline.com/journals/ifra20","0.695","Q2 (Biochemistry; Medicine)","147","No"
"Freshwater Science","Ecology & Evolution - Applied Ecology","The University of Chicago Press Journals","University Press associated with a society","Hybrid","352","USA","Society of Freshwater Science","Society/Association","https://www.journals.uchicago.edu/toc/fws/current","0.611","Q2 (Aquatic Science; Ecology; Ecology, Evolution, Behavior and Systematics)","135","No"
"Frontiers in Ecology and the Environment","Ecology & Evolution - Applied Ecology","John Wiley & Sons","For-profit associated with a society","Hybrid","3150","USA","Ecological Society of America","Society/Association","https://esajournals.onlinelibrary.wiley.com/journal/15409309","2.999","Q1 (Ecology; Ecology, Evolution, Behavior and Systematics)","220","No"
"Frontiers of Biogeography","Ecology & Evolution - Applied Ecology","Pensoft Publishers","For-profit associated with a society","OA","356","Bulgaria","International Biogeography Society","Society/Association","https://biogeography.pensoft.net/","0.766","Q1 (Ecology; Ecology, Evolution, Behavior and Systematics)","23","PCI friendly"
"Frontiers of Hormone Research","Anatomy & Physiology - Endocrinology","Karger Publishers","For-profit","OA","","Switzerland","","","https://karger.com/collection/30216/Frontiers-of-Hormone-Research","0.13","Q4 (Endocrinology; Endocrinology, Diabetes and Metabolism)","50","No"
"Function","Anatomy & Physiology - Physiology; Generalist","American Physiological Society (APS)","Non-profit","OA","3699","USA","American Physiological Society","Society/Association","https://journals.physiology.org/journal/function","1.322","Q1 (Physiology)","25","No"
"Functional Ecology","Ecology & Evolution - Applied Ecology","John Wiley & Sons","For-profit associated with a society","Hybrid","2428","USA","British Ecological Society","Society/Association","https://besjournals.onlinelibrary.wiley.com/journal/13652435","1.972","Q1 (Ecology, Evolution, Behavior and Systematics)","201","No"
"Functional & Integrative Genomics","Genetics & Genomics - Genomics","Springer Nature","For-profit","Hybrid","2624","Germany / UK","","","https://link.springer.com/journal/10142","0.753","Q2 (Genetics; Medicine)","94","No"
"Fundamental and Clinical Pharmacology","Molecular & Cellular Biology - Pharmacology and Toxicology","John Wiley & Sons","For-profit associated with a society","Hybrid","2250","USA","Société Française de Pharmacologie et de Thérapeutique","Society/Association","https://onlinelibrary.wiley.com/journal/14728206","0.671","Q2 (Pharmacology)","92","No"
"Fungal Biology","Ecology & Evolution - Fungi","Elsevier","For-profit associated with a society","Hybrid","1856","Netherlands","British Mycological Society","Society/Association","https://www.sciencedirect.com/journal/fungal-biology","0.678","Q1 (Ecology, Evolution, Behavior and Systematics)","129","No"
"Fungal Biology Reviews","Ecology & Evolution - Fungi","Elsevier","For-profit associated with a society","Hybrid","3292","Netherlands","British Mycological Society","Society/Association","https://www.sciencedirect.com/journal/fungal-biology-reviews","1.289","Q1 (Microbiology; Plant Science)","75","No"
"Fungal Diversity","Ecology & Evolution - Fungi","Springer Nature","For-profit associated with a society","Hybrid","2640","Germany / UK","Kunming Institute of Botany of the Chinese Academy of Sciences","University/Government","https://www.springer.com/journal/13225","6.487","Q1 (Ecology; Ecology, Evolution, Behavior and Systematics; Plant Science)","145","No"
"Fungal Ecology","Ecology & Evolution - Fungi","Elsevier","For-profit associated with a society","Hybrid","2853","Netherlands","British Mycological Society","Society/Association","https://www.sciencedirect.com/journal/fungal-ecology","0.812","Q1 (Ecology; Ecology, Evolution, Behavior and Systematics; Plant Science)","83","No"
"Fungal Genetics and Biology","Genetics & Genomics - Genetics","Elsevier","For-profit","Hybrid","1972","Netherlands","","","https://www.sciencedirect.com/journal/fungal-genetics-and-biology","0.673","Q3 (Genetics; Microbiology)","135","No"
"Future Microbiology","Molecular & Cellular Biology - Microbiology and Infectious Diseases","Taylor & Francis Group","For-profit","Hybrid","2012","UK","","","https://www.tandfonline.com/journals/ifmb20","0.54","Q3 (Microbiology)","111","No"
"Future Virology","Immunology - Virology","Taylor & Francis Group","For-profit","Hybrid","2121","UK","","","https://www.tandfonline.com/journals/ifvl20","0.29","Q3 (Virology)","51","No"
"G3: Genes, Genomes, Genetics","Ecology & Evolution - Genetics; Genetics & Genomics - Generalist","Oxford University Press (OUP)","University Press associated with a society","OA","2881","UK","Genetics Society of America","Society/Association","https://academic.oup.com/g3journal","0.893","Q2 (Genetics; Medicine; Molecular Biology)","98","PCI friendly"
"Gastric Cancer","Cancer - Gastrointestinal cancer","Springer Nature","For-profit associated with a society","Hybrid","3745","Germany / UK","Japanese Gastric Cancer Association; International Gastric Cancer Association","Society/Association","https://link.springer.com/journal/10120","2.489","Q1 (Cancer Research; Gastroenterology; Medicine; Oncology)","114","No"
"Gayana","Ecology & Evolution - Zoology","Universidad de Concepcion Ediciones","Non-profit","OA","","Chile","Universidad de Concepcion","University/Government","https://gayana.cl","0.218","Q3 (Animal Science and Zoology)","22","No"
"Gene","Genetics & Genomics - Genetics","Elsevier","For-profit","Hybrid","3848","Netherlands","","","https://www.sciencedirect.com/journal/gene","0.703","Q2 (Medicine)","204","No"
"Gene Expression Patterns","Genetics & Genomics - Epigenetics","Elsevier","For-profit","Hybrid","1550","Netherlands","","","https://www.sciencedirect.com/journal/gene-expression-patterns","0.331","Q4 (Developmental Biology; Genetics; Molecular Biology)","72","No"
"General and Comparative Endocrinology","Anatomy & Physiology - Endocrinology","Elsevier","For-profit","Hybrid","3011","Netherlands","","","https://www.sciencedirect.com/journal/general-and-comparative-endocrinology","0.505","Q2 (Animal Science and Zoology)","141","No"
"Genes and Cancer","Cancer - Genetics","Rapamycin Press LLC (Impact Journals)","For-profit","","","USA","","","https://www.genesandcancer.com/","1.517","Q1 (Genetics)","88","No"
"Genes and Development","Development - Genetics; Genetics & Genomics - Generalist; Molecular & Cellular Biology - Genetics and Genomics","Cold Spring Harbor (CSH) Laboratory Press","Non-profit","Hybrid","4525","USA","Cold Spring Harbor (CSH) Laboratory","University/Government","https://genesdev.cshlp.org/","3.302","Q1 (Developmental Biology; Genetics)","499","No"
"Genes and Immunity","Genetics & Genomics - Genetics; Immunology - Immunogenetics, Molecular and Cellular Immunology","Springer Nature","For-profit","Hybrid","636","Germany / UK","","","https://www.nature.com/gene/","1.344","Q1 (Genetics)","117","No"
"Genes, Brain and Behavior","Genetics & Genomics - Generalist; Neurosciences - Neurogenetics","John Wiley & Sons","For-profit associated with a society","Hybrid","3267","USA","International Behavioural and Neural Genetics Society","Society/Association","https://onlinelibrary.wiley.com/journal/1601183X","1.054","Q1 (Behavioral Neuroscience)","107","No"
"Genes, Chromosomes and Cancer","Cancer - Genetics; Genetics & Genomics - Medical Genetics","John Wiley & Sons","For-profit","Hybrid","2453","USA","","","https://onlinelibrary.wiley.com/journal/10982264","1.31","Q1 (Genetics)","137","No"
"Genesis: The Journal of Genetics and Development","Development - Genetics; Genetics & Genomics - Genetics","John Wiley & Sons","For-profit","Hybrid","2437","USA","-","","https://onlinelibrary.wiley.com/journal/1526968x","0.87","Q2 (Endocrinology; Genetics; Medicine)","128","No"
"Genes to Cells","Genetics & Genomics - Genetics","John Wiley & Sons","For-profit","Hybrid","3167","USA","","","https://onlinelibrary.wiley.com/journal/13652443","0.55","Q2 (Medicine)","129","No"
"Gene Therapy","Genetics & Genomics - Medical Genetics","Springer Nature","For-profit","Hybrid","3105","Germany / UK","","","https://www.nature.com/gt/","1.502","Q1 (Genetics; Molecular Biology; Molecular Medicine)","181","No"
"Genetic Epidemiology","Genetics & Genomics - Medical Genetics","John Wiley & Sons","For-profit","OA","2732","USA","","","https://onlinelibrary.wiley.com/journal/10982272","1.296","Q1 (Epidemiology; Genetics)","111","No"
"Genetics","Ecology & Evolution - Genetics; Genetics & Genomics - Genetics","Oxford University Press (OUP)","University Press associated with a society","Hybrid","1585","UK","Genetics Society of America","Society/Association","https://academic.oup.com/genetics","2.934","Q1 (Genetics)","290","PCI friendly"
"Genetics in Medicine","Genetics & Genomics - Medical Genetics","Elsevier","For-profit","OA","1558","Netherlands","","","https://www.nature.com/gim/","2.687","Q1 (Genetics; Medicine)","176","No"
"Genetics Research","Genetics & Genomics - Genetics","John Wiley & Sons","For-profit","OA","1880","UK","","","https://onlinelibrary.wiley.com/journal/gr","","-","77","No"
"Genetics Selection Evolution","Genetics & Genomics - Genetics","Springer Nature (BioMed Central)","For-profit","OA","2130","UK","French National Institute for Agricultural Research","","https://gsejournal.biomedcentral.com/","1.108","Q1 (Animal Science and Zoology; Ecology, Evolution, Behavior and Systematics; Medicine)","97","PCI friendly"
"Genome Biology","Genetics & Genomics - Genomics; Molecular & Cellular Biology - Genetics and Genomics","Springer Nature (BioMed Central)","For-profit","OA","4033","UK","","","https://genomebiology.biomedcentral.com/","5.792","Q1 (Cell Biology; Ecology, Evolution, Behavior and Systematics; Genetics)","332","No"
"Genome Biology and Evolution","Ecology & Evolution - Genetics; Genetics & Genomics - Genomics","Oxford University Press (OUP)","University Press associated with a society","OA","2989","UK","Society for Molecular Biology and Evolution","Society/Association","https://academic.oup.com/gbe/","1.274","Q1 (Ecology, Evolution, Behavior and Systematics; Genetics)","109","PCI friendly"
"Genome Medicine","Genetics & Genomics - Medical Genetics","Springer Nature (BioMed Central)","For-profit","OA","4646","UK","","","https://genomemedicine.biomedcentral.com/","4.971","Q1 (Genetics; Molecular Biology; Molecular Medicine)","147","No"
"Genome Research","Ecology & Evolution - Genetics; Genetics & Genomics - Generalist; Plants - Genetics","Cold Spring Harbor (CSH) Laboratory Press","Non-profit","Hybrid","4363","USA","Cold Spring Harbor Laboratory","Non-profit","https://genome.cshlp.org/","3.688","Q1 (Genetics)","347","No"
"Genomics","Genetics & Genomics - Genomics","Elsevier","For-profit","OA","2540","Netherlands","","","https://www.sciencedirect.com/journal/genomics","0.872","Q2 (Genetics)","164","No"
"Genomics and informatics","Genetics & Genomics - Genomics","Springer Nature (BioMed Central)","For-profit associated with a society","OA","1990","UK","Korea Genome Organization","","https://genomicsinform.biomedcentral.com/","0.473","Q2 (Ecology, Evolution, Behavior and Systematics)","17","No"
"Genomics Proteomics & Bioinformatics","Genetics & Genomics - Genomics","Oxford University Press (OUP)","University Press associated with a society","OA","1760","UK","Beijing Institute of Genomics, Chinese Academy of Sciences; China National Center for Bioinformation; Genetics Society of China","Society/Association","https://www.sciencedirect.com/journal/genomics-proteomics-and-bioinformatics","2.735","Q1 (Biochemistry; Computational Mathematics; Genetics; Medicine; Molecular Biology)","87","No"
"GeoHealth","Ecology & Evolution - Health; Generalist - Clinical/Medicine","John Wiley & Sons","For-profit associated with a society","OA","2270","USA","American Geophysical Union (AGU)","Society/Association","https://agupubs.onlinelibrary.wiley.com/journal/24711403","1.515","Q1 (Epidemiology; Global and Planetary Change; Health, Toxicology and Mutagenesis; Management, Monitoring, Policy and Law; Pollution; Public Health, Environmental and Occupational Health; Waste Management and Disposal; Water Science and Technology)","48","No"
"Geoscientific Model Development","Ecology & Evolution - Theory","Copernicus Publications","For-profit associated with a society","OA","2052","Germany","European Geosciences Union","Society/Association","https://www.geoscientific-model-development.net/","2.134","Q1 (Earth and Planetary Sciences; Modeling and Simulation)","159","No"
"Geriatrics and Gerontology International","Anatomy & Physiology - Aging; Development - Aging","John Wiley & Sons","For-profit associated with a society","Hybrid","2052","USA","Japan Geriatrics Society","Society/Association","https://onlinelibrary.wiley.com/journal/14470594","0.734","Q2 (Geriatrics and Gerontology; Gerontology; Health; Medicine)","88","No"
"Gériatrie et Psychologie Neuropsychiatrie du Vieillissement","Anatomy & Physiology - Aging; Development - Aging; Neurosciences - Developmental Neuroscience","John Libbey Eurotext","For-profit associated with a society","Hybrid","424","France","Société française de gériatrie et de gérontologie (SFGG); Société francophone de psychogériatrie et de psychiatrie de la personne âgée (SF3PA); Association des jeunes gériatres (AJG)","Society/Association","https://www.jle.com/fr/revues/gpn/revue.phtml","0.154","Q4 (Biological Psychiatry; Geriatrics and Gerontology; Medicine; Neurology; Neuropsychology and Physiological Psychology)","23","No"
"Gerontology","Anatomy & Physiology - Aging; Development - Aging","Karger Publishers","For-profit","Hybrid","4284","Switzerland","","","https://karger.com/ger","1.102","Q2 (Geriatrics and Gerontology)","124","No"
"GeroScience","Anatomy & Physiology - Aging; Development - Aging","Springer Nature","For-profit associated with a society","Hybrid","4324","Germany / UK","American Aging Association (AGE)","Society/Association","https://link.springer.com/journal/11357","1.827","Q1 (Aging; Cardiology and Cardiovascular Medicine; Complementary and Alternative Medicine; Geriatrics and Gerontology; Veterinary)","103","No"
"GigaByte","Generalist","Oxford University Press (OUP)","University Press","OA","421","Hong Kong","BGI Hong Kong","","https://gigabytejournal.com/","0.841","Q2 (Biochemistry, Genetics and Molecular Biology; Biotechnology; Genetics; Molecular Medicine)","14","PCI friendly"
"GigaScience","Generalist","Oxford University Press (OUP)","University Press","OA","2739","UK","Beijing Genomics Institute","","https://academic.oup.com/gigascience","1.387","Q1 (Computer Science Applications; Health Informatics)","106","PCI friendly"
"Glia","Neurosciences - Molecular and Cellular Neuroscience","John Wiley & Sons","For-profit","Hybrid","3903","USA","","","https://onlinelibrary.wiley.com/journal/10981136","2.364","Q1 (Cellular and Molecular Neuroscience; Neurology)","203","No"
"Global Spine Journal","Neurosciences - Generalist","Sage Publishing","For-profit associated with a society","OA","","USA","AO Spine","","https://journals.sagepub.com/home/gsja","1.306","Q1 (Neurology; Orthopedics and Sports Medicine; Surgery)","69","No"
"Glycobiology","Molecular & Cellular Biology - Biochemistry and Molecular Biology","Oxford University Press (OUP)","University Press","Hybrid","4044","UK","","","https://academic.oup.com/glycob/?login=true","0.844","Q2 (Biochemistry)","150","No"
"Grana","Ecology & Evolution - Applied Ecology; Plants - Generalist","Taylor & Francis Group","For-profit associated with a society","Hybrid","812","UK","Collegium Palynologicum Scandinavicum / International Association for Aerobiology","Society/Association","https://www.tandfonline.com/journals/sgra20","0.36","Q2 (Plant Science)","49","No"
"Growth Factors","Anatomy & Physiology - Endocrinology; Molecular & Cellular Biology - Biochemistry and Molecular Biology","Taylor & Francis Group","For-profit","Hybrid","","UK","","","https://www.tandfonline.com/journals/igrf20","0.617","Q3 (Cell Biology; Clinical Biochemistry; Endocrinology)","68","No"
"Growth Hormone and IGF Research","Anatomy & Physiology - Endocrinology; Molecular & Cellular Biology - Biochemistry and Molecular Biology","Elsevier","For-profit","Hybrid","2193","Netherlands","","","https://www.sciencedirect.com/journal/growth-hormone-and-igf-research","0.633","Q3 (Endocrinology; Endocrinology, Diabetes and Metabolism)","72","No"
"Gut","Anatomy & Physiology - Physiology","BMJ Group","Non-profit","Hybrid","4375","UK","","","https://gut.bmj.com/","8.772","Q1 (Gastroenterology)","385","No"
"Gut and Liver","Anatomy & Physiology - Physiology","Korean Society of Gastroenterology; the Korean Society of Gastrointestinal Endoscopy; the Korean Society of Neurogastroenterology and Motility; the Korean College of Helicobacter and Upper Gastrointestinal Research; the Korean Association for the Study of Intestinal Diseases; the Korean Association for the Study of the Liver; the Korean Pancreatobiliary Association; the Korean Society of Gastrointestinal Cancer Researh","Non-profit","OA","","Republic of Korea (South Korea)","Korean Society of Gastroenterology; the Korean Society of Gastrointestinal Endoscopy; the Korean Society of Neurogastroenterology and Motility; the Korean College of Helicobacter and Upper Gastrointestinal Research; the Korean Association for the Study of Intestinal Diseases; the Korean Association for the Study of the Liver; the Korean Pancreatobiliary Association; the Korean Society of Gastrointestinal Cancer Researh","Society/Association","https://www.gutnliver.org/main.html","1.143","Q1 (Gastroenterology)","70","No"
"Gut Microbes","Cancer - Gastrointestinal cancer; Immunology - Immunopathology; Molecular & Cellular Biology - Microbiology and Infectious Diseases","Taylor & Francis Group","For-profit","OA","3760","USA","","","https://www.tandfonline.com/journals/kgmi20","4.109","Q1 (Gastroenterology; Infectious Diseases; Microbiology)","147","No"
"Gut Microbes Reports","Cancer - Gastrointestinal cancer; Immunology - Immunopathology; Molecular & Cellular Biology - Microbiology and Infectious Diseases","Taylor & Francis Group","For-profit","Hybrid","1615","UK","","","https://www.tandfonline.com/journals/kgmr20","","","","No"
"Gut Pathogens","Immunology - Immunopathology; Molecular & Cellular Biology - Microbiology and Infectious Diseases","Springer Nature (BioMed Central)","For-profit associated with a society","OA","2945","UK","The International Society for Genomic and Evolutionary Microbiology","Society/Association","https://gutpathogens.biomedcentral.com/","1.169","Q1 (Gastroenterology; Infectious Diseases; Parasitology; Virology)","65","No"
"Gynecological Endocrinology","Anatomy & Physiology - Endocrinology","International Society of Gynecological Endocrinology","Non-profit","OA","2946","UK","International Society of Gynecological Endocrinology","Society/Association","https://www.isgesociety.com/publications/gynecological-endocrinology/","0.699","Q2 (Obstetrics and Gynecology)","83","No"
"Gynecologic Oncology","Cancer - Generalist","Elsevier","For-profit associated with a society","Hybrid","3239","Netherlands","Society of Gynecologic Oncology (SGO)","Society/Association","https://www.sciencedirect.com/journal/gynecologic-oncology","1.81","Q1 (Obstetrics and Gynecology; Oncology)","198","No"
"Harvard Review of Psychiatry","Neurosciences - Clinical Neuroscience","Wolters Kluwer (Lippincott)","For-profit associated with a society","Hybrid","2020","Netherlands / USA","Departments of Psychiatry, Harvard teaching hospitals","University/Government","https://journals.lww.com/hrpjournal/pages/default.aspx","1.062","Q2 (Psychiatry and Mental Health)","101","No"
"Headache","Neurosciences - Clinical Neuroscience","John Wiley & Sons","For-profit associated with a society","Hybrid","3358","USA","American Headache Society","Society/Association","https://headachejournal.onlinelibrary.wiley.com/","0.905","Q2 (Neurology)","154","No"
"Hearing Research","Neurosciences - Sensory Neuroscience","Elsevier","For-profit","Hybrid","2295","Netherlands","","","https://www.sciencedirect.com/journal/hearing-research","0.891","Q2 (Sensory Systems)","145","No"
"Helicobacter","Immunology - Immunopathology; Molecular & Cellular Biology - Microbiology and Infectious Diseases","John Wiley & Sons","For-profit","Hybrid","2284","USA","","","https://onlinelibrary.wiley.com/journal/15235378","1.079","Q1 (Gastroenterology; Infectious Diseases; Medicine)","99","No"
"Helminthologia","Ecology & Evolution - Zoology","De Gruyter Brill","For-profit associated with a society","OA","350","Germany","Slovak Academy of Sciences","University/Government","https://pau.saske.sk/helm/","0.323","Q3 (Animal Science and Zoology; Parasitology)","34","No"
"HemaSphere","Cancer - Hematopoietic and Cardiovascular Cancer","John Wiley & Sons","For-profit associated with a society","OA","1943","USA","European Hematology Association (EHA)","Society/Association","https://onlinelibrary.wiley.com/journal/25729241","2.001","Q1 (Hematology)","42","No"
"Hematological Oncology","Cancer - Hematopoietic and Cardiovascular Cancer","John Wiley & Sons","For-profit","Hybrid","2959","USA","","","https://onlinelibrary.wiley.com/journal/10991069","1.073","Q1 (Hematology; Medicine)","59","No"
"Hépato-Gastro et Oncologie Digestive","Cancer - Gastrointestinal cancer","John Libbey Eurotext","For-profit","","","France","","","https://www.jle.com/fr/revues/hpg/revue.phtml","0.107","Q4 (Gastroenterology; Hepatology; Oncology)","7","No"
"Hereditas","Genetics & Genomics - Generalist","Springer Nature (BioMed Central)","For-profit associated with a society","OA","1831","UK","The Mendelian Society of Lund","Society/Association","https://hereditasjournal.biomedcentral.com/","0.59","Q2 (Medicine)","58","No"
"Heredity","Ecology & Evolution - Genetics; Genetics & Genomics - Genetics","Springer Nature","For-profit associated with a society","Hybrid","3115","Germany / UK","Genetics Society","Society/Association","https://www.nature.com/hdy/","0.983","Q2 (Genetics)","146","No"
"Herpetologica","Ecology & Evolution - Zoology","The Herpetologists' League","Non-profit","Hybrid","2210","USA","The Herpetologists' League","Society/Association","https://complete.bioone.org/journals/herpetologica/scope-and-details","0.435","Q2 (Animal Science and Zoology; Ecology, Evolution, Behavior and Systematics)","60","No"
"Herpetozoa","Ecology & Evolution - Zoology","Pensoft Publishers","For-profit associated with a society","OA","595","Bulgaria","Austrian Herpetological Society","Society/Association","https://herpetozoa.pensoft.net/","0.556","Q1 (Animal Science and Zoology)","14","No"
"High Altitude Medicine & Biology","Anatomy & Physiology - Physiology","Sage Publishing (Mary Ann Liebert)","For-profit","Hybrid","3446","USA","","","https://liebertpub.com/loi/HAM","0.413","Q3 (Medicine; Public Health, Environmental and Occupational Health)","67","No"
"Hippocampus","Neurosciences - Generalist","John Wiley & Sons","For-profit","Hybrid","2999","USA","","","https://onlinelibrary.wiley.com/journal/10981063","1.098","Q2 (Cognitive Neuroscience)","180","No"
"Histochemistry and Cell Biology","Molecular & Cellular Biology - Cell Biology and Developmental Biology","Springer Nature","For-profit","Hybrid","4101","Germany / UK","","","https://link.springer.com/journal/418","0.825","Q1 (Medical Laboratory Technology)","120","No"
"Histology and Histopathology","Molecular & Cellular Biology - Clinical and Medical Sciences","Sercrisma International S.L.","Non-profit","Hybrid","1595","Spain","","","https://www.hh.um.es/","0.596","Q2 (Histology; Pathology and Forensic Medicine)","108","No"
"Histopathology","Molecular & Cellular Biology - Clinical and Medical Sciences","John Wiley & Sons","For-profit associated with a society","Hybrid","2744","USA","International Academy of Pathology","","https://onlinelibrary.wiley.com/journal/13652559","1.667","Q1 (Histology; Medicine; Pathology and Forensic Medicine)","151","No"
"HIV Medicine","Immunology - Virology","John Wiley & Sons","For-profit associated with a society","Hybrid","2277","USA","British HIV Association","Society/Association","https://onlinelibrary.wiley.com/journal/14681293","1.06","Q1 (Health Policy; Infectious Diseases; Pharmacology)","90","No"
"HLA","Immunology - Immunogenetics, Molecular and Cellular Immunology","John Wiley & Sons","For-profit associated with a society","Hybrid","3500","USA","European Federation for Immunogenetics","","https://onlinelibrary.wiley.com/journal/20592310","0.273","Q4 (Genetics; Immunology; Immunology and Allergy)","110","No"
"Hormone and Metabolic Research","Anatomy & Physiology - Endocrinology","Thieme Group","For-profit","Hybrid","3233","Germany","","","https://lp.thieme.de/journals/hormone-and-metabolic-research/0018-5043","0.709","Q2 (Biochemistry; Clinical Biochemistry; Medicine)","106","No"
"Hormone Research in Paediatrics","Anatomy & Physiology - Endocrinology","Karger Publishers","For-profit associated with a society","Hybrid","2649","Switzerland","European Society for Paediatric Endocrinology; Pediatric Endocrine Society; Sociedade Latino-Americana de Endocrinologia Pediátrica","Society/Association","https://karger.com/HRP","1.038","Q1 (Pediatrics, Perinatology and Child Health)","107","No"
"Hormones","Anatomy & Physiology - Endocrinology","Springer Nature","For-profit associated with a society","Hybrid","2444","Germany / UK","Hellenic Endocrine Society","Society/Association","https://link.springer.com/journal/42000","0.672","Q2 (Medicine)","64","No"
"Hormones and Behavior","Anatomy & Physiology - Endocrinology; Ecology & Evolution - Genetics; Neurosciences - Behavioral Neuroscience","Elsevier","For-profit associated with a society","Hybrid","2654","Netherlands","Society for Behavioral Neuroendocrinology","Society/Association","https://www.sciencedirect.com/journal/hormones-and-behavior","0.876","Q2 (Behavioral Neuroscience; Endocrine and Autonomic Systems; Endocrinology)","171","No"
"Horticulture Research","Plants - Agriculture","Oxford University Press (OUP)","University Press","OA","3450","UK","Nanjing Agricultural University","","https://academic.oup.com/hr","2.464","Q1 (Biochemistry; Biotechnology; Genetics; Horticulture; Plant Science)","97","No"
"Human Brain Mapping","Neurosciences - Generalist","John Wiley & Sons","For-profit","OA","3251","USA","","","https://onlinelibrary.wiley.com/journal/10970193","1.501","Q1 (Anatomy; Neurology; Radiological and Ultrasound Technology; Radiology, Nuclear Medicine and Imaging)","231","No"
"Human Cell","Molecular & Cellular Biology - Cell Biology and Developmental Biology","Springer Nature","For-profit associated with a society","Hybrid","2794","Germany / UK","Japan Human Cell Society","Society/Association","https://link.springer.com/journal/13577","0.854","Q2 (Medicine)","52","No"
"Human Fertility","Development - Reproduction","Taylor & Francis Group","For-profit associated with a society","OA","2447","UK","British Fertility Society","Society/Association","https://www.tandfonline.com/journals/ihuf20","0.659","Q2 (Medicine; Obstetrics and Gynecology; Reproductive Medicine)","50","No"
"Human Gene Therapy","Genetics & Genomics - Medical Genetics","Sage Publishing (Mary Ann Liebert)","For-profit","Hybrid","2848","USA","","","https://home.liebertpub.com/publications/human-gene-therapy/19/overview","1.282","Q1 (Genetics)","167","No"
"Human Genetics","Genetics & Genomics - Human Genetics","Springer Nature","For-profit","Hybrid","3598","Germany / UK","","","https://link.springer.com/journal/439","1.562","Q1 (Genetics)","159","No"
"Human Genetics and Genomics Advances","Genetics & Genomics - Human Genetics","Elsevier (Cell Press)","For-profit associated with a society","OA","2585","USA","American Society for Human Genetics","Society/Association","https://www.cell.com/hgg-advances/home","1.761","Q1 (Genetics; Molecular Medicine)","24","No"
"Human Genome Variation","Genetics & Genomics - Genomics","Springer Nature","For-profit associated with a society","OA","1245","Germany / UK","The Japan Society of Human Genetics","Society/Association","https://www.nature.com/hgv/","0.535","Q3 (Biochemistry; Genetics; Molecular Biology)","28","No"
"Human Genomics","Genetics & Genomics - Human Genetics","Springer Nature (BioMed Central)","For-profit","OA","2856","UK","Human Genome Organisation (HUGO)","","https://humgenomics.biomedcentral.com/","1.455","Q1 (Drug Discovery; Genetics; Molecular Biology; Molecular Medicine)","78","No"
"Human Heredity","Genetics & Genomics - Human Genetics","Karger Publishers","For-profit","Hybrid","1380","Switzerland","","","https://karger.com/HHE/","0.265","Q4 (Genetics)","67","No"
"Human Immunology","Immunology - Generalist/Classical Immunology","Elsevier","For-profit associated with a society","Hybrid","1964","Netherlands","American Society for Histocompatibility and Immunogenetics (ASHI)","Society/Association","https://www.sciencedirect.com/journal/human-immunology","0.624","Q2 (Medicine)","107","No"
"Human Molecular Genetics","Genetics & Genomics - Human Genetics","Oxford University Press (OUP)","University Press","Hybrid","4425","UK","","","https://academic.oup.com/hmg/","1.447","Q1 (Genetics; Medicine)","313","No"
"Human Movement Science","Anatomy & Physiology - Sport Science","Elsevier","For-profit","Hybrid","1910","Netherlands","","","https://www.sciencedirect.com/journal/human-movement-science","0.544","Q2 (Medicine)","114","No"
"Human Mutation","Genetics & Genomics - Human Genetics","John Wiley & Sons","For-profit","Hybrid","2635","USA","","","https://onlinelibrary.wiley.com/journal/10981004","1.967","Q1 (Genetics)","194","No"
"Human Psychopharmacology","Molecular & Cellular Biology - Neuroscience and Neurobiology","John Wiley & Sons","For-profit","","","USA","","","https://onlinelibrary.wiley.com/journal/10991077","0.662","Q2 (Neurology; Pharmacology; Psychiatry and Mental Health)","89","No"
"Human Reproduction","Development - Reproduction","Oxford University Press (OUP)","University Press","Hybrid","3902","UK","-","","https://academic.oup.com/humrep","2.231","Q1 (Obstetrics and Gynecology; Rehabilitation; Reproductive Medicine)","274","No"
"Human Reproduction Open","Development - Reproduction","Oxford University Press (OUP)","University Press","OA","2348","UK","-","","https://academic.oup.com/hropen","3.354","Q1 (Embryology; Obstetrics and Gynecology; Reproductive Medicine)","48","No"
"Human Reproduction Update","Development - Reproduction","Oxford University Press (OUP)","University Press","Hybrid","1830","UK","-","","https://academic.oup.com/humupd","5.991","Q1 (Obstetrics and Gynecology; Reproductive Medicine)","242","No"
"Human Vaccines & Immunotherapeutics","Immunology - Vaccinology","Taylor & Francis Group","For-profit associated with a society","OA","3017","UK","International Society for Vaccines (ISV); Association for Cancer Immunotherapy (CIMT)","Society/Association","https://www.tandfonline.com/journals/khvi20","1.094","Q1 (Medicine; Pharmacology)","113","No"
"Human-Wildlife Interactions","Ecology & Evolution - Applied Ecology","Jack H Berryman Institute","University Press","OA","1649","USA","Utah State University","University/Government","https://digitalcommons.usu.edu/hwi/","0.237","Q3 (Ecology; Nature and Landscape Conservation)","29","No"
"Hystrix","Ecology & Evolution - Zoology","Italian Mammal Society - Associazione Teriologica Italiana","Non-profit","OA diamond","0","Italy","Italian Mammal Society - Associazione Teriologica Italiana","Society/Association","https://www.italian-journal-of-mammalogy.it","0.365","Q2 (Animal Science and Zoology)","34","No"
"Ibis","Ecology & Evolution - Zoology","John Wiley & Sons","For-profit associated with a society","Hybrid","2239","USA","British Ornithologists' Union","Society/Association","https://onlinelibrary.wiley.com/journal/1474919x","0.878","Q1 (Animal Science and Zoology; Ecology, Evolution, Behavior and Systematics; Nature and Landscape Conservation)","97","No"
"ICES Journal of Marine Science","Ecology & Evolution - Applied Ecology","Oxford University Press (OUP)","University Press associated with a society","OA","3192","UK","International Council for the Exploration of the See","Society/Association","https://academic.oup.com/icesjms","1.072","Q1 (Aquatic Science; Ecology; Ecology, Evolution, Behavior and Systematics; Oceanography)","151","No"
"Ichthyology & Herpetology","Ecology & Evolution - Zoology","American Society of Ichthyologists and Herpetologists","Non-profit","Hybrid","","USA","American Society of Ichthyologists and Herpetologists","Society/Association","https://www.ichthyologyandherpetology.org/","0.322","Q3 (Animal Science and Zoology; Aquatic Science; Ecology, Evolution, Behavior and Systematics)","80","No"
"Ideas in Ecology and Evolution","Ecology & Evolution - Generalist","Open Journal Systems","Non-profit","OA","173","Canada","Queen's University","University/Government","https://ojs.library.queensu.ca/index.php/IEE","","","","No"
"IEEE/ACM Transactions on Computational Biology and Bioinformatics","Ecology & Evolution - Theory; Neurosciences - Developmental Neuroscience","Institute of Electrical and Electronics Engineers (IEEE) Signal Processing Society","Non-profit","Hybrid","2246","USA","Institute of Electrical and Electronics Engineers (IEEE) Signal Processing Society","Society/Association","https://ieeexplore.ieee.org/xpl/RecentIssue.jsp?punumber=7274989","1.279","Q2 (Applied Mathematics; Biotechnology; Genetics)","96","No"
"IEEE/ACM Transactions on Computational Biology and Bioinformatics","Generalist - Computational Biology","Association for Computing Machinery","Non-profit","Hybrid","2246","USA","Association for Computing Machinery","Society/Association","https://dl.acm.org/journal/tcbb","0.797","Q2 (Applied Mathematics; Biotechnology; Genetics)","96","No"
"IEEE Transactions on Image Processing","Generalist - Methods","Institute of Electrical and Electronics Engineers (IEEE) Signal Processing Society","Non-profit","Hybrid","1970","USA","Institute of Electrical and Electronics Engineers (IEEE) Signal Processing Society","Society/Association","https://ieeexplore.ieee.org/xpl/mostRecentIssue.jsp?punumber=83","2.982","Q1 (Computer Graphics and Computer-Aided Design; Software)","363","No"
"IET Systems Biology","Molecular & Cellular Biology - Methodology and Experimental Techniques","John Wiley & Sons","For-profit associated with a society","OA","1843","UK","The Institution of Engineering and Technology","University/Government","https://ietresearch.onlinelibrary.wiley.com/journal/17518857","0.456","Q2 (Modeling and Simulation)","56","No"
"IMA Fungus","Ecology & Evolution - Fungi","Springer Nature","For-profit associated with a society","OA","906","Bulgaria","International Mycological Association","Society/Association","https://imafungus.biomedcentral.com/","0.969","Q1 (Agricultural and Biological Sciences; Ecology, Evolution, Behavior and Systematics; Plant Science)","57","No"
"Imagination, Cognition and Personality","Neurosciences - Cognitive Neuroscience","Sage Publishing","For-profit","","","USA","","","https://journals.sagepub.com/home/icaa","0.395","Q3 (Cognitive Neuroscience; Experimental and Cognitive Psychology; Psychology)","39","No"
"Imaging Neuroscience","Neurosciences - Cognitive Neuroscience","MIT Press","University Press","OA","1614","USA","","University/Government","https://direct.mit.edu/imag","0.791","Q2 (Medicine; Neurology; Neuroscience; Radiology, Nuclear Medicine and Imaging)","13","No"
"Immune Network","Immunology - Generalist/Classical Immunology","Korean Association of Immunologists (KAI)","Non-profit","OA","","Republic of Korea (South Korea)","","","https://immunenetwork.org/","1.729","Q1 (Immunology; Immunology and Allergy; Infectious Diseases)","50","No"
"Immunity","Immunology - Generalist/Classical Immunology","Elsevier (Cell Press)","For-profit","Hybrid","5481","USA","","","https://www.cell.com/immunity","16.481","Q1 (Immunology; Immunology and Allergy; Infectious Diseases)","498","No"
"Immunity & Ageing","Immunology - Generalist/Classical Immunology","Springer Nature (BioMed Central)","For-profit","OA","2144","UK","","","https://immunityageing.biomedcentral.com/","2.298","Q1 (Aging; Immunology)","71","No"
"Immunity Inflammation and Disease","Immunology - Inflammation","John Wiley & Sons","For-profit","OA","2673","UK","","","https://onlinelibrary.wiley.com/journal/20504527","0.851","Q2 (Immunology; Immunology and Allergy)","43","No"
"Immunobiology","Immunology - Generalist/Classical Immunology","Elsevier","For-profit","OA","2113","Netherlands","","","https://www.sciencedirect.com/journal/immunobiology","0.83","Q2 (Hematology; Immunology; Immunology and Allergy)","114","No"
"Immunogenetics","Immunology - Immunogenetics, Molecular and Cellular Immunology","Springer Nature","For-profit","Hybrid","2925","Germany / UK","","","https://link.springer.com/journal/251","0.804","Q2 (Genetics)","104","No"
"Immunological Investigations","Immunology - Generalist/Classical Immunology","Taylor & Francis Group","For-profit","Hybrid","2594","UK","","","https://www.tandfonline.com/journals/iimm20","0.653","Q2 (Medicine)","60","No"
"Immunological Reviews","Immunology - Generalist/Classical Immunology","John Wiley & Sons","For-profit","Hybrid","3278","USA","","","https://onlinelibrary.wiley.com/journal/1600065X","3.945","Q1 (Immunology; Immunology and Allergy)","273","No"
"Immunologic Research","Immunology - Generalist/Classical Immunology","Springer Nature","For-profit","Hybrid","2675","Germany / UK","","","https://link.springer.com/journal/12026","0.747","Q3 (Immunology)","109","No"
"Immunology","Immunology - Generalist/Classical Immunology","John Wiley & Sons","For-profit","Hybrid","2264","USA","","","https://onlinelibrary.wiley.com/journal/13652567","1.581","Q1 (Immunology; Immunology and Allergy)","170","No"
"Immunology & Cell Biology","Immunology - Generalist/Classical Immunology","John Wiley & Sons","For-profit associated with a society","Hybrid","3066","USA","Australasian Society for Immunology / Australasian Society","Society/Association","https://onlinelibrary.wiley.com/journal/14401711","1.079","Q2 (Cell Biology; Immunology; Immunology and Allergy)","126","No"
"Immunology Letters","Immunology - Generalist/Classical Immunology","Elsevier","For-profit","Hybrid","1615","Netherlands","","","https://www.journals.elsevier.com/immunology-letters","1.038","Q2 (Immunology; Immunology and Allergy)","118","No"
"Immunopharmacology and Immunotoxicology","Immunology - Immunotoxicology","Taylor & Francis Group","For-profit","","","UK","","","https://www.tandfonline.com/journals/iipi20","0.723","Q2 (Medicine; Pharmacology; Toxicology)","67","No"
"Immunotherapy","Immunology - Immunopathology","Taylor & Francis Group","For-profit","Hybrid","2767","UK","","","https://www.tandfonline.com/journals/iimy20","0.666","Q3 (Immunology; Immunology and Allergy; Oncology)","75","No"
"Indian Journal of Pathology and Microbiology","Molecular & Cellular Biology - Microbiology and Infectious Diseases","Wolters Kluwer (Lippincott)","For-profit associated with a society","OA","","India","Indian Association of Pathologists and Microbiologists","Society/Association","https://journals.lww.com/ijpm/pages/default.aspx","0.253","Q3 (Medicine; Pathology and Forensic Medicine)","40","No"
"Infection","Immunology - Immunopathology","Springer Nature","For-profit associated with a society","Hybrid","4446","Germany / UK","European Society of Clinical Microbiology and Infectious Diseases; Paul-Ehrlich-Gesellschaft für Chemotherapie; Deutsche Gesellschaft für Infektiologie; Deutsche Sepsis-Gesellschaft","Society/Association","https://link.springer.com/journal/15010","1.087","Q1 (Infectious Diseases; Medicine; Microbiology)","98","No"
"Infection and Immunity","Immunology - Immunopathology","American Society for Microbiology (ASM)","Non-profit","Hybrid","4161","USA","American Society for Microbiology (ASM)","Society/Association","https://journals.asm.org/journal/iai","1.171","Q1 (Infectious Diseases; Parasitology)","257","No"
"Infection Genetics & Evolution","Immunology - Immunogenetics, Molecular and Cellular Immunology","Elsevier","For-profit","OA","1750","Netherlands","","","https://www.sciencedirect.com/journal/infection-genetics-and-evolution","0.782","Q1 (Ecology, Evolution, Behavior and Systematics)","124","No"
"Infectious Disease Modelling","Immunology - Immunopathology","Elsevier","For-profit","OA","977","Netherlands","","","https://www.sciencedirect.com/journal/infectious-disease-modelling","0.696","Q2 (Applied Mathematics; Health Policy; Infectious Diseases)","43","No"
"Infectious Diseases","Immunology - Immunopathology","American Medical Association (AMA)","Non-profit","Hybrid","3841","USA","","","https://jamanetwork.com/collections/5702/infectious-diseases","0.733","Q2 (Immunology and Microbiology; Infectious Diseases; Medicine; Microbiology)","87","No"
"Infectious Diseases Now","Immunology - Immunopathology","Elsevier","For-profit associated with a society","Hybrid","886","Netherlands","Société de Pathologie Infectieuse de Langue Française (SPILF)","Society/Association","https://www.sciencedirect.com/journal/infectious-diseases-now","0.782","Q2 (Infectious Diseases)","56","No"
"Infectious Medicine","Immunology - Immunopathology","Elsevier","For-profit","OA","1773","Netherlands","Tsinghua University Press","","https://www.sciencedirect.com/journal/infectious-medicine","1.056","Q1 (Immunology and Microbiology; Infectious Diseases)","16","No"
"Infectious Microbes and Diseases","Immunology - Immunopathology; Molecular & Cellular Biology - Microbiology and Infectious Diseases","Wolters Kluwer","For-profit","OA","","Netherlands","Zhejiang University and the First Affiliated Hospital, school of Medicine, Zhejiang University","","https://journals.lww.com/imd/Pages/default.aspx","0.383","Q3 (Epidemiology; Infectious Diseases; Microbiology)","16","No"
"Inflammation","Immunology - Inflammation","Springer Nature","For-profit","OA","2731","Germany / UK","","","https://link.springer.com/journal/10753","1.515","Q1 (Immunology; Immunology and Allergy)","92","No"
"Inflammation Research","Immunology - Inflammation","Springer Nature","For-profit","Hybrid","2268","Germany / UK","","","https://link.springer.com/journal/11","1.552","Q1 (Immunology; Pharmacology)","117","No"
"Inflammatory Bowel Diseases","Immunology - Inflammation","Oxford University Press (OUP)","University Press","Hybrid","3300","UK","","","https://academic.oup.com/ibdjournal?login=false","1.932","Q1 (Gastroenterology; Immunology and Allergy)","192","No"
"Inflammopharmacology","Immunology - Inflammation","Springer Nature","For-profit associated with a society","Hybrid","3894","Germany / UK","Gastrointestinal Section of the International Union of Pharmacology; Hungarian Experimental and Clinical Pharmacology Society","Society/Association","https://link.springer.com/journal/10787","1.373","Q1 (Immunology; Pharmacology)","81","No"
"Influenza and Other Respiratory Viruses","Immunology - Virology","John Wiley & Sons","For-profit associated with a society","OA","3598","UK","International Society for Respiratory Viruses (ISRV)","Society/Association","https://onlinelibrary.wiley.com/journal/17502659","1.632","Q1 (Epidemiology; Infectious Diseases; Public Health, Environmental and Occupational Health; Pulmonary and Respiratory Medicine)","86","No"
"Innate Immunity","Immunology - Generalist/Classical Immunology","Sage Publishing","For-profit associated with a society","Hybrid","3044","USA","International Endotoxin & Innate Immunity Society (IEIIS)","Society/Association","https://journals.sagepub.com/home/ini","0.926","Q2 (Immunology; Infectious Diseases; Microbiology; Molecular Biology)","84","No"
"Insect Conservation & Diversity","Ecology & Evolution - Zoology","John Wiley & Sons","For-profit associated with a society","Hybrid","3175","USA","Royal Entomological Society","Society/Association","https://onlinelibrary.wiley.com/journal/17524598","1.077","Q1 (Ecology, Evolution, Behavior and Systematics; Insect Science)","59","No"
"Insectes Sociaux","Ecology & Evolution - Zoology","Springer Nature","For-profit associated with a society","Hybrid","2584","Germany / UK","International Union for the Study of Social Insects","Society/Association","https://www.springer.com/journal/40","0.342","Q3 (Ecology, Evolution, Behavior and Systematics; Insect Science)","73","PCI friendly"
"Insect Molecular Biology","Ecology & Evolution - Genetics; Molecular & Cellular Biology - Biochemistry and Molecular Biology","John Wiley & Sons","For-profit associated with a society","Hybrid","2790","USA","Royal Entomological Society","Society/Association","https://resjournals.onlinelibrary.wiley.com/journal/13652583","0.629","Q1 (Insect Science)","109","No"
"Insect Science","Ecology & Evolution - Generalist","John Wiley & Sons","For-profit associated with a society","Hybrid","2275","USA","Entomological Society of China","Society/Association","https://onlinelibrary.wiley.com/journal/17447917","0.813","Q1 (Agronomy and Crop Science; Ecology, Evolution, Behavior and Systematics; Insect Science)","72","No"
"Insect Systematics and Diversity","Ecology & Evolution - Zoology","Oxford University Press (OUP)","University Press associated with a society","Hybrid","","UK","Entomological Society of America","Society/Association","https://academic.oup.com/isd","0.97","Q1 (Animal Science and Zoology; Ecology, Evolution, Behavior and Systematics; Insect Science)","24","No"
"Integrative and Comparative Biology","Ecology & Evolution - Genetics","Oxford University Press (OUP)","University Press associated with a society","Hybrid","2807","UK","Society for Integrative and Comparative Biology","Society/Association","https://academic.oup.com/icb","0.762","Q1 (Animal Science and Zoology; Plant Science)","152","No"
"Integrative Cancer Therapies","Cancer - Treatment","Sage Publishing","For-profit","OA","1868","USA","","","https://journals.sagepub.com/home/icta","0.727","Q1 (Complementary and Alternative Medicine)","79","No"
"Integrative Zoology","Ecology & Evolution - Zoology","John Wiley & Sons","For-profit associated with a society","Hybrid","3038","USA","International Society of Zoological Sciences / Institute of Zoology/Chinese Academy of Sciences","Society/Association","https://onlinelibrary.wiley.com/journal/17494877","0.964","Q1 (Animal Science and Zoology)","50","No"
"Interface Focus","Generalist","The Royal Society","Non-profit","Hybrid","2015","UK","The Royal Society","Society/Association","https://royalsocietypublishing.org/journal/rsfs","0.926","Q1 (Biophysics)","84","No"
"International Angiology","Cancer - Generalist","Edizioni Minerva Medica","For-profit","Hybrid","1744","Italy","International Union of Angiology; International Union of Phlebology","","https://www.minervamedica.it/en/journals/international-angiology/","0.455","Q3 (Cardiology and Cardiovascular Medicine)","67","No"
"International Forum of Allergy and Rhinology","Immunology - Allergy and Hypersensitivity","John Wiley & Sons","For-profit associated with a society","Hybrid","2718","USA","American Rhinologic Society (ARS); American Academy of Otolaryngic Allergy (AAOA)","Society/Association","https://onlinelibrary.wiley.com/journal/20426984","1.428","Q1 (Immunology and Allergy; Otorhinolaryngology)","80","No"
"International Gambling Studies","Neurosciences - Addiction","Taylor & Francis Group","For-profit","Hybrid","742","UK","","","https://www.tandfonline.com/journals/rigs20","0.729","Q2 (Applied Psychology)","47","No"
"International Immunology","Immunology - Generalist/Classical Immunology","Oxford University Press (OUP)","University Press","Hybrid","2938","UK","","","https://academic.oup.com/intimm","1.354","Q1 (Immunology and Allergy; Medicine)","156","No"
"International Immunopharmacology","Immunology - Immunopathology","Elsevier","For-profit","Hybrid","3557","Netherlands","","","https://www.sciencedirect.com/journal/international-immunopharmacology","1.354","Q1 (Immunology and Allergy; Pharmacology)","165","No"
"International Journal for Parasitology","Ecology & Evolution - Health; Immunology - Parasitology","Elsevier","For-profit associated with a society","Hybrid","1984","Netherlands","Australian Society for Parasitology","Society/Association","https://www.sciencedirect.com/journal/international-journal-for-parasitology","0.764","Q1 (Parasitology)","167","No"
"International Journal for Parasitology: Parasites and Wildlife","Ecology & Evolution - Health; Immunology - Parasitology","Elsevier","For-profit associated with a society","Hybrid","1506","Netherlands","Australian Society for Parasitology","Society/Association","https://www.sciencedirect.com/journal/international-journal-for-parasitology-parasites-and-wildlife","0.648","Q1 (Animal Science and Zoology)","49","No"
"International Journal of Antimicrobial Agents","Cancer - Treatment; Immunology - Immunopathology; Molecular & Cellular Biology - Microbiology and Infectious Diseases","Elsevier","For-profit associated with a society","Hybrid","3617","Netherlands","International Society of Antimicrobial Chemotherapy","Society/Association","https://www.sciencedirect.com/journal/international-journal-of-antimicrobial-agents","1.301","Q1 (Infectious Diseases; Medicine; Microbiology; Pharmacology)","167","No"
"International Journal of Audiology","Neurosciences - Sensory Neuroscience","Taylor & Francis Group","For-profit associated with a society","Hybrid","2457","UK","","","https://www.tandfonline.com/journals/iija20","0.745","Q1 (Linguistics and Language; Speech and Hearing)","107","No"
"International Journal of Biochemistry and Cell Biology","Molecular & Cellular Biology - Cell Biology and Developmental Biology","Elsevier","For-profit","Hybrid","3202","Netherlands","","","https://www.sciencedirect.com/journal/the-international-journal-of-biochemistry-and-cell-biology","0.937","Q2 (Biochemistry)","219","No"
"International Journal of Bioinformatics Research and Applications","Generalist - Methods","Inderscience Publishers","For-profit","","","Switzerland","","","https://www.inderscience.com/jhome.php?jcode=ijbra","0.203","Q4 (Biomedical Engineering; Clinical Biochemistry; Health Informatics; Health Information Management; Medicine)","21","No"
"International Journal of Biological Sciences","Generalist","Ivyspring International Publisher","For-profit","OA","3076","Australia","","","https://www.ijbs.com/","3.073","Q1 (Applied Microbiology and Biotechnology; Cell Biology; Developmental Biology; Ecology, Evolution, Behavior and Systematics; Molecular Biology)","144","No"
"International Journal of Bipolar Disorders","Neurosciences - Clinical Neuroscience","Springer Nature","For-profit associated with a society","OA","2545","UK","International Group for The Study of Lithium Treated Patients; Deutsche Gesellschaft für Bipolare Störungen (DGBS)","Society/Association","https://journalbipolardisorders.springeropen.com/","1.423","Q1 (Psychiatry and Mental Health)","42","No"
"International Journal of Cancer","Cancer - Generalist","John Wiley & Sons","For-profit","Hybrid","4552","USA","","","https://onlinelibrary.wiley.com/journal/10970215","1.901","Q1 (Cancer Research; Oncology)","275","No"
"International Journal of Developmental Biology","Development - Generalist","UPV/EHU Press","University Press","OA","610","Spain","Universidad del País Vasco (UPV)/Euskal Herriko Unibertsitatearen (EHU)","University/Government","https://ijdb.ehu.eus/","0.517","Q2 (Embryology)","123","No"
"International Journal of Developmental Neuroscience","Development - Neuroscience; Neurosciences - Developmental Neuroscience","John Wiley & Sons","For-profit associated with a society","Hybrid","2545","UK","The International Society for Developmental Neuroscience (ISDN)","Society/Association","https://onlinelibrary.wiley.com/journal/1873474x","0.504","Q3 (Developmental Biology; Developmental Neuroscience)","103","No"
"International Journal of Developmental Science","Development - Generalist","Sage Publishing (IOS Press)","For-profit","","","USA","-","","https://journals.sagepub.com/home/deva","0.342","Q3 (Developmental and Educational Psychology; Life-span and Life-course Studies; Social Psychology)","29","No"
"International Journal of Endocrinology","Anatomy & Physiology - Endocrinology","John Wiley & Sons","For-profit","OA","1751","UK","","","https://onlinelibrary.wiley.com/journal/1573","0.753","Q2 (Endocrinology, Diabetes and Metabolism)","89","No"
"International Journal of Epidemiology","Ecology & Evolution - Health; Immunology - Epidemiology","Oxford University Press (OUP)","University Press","Hybrid","2975","UK","International Epidemiological Association","Non-profit","https://academic.oup.com/ije?login=false","2.365","Q1 (Epidemiology; Medicine)","266","No"
"International Journal of Food Microbiology","Molecular & Cellular Biology - Microbiology and Infectious Diseases","Elsevier","For-profit associated with a society","Hybrid","4743","Netherlands","International Union of Microbiological Societies","Society/Association","https://www.sciencedirect.com/journal/international-journal-of-food-microbiology","1.116","Q1 (Food Science; Medicine; Safety, Risk, Reliability and Quality)","237","No"
"International Journal of Geriatric Psychiatry","Neurosciences - Clinical Neuroscience","John Wiley & Sons","For-profit","Hybrid","2685","USA","","","https://onlinelibrary.wiley.com/journal/10991166","1.13","Q1 (Psychiatry and Mental Health)","162","No"
"International Journal of Gynecological Cancer","Cancer - Generalist","Elsevier","For-profit associated with a society","Hybrid","3292","Netherlands","European Society of Gynaecological Oncology (ESGO); International Gynecologic Cancer Society (IGCS)","Society/Association","https://www.sciencedirect.com/journal/international-journal-of-gynecological-cancer","1.401","Q1 (Obstetrics and Gynecology; Oncology)","112","No"
"International Journal of Hyperthermia","Cancer - Treatment","Taylor & Francis Group","For-profit associated with a society","OA","2486","UK","Society for Thermal Medicine; European Society for Hyperthermic Oncology; Japanese Society for Thermal Medicine","Society/Association","https://www.tandfonline.com/journals/ihyt20","0.902","Q1 (Radiological and Ultrasound Technology)","108","No"
"International Journal of Immunogenetics","Immunology - Immunogenetics, Molecular and Cellular Immunology","John Wiley & Sons","For-profit","Hybrid","2103","USA","","","https://onlinelibrary.wiley.com/journal/1744313x","0.486","Q3 (Genetics; Immunology; Medicine; Molecular Biology)","51","No"
"International Journal of Immunopathology and Pharmacology","Immunology - Immunopathology","Sage Publishing","For-profit","OA","1400","USA","","","https://journals.sagepub.com/home/ijia","0.718","Q2 (Pharmacology)","72","No"
"International Journal of Infectious Diseases","Ecology & Evolution - Health; Immunology - Immunopathology","Elsevier","For-profit associated with a society","Hybrid","1951","Netherlands","International Society for Infectious Diseases","Society/Association","https://www.sciencedirect.com/journal/international-journal-of-infectious-diseases","1.344","Q1 (Infectious Diseases; Medicine; Microbiology)","146","No"
"International Journal of Language and Communication Disorders","Neurosciences - Cognitive Neuroscience","John Wiley & Sons","For-profit associated with a society","Hybrid","2251","USA","Royal College of Speech and Language Therapists","","https://onlinelibrary.wiley.com/journal/14606984","0.806","Q1 (Linguistics and Language; Speech and Hearing)","94","No"
"International Journal of Medical Microbiology","Molecular & Cellular Biology - Microbiology and Infectious Diseases","Elsevier","For-profit associated with a society","OA","2399","Germany","Deutsche Gesellschaft für Hygiene und Mikrobiologie (DGHM)","Society/Association","https://www.sciencedirect.com/journal/international-journal-of-medical-microbiology","0.93","Q1 (Medicine)","118","No"
"International Journal of Mental Health and Addiction","Neurosciences - Addiction","Springer Nature","For-profit","Hybrid","2341","Germany / UK","","","https://link.springer.com/journal/11469","1.102","Q2 (Psychiatry and Mental Health)","87","No"
"International Journal of Neuroscience","Neurosciences - Generalist","Taylor & Francis Group","For-profit","","","UK","","","https://www.tandfonline.com/journals/ines20","0.506","Q3 (Medicine; Neuroscience)","85","No"
"International Journal of Paleopathology","Ecology & Evolution - Ecoimmunology","Elsevier","For-profit associated with a society","Hybrid","840","Netherlands","Paleopathology Association","Society/Association","https://www.sciencedirect.com/journal/international-journal-of-paleopathology","0.643","Q1 (Archeology)","42","No"
"International Journal of Pharmaceutics","Molecular & Cellular Biology - Pharmacology and Toxicology","Elsevier","For-profit","OA","3743","Netherlands","","","https://www.sciencedirect.com/journal/international-journal-of-pharmaceutics","0.977","Q1 (Pharmaceutical Science)","279","No"
"International Journal of Primatology","Ecology & Evolution - Zoology","Springer Nature","For-profit associated with a society","Hybrid","2604","Germany / UK","International Primatological Society","Society/Association","https://www.springer.com/journal/10764/","0.631","Q1 (Animal Science and Zoology)","96","No"
"International Journal of Psychophysiology","Neurosciences - Neurophysiology","Elsevier","For-profit","Hybrid","2530","Netherlands","","","https://www.sciencedirect.com/journal/international-journal-of-psychophysiology","0.982","Q1 (Neuropsychology and Physiological Psychology)","160","No"
"International Journal of Radiation Oncology Biology Physics","Cancer - Treatment","Elsevier","For-profit","Hybrid","3992","Netherlands","","","https://www.redjournal.org/","2.173","Q1 (Cancer Research; Oncology; Radiation; Radiology, Nuclear Medicine and Imaging)","295","No"
"International Journal of Remote Sensing","Ecology & Evolution - Theory","Taylor & Francis Group","For-profit associated with a society","Hybrid","2668","UK","Remote Sensing and Photogrammetry Society","Society/Association","https://www.tandfonline.com/journals/tres20/about-this-journal","0.604","Q2 (Earth and Planetary Sciences)","219","No"
"International Journal of Social Psychiatry","Neurosciences - Social Neuroscience","Sage Publishing","For-profit","Hybrid","286","USA","","","https://journals.sagepub.com/home/ispa","1.081","Q1 (Medicine)","90","No"
"International Journal of Social Psychology","Neurosciences - Social Neuroscience","Sage Publishing","For-profit associated with a society","","","USA","Fundacion Infanzia y Aprendizaje","Non-profit","https://journals.sagepub.com/home/spja","0.404","Q3 (Social Psychology)","31","No"
"International Journal of Sports Physiology and Performance","Anatomy & Physiology - Physiology","Human Kinetics","For-profit","Hybrid","1926","USA","","","https://journals.humankinetics.com/view/journals/ijspp/ijspp-overview.xml","1.833","Q1 (Orthopedics and Sports Medicine; Physical Therapy, Sports Therapy and Rehabilitation; Sports Science)","109","No"
"International Journal of STD and AIDS","Immunology - Virology","Sage Publishing","For-profit associated with a society","Hybrid","2172","USA","British Association for Sexual Health & HIV, International Union against Sexually Transmitted Infections","Society/Association","https://journals.sagepub.com/home/stda","0.483","Q2 (Dermatology)","82","No"
"International Journal of Stroke","Neurosciences - Clinical Neuroscience","Sage Publishing","For-profit associated with a society","Hybrid","1271","USA","International Journal of Stroke","","https://journals.sagepub.com/home/wsoa","2.115","Q1 (Neurology)","112","No"
"International Journal of Systematic and Evolutionary Microbiology","Ecology & Evolution - Microbiology; Molecular & Cellular Biology - Microbiology and Infectious Diseases","Microbiology Society; International Committee on Systematics of Prokaryotes; International Union of Microbiological Societies","Non-profit","Hybrid","3036","UK","Microbiology Society; International Committee on Systematics of Prokaryotes; International Union of Microbiological Societies","Society/Association","https://www.microbiologyresearch.org/content/journal/ijsem","0.631","Q2 (Ecology, Evolution, Behavior and Systematics; Medicine)","213","No"
"International Reviews of Immunology","Immunology - Generalist/Classical Immunology","Taylor & Francis Group","For-profit","","","UK","","","https://www.tandfonline.com/journals/iiri20","1.652","Q1 (Immunology; Immunology and Allergy)","84","No"
"International Zoo Yearbook","Ecology & Evolution - Applied Ecology","John Wiley & Sons","For-profit associated with a society","Hybrid","2500","USA","Zoological Society of London","Society/Association","https://zslpublications.onlinelibrary.wiley.com/journal/17481090","","","","No"
"Interventional Neuroradiology","Neurosciences - Clinical Neuroscience","Sage Publishing","For-profit associated with a society","","","USA","World Federation of Interventional and Therapeutic Neuroradiology","","https://journals.sagepub.com/home/inea","0.661","Q2 (Cardiology and Cardiovascular Medicine; Neurology; Radiology, Nuclear Medicine and Imaging)","48","No"
"Intervirology","Immunology - Virology","Karger Publishers","For-profit","OA","465","Switzerland","","","https://karger.com/int","0.538","Q3 (Infectious Diseases; Virology)","70","No"
"Invasive Plant Science and Management","Ecology & Evolution - Plants; Plants - Agriculture","Cambridge University Press (CUP)","University Press associated with a society","Hybrid","","UK","Weed Science Society of America","Society/Association","https://www.cambridge.org/core/journals/invasive-plant-science-and-management/information","0.362","Q2 (Plant Science)","41","No"
"Invertebrate Reproduction and Development","Development - Generalist","Taylor & Francis Group","For-profit associated with a society","","","UK","International Society of Invertebrate Reproduction and Development","Society/Association","https://www.tandfonline.com/journals/tinv20","0.225","Q3 (Animal Science and Zoology)","43","No"
"Invertebrate Systematics","Ecology & Evolution - Genetics","CSIRO Publishing","Non-profit","Hybrid","3050","Australia","Commonwealth Scientific and Industrial Research Organisation","University/Government","https://www.publish.csiro.au/is","0.809","Q1 (Ecology, Evolution, Behavior and Systematics)","60","No"
"Investigative Ophthalmology and Visual Science","Neurosciences - Sensory Neuroscience","The Association for Research in Vision and Ophtalmology (ARVO)","Non-profit","OA","1652","USA","The Association for Research in Vision and Ophtalmology (ARVO)","Society/Association","https://iovs.arvojournals.org/","1.274","Q1 (Ophthalmology; Sensory Systems)","268","No"
"In Vitro Cellular and Developmental Biology Animal","Development - Generalist; Molecular & Cellular Biology - Cell Biology and Developmental Biology","Springer Nature","For-profit associated with a society","Hybrid","2376","Germany / UK","Society for In Vitro Biology (SIVB)","Society/Association","https://link.springer.com/journal/11626","0.522","Q3 (Developmental Biology; Medicine)","74","No"
"In Vitro Cellular and Developmental Biology Plant","Development - Plant Development; Molecular & Cellular Biology - Plant Biology and Physiology; Plants - Development","Springer Nature","For-profit associated with a society","Hybrid","3446","Germany / UK","Society for In Vitro Biology (SIVB); International Association for Plant Biotechnology (IAPB)","Society/Association","https://link.springer.com/journal/11627","0.47","Q2 (Plant Science)","87","No"
"i-Perception","Neurosciences - Sensory Neuroscience","Sage Publishing","For-profit","OA","553","USA","","","https://journals.sagepub.com/home/ipea","0.379","Q3 (Artificial Intelligence; Experimental and Cognitive Psychology; Ophthalmology)","47","No"
"Irish Journal of Psychological Medicine","Neurosciences - Clinical Neuroscience","Cambridge University Press (CUP)","University Press associated with a society","","","UK","the College of Psychiatrists of Ireland","","https://www.cambridge.org/core/journals/irish-journal-of-psychological-medicine","0.551","Q1 (History and Philosophy of Science)","39","No"
"iScience","Generalist","Elsevier (Cell Press)","For-profit","OA","2689","USA","","","https://www.cell.com/iscience/home","1.356","Q1 (Multidisciplinary)","113","No"
"Islets","Molecular & Cellular Biology - Biochemistry and Molecular Biology","Taylor & Francis Group","For-profit","OA","2548","UK","","","https://www.tandfonline.com/journals/kisl20","0.594","Q3 (Endocrinology; Endocrinology, Diabetes and Metabolism)","47","No"
"ISME Communications","Ecology & Evolution - Microbiology; Molecular & Cellular Biology - Microbiology and Infectious Diseases","Oxford University Press (OUP)","University Press associated with a society","OA","2287","UK","International Society for Micorbial Ecology (ISME)","Society/Association","https://academic.oup.com/ismecommun?login=true","2.075","Q1 (Microbiology)","24","No"
"ISME Host Microbe","Ecology & Evolution - Microbiology","Oxford University Press (OUP)","University Press associated with a society","","","UK","International Society for Microbial Ecology (ISME)","Society/Association","https://academic.oup.com/ismehm","","","","No"
"ISME Journal","Ecology & Evolution - Microbiology; Molecular & Cellular Biology - Microbiology and Infectious Diseases","Oxford University Press (OUP)","University Press associated with a society","Hybrid","3743","UK","International Society for Microbial Ecology","Society/Association","https://academic.oup.com/ismej?login=false","3.415","Q1 (Ecology, Evolution, Behavior and Systematics; Microbiology)","267","No"
"Italian Botanist","Ecology & Evolution - Botany; Plants - Generalist","Pensoft Publishers","For-profit associated with a society","OA","400","Bulgaria","Italian Botanical Society","Society/Association","https://italianbotanist.pensoft.net/","0.318","Q3 (Ecology, Evolution, Behavior and Systematics; Plant Science)","23","No"
"Italian Journal of Mycology","Ecology & Evolution - Microbiology","Edizioni ETS","University Press associated with a society","Subscription","","Italy","Mycological Society","Society/Association","https://italianmycology.unibo.it/","0.209","Q4 (Applied Microbiology and Biotechnology; Ecology; Ecology, Evolution, Behavior and Systematics; Plant Science)","9","No"
"IUBMB Life","Development - Generalist","John Wiley & Sons","For-profit","Hybrid","4154","USA","International Union of Biochemistry and Molecular Biology (IUBMB)","","https://iubmb.onlinelibrary.wiley.com/journal/15216551","1.145","Q1 (Biochemistry; Clinical Biochemistry)","144","No"
"JACC CardioOncology","Cancer - Hematopoietic and Cardiovascular Cancer","American College of Cardiology (JACC)","Non-profit","OA","2631","USA","American College of Cardiology","","https://www.jacc.org/journal/cardio-oncology","3.836","Q1 (Cardiology and Cardiovascular Medicine; Oncology)","56","No"
"JAMA","Generalist - Clinical/Medicine","American Medical Association (AMA)","Non-profit","Hybrid","","USA","","","https://jamanetwork.com/journals/jama","5.843","Q1 (Medicine)","818","No"
"JAMA Network Open","Generalist","American Medical Association (AMA)","Non-profit","OA","3368","USA","American Medical Association","Society/Association","https://jamanetwork.com/journals/jamanetworkopen","3.507","Q1 (Medicine)","178","No"
"JAMA Neurology","Neurosciences - Clinical Neuroscience","American Medical Association (AMA)","Non-profit","Hybrid","5082","USA","American Medical Association (AMA)","Society/Association","https://jamanetwork.com/journals/jamaneurology","5.599","Q1 (Neurology)","298","No"
"JAMA Oncology","Cancer - Generalist","American Medical Association (AMA)","Non-profit","Hybrid","5136","USA","American Medical Association (AMA)","Society/Association","https://jamanetwork.com/journals/jamaoncology","7.399","Q1 (Cancer Research; Oncology)","208","No"
"JAMA Pediatrics","Development - Childhood and Adolescence","American Medical Association (AMA)","Non-profit","Hybrid","1350","USA","American Medical Association (AMA)","Society/Association","https://jamanetwork.com/journals/jamapediatrics","3.799","Q1 (Pediatrics, Perinatology and Child Health)","243","No"
"JAMA Psychiatry","Neurosciences - Clinical Neuroscience","American Medical Association (AMA)","Non-profit","Hybrid","4775","USA","American Medical Association (AMA)","Society/Association","https://jamanetwork.com/journals/jamapsychiatry","5.335","Q1 (Medicine; Psychiatry and Mental Health)","429","No"
"JCI insight","Generalist","American Society for Clinical Investigation (ASCI)","Non-profit","OA","4963","USA","","","https://insight.jci.org/","2.827","Q1 (Medicine)","144","No"
"JCO Precision Oncology","Cancer - Generalist","American Society of Clinical Oncology (ASCO) Publications","Non-profit","Hybrid","2731","USA","","","https://ascopubs.org/journal/po","2.082","Q1 (Cancer Research; Oncology)","65","No"
"JMIR Research Protocols","Generalist - Methods","JMIR Publications","For-profit","OA","1907","Canada","","","https://www.researchprotocols.org/","0.533","Q2 (Medicine)","50","No"
"JNCI Cancer Spectrum","Cancer - Generalist","Oxford University Press (OUP)","University Press","OA","2134","UK","","","https://academic.oup.com/jncics","1.72","Q1 (Oncology)","46","No"
"Journal for ImmunoTherapy of Cancer","Cancer - Treatment; Immunology - Immunooncology","BMJ Group","Non-profit","OA","3181","UK","Society for Immunotherapy of Cancer (SITC); British Medical Association (BMA)","Society/Association","https://jitc.bmj.com/","4.114","Q1 (Cancer Research; Immunology; Immunology and Allergy; Molecular Medicine; Oncology; Pharmacology)","155","No"
"Journal of Acquired Immune Deficiency Syndromes","Immunology - Immunopathology","Wolters Kluwer","For-profit","","","Netherlands","","","https://journals.lww.com/jaids/pages/default.aspx","1.066","Q1 (Infectious Diseases; Pharmacology)","180","No"
"Journal of Adult Development","Development - Generalist","Springer Nature","For-profit","Hybrid","2216","Germany / UK","-","","https://link.springer.com/journal/10804","0.703","Q2 (Developmental and Educational Psychology; Experimental and Cognitive Psychology; Life-span and Life-course Studies)","59","No"
"Journal of Advances in Modeling Earth Systems","Ecology & Evolution - Theory","John Wiley & Sons","For-profit associated with a society","OA","1963","USA","American Geophysical Union","Society/Association","https://agupubs.onlinelibrary.wiley.com/journal/19422466","2.154","Q1 (Earth and Planetary Sciences; Environmental Chemistry; Global and Planetary Change)","114","No"
"Journal of Affective Disorders","Neurosciences - Clinical Neuroscience","Elsevier","For-profit associated with a society","Hybrid","2545","Netherlands","International Society for Affective Disorders","Society/Association","https://www.journals.elsevier.com/journal-of-affective-disorders","1.996","Q1 (Clinical Psychology; Psychiatry and Mental Health)","260","No"
"Journal of Affective Disorders Reports","Neurosciences - Clinical Neuroscience","Elsevier","For-profit associated with a society","Hybrid","1126","Netherlands","International Society for Affective Disorders","Society/Association","https://www.sciencedirect.com/journal/journal-of-affective-disorders-reports","0.856","Q2 (Clinical Psychology; Psychiatry and Mental Health)","39","No"
"Journal of Aging and Health","Anatomy & Physiology - Aging; Development - Aging","Sage Publishing","For-profit","Hybrid","269","USA","","","https://journals.sagepub.com/home/jah","1.146","Q1 (Community and Home Care; Geriatrics and Gerontology; Gerontology; Health; Life-span and Life-course Studies; Sociology and Political Science)","98","No"
"Journal of Aging Research","Anatomy & Physiology - Aging; Development - Aging","John Wiley & Sons","For-profit","OA","673","UK","","","https://onlinelibrary.wiley.com/journal/9025","0.552","Q3 (Geriatrics and Gerontology)","65","No"
"Journal of Aging Studies","Anatomy & Physiology - Aging; Development - Aging","Elsevier","For-profit","Hybrid","2907","Netherlands","","","https://www.sciencedirect.com/journal/journal-of-aging-studies","0.756","Q1 (Issues, Ethics and Legal Aspects)","92","No"
"Journal of Agricultural and Food Chemistry","Plants - Agriculture","American Chemical Society (ACS)","Non-profit","Hybrid","4402","USA","American Chemical Society (ACS)","Society/Association","https://pubs.acs.org/journal/jafcau","1.206","Q1 (Agricultural and Biological Sciences; Chemistry)","372","No"
"Journal of Agricultural Science","Plants - Agriculture","Cambridge University Press (CUP)","University Press","OA","667","UK","","","https://www.cambridge.org/core/journals/journal-of-agricultural-science","0.443","Q2 (Agronomy and Crop Science; Animal Science and Zoology)","93","No"
"Journal of Allergy and Clinical Immunology","Immunology - Clinical Immunology","Elsevier","For-profit associated with a society","Hybrid","1535","Netherlands","American Academy of Allergy, Asthma and Immunology","","https://www.jacionline.org","3.806","Q1 (Immunology; Immunology and Allergy)","364","No"
"Journal of Alzheimer's Disease","Neurosciences - Clinical Neuroscience","Sage Publishing (IOS Press)","For-profit","Hybrid","3564","Germany / UK","","","https://journals.sagepub.com/home/alz","1.093","Q1 (Clinical Psychology; Medicine)","198","No"
"Journal of Analytical Toxicology","Immunology - Immunotoxicology","Oxford University Press (OUP)","University Press associated with a society","","","UK","International Association of Forensic Toxicologists; Society of Forensic Toxicologists","Society/Association","https://academic.oup.com/jat/?login=false","0.746","Q2 (Analytical Chemistry; Chemical Health and Safety; Environmental Chemistry; Health, Toxicology and Mutagenesis; Toxicology)","92","No"
"Journal of Anatomy","Anatomy & Physiology - Anatomy; Ecology & Evolution - Zoology","John Wiley & Sons","For-profit associated with a society","Hybrid","2164","USA","Anatomical Society","Society/Association","https://onlinelibrary.wiley.com/journal/14697580","0.694","Q1 (Anatomy; Ecology, Evolution, Behavior and Systematics)","145","No"
"Journal of Animal Ecology","Ecology & Evolution - Zoology","John Wiley & Sons","For-profit associated with a society","Hybrid","2151","USA","British Ecological Society","Society/Association","https://besjournals.onlinelibrary.wiley.com/journal/13652656","1.477","Q1 (Animal Science and Zoology; Ecology, Evolution, Behavior and Systematics)","190","No"
"Journal of Animal Science","Ecology & Evolution - Zoology","Oxford University Press (OUP)","University Press associated with a society","Hybrid","4040","UK","American Society of Animal Science","Society/Association","https://academic.oup.com/jas","0.872","Q1 (Animal Science and Zoology; Food Science)","196","No"
"Journal of Antibiotics","Molecular & Cellular Biology - Microbiology and Infectious Diseases","Springer Nature","For-profit","Hybrid","1938","Germany / UK","","","https://www.nature.com/ja/","0.414","Q3 (Drug Discovery; Pharmacology)","99","No"
"Journal of Applied Ecology","Ecology & Evolution - Applied Ecology","John Wiley & Sons","For-profit associated with a society","Hybrid","2188","USA","British Ecological Society","Society/Association","https://besjournals.onlinelibrary.wiley.com/journal/13652664","1.765","Q1 (Ecology)","228","No"
"Journal of Applied Microbiology","Ecology & Evolution - Microbiology; Molecular & Cellular Biology - Methodology and Experimental Techniques","Oxford University Press (OUP)","University Press associated with a society","Hybrid","3070","UK","Applied Microbiology International","","https://academic.oup.com/jambio","0.779","Q2 (Applied Microbiology and Biotechnology; Biotechnology; Medicine)","203","PCI friendly"
"Journal of Applied Phycology","Plants - Generalist","Springer Nature","For-profit associated with a society","Hybrid","2584","Germany / UK","International Society for Applied Phycology; International Seaweed Association","Society/Association","https://link.springer.com/journal/10811","0.641","Q2 (Aquatic Science; Plant Science)","151","No"
"Journal of Applied Physiology","Anatomy & Physiology - Physiology","American Physiological Society (APS)","Non-profit","Hybrid","862","USA","American Physiological Society","Society/Association","https://journals.physiology.org/journal/jappl","1.106","Q1 (Medicine)","276","No"
"Journal of Applied Psychology","Neurosciences - Cognitive Neuroscience","American Psychological Association (APA)","Non-profit","Hybrid","","USA","American Psychological Association","Society/Association","https://www.apa.org/pubs/journals/apl/","5.473","Q1 (Applied Psychology)","371","No"
"Journal of Applied Toxicology","Immunology - Immunotoxicology","John Wiley & Sons","For-profit","Hybrid","3207","USA","","","https://analyticalsciencejournals.onlinelibrary.wiley.com/journal/10991263","0.753","Q2 (Toxicology)","111","No"
"Journal of Arachnology","Ecology & Evolution - Zoology","American Arachnological Society","Non-profit","Hybrid","","USA","Americal Arachnological Society","Society/Association","https://www.americanarachnology.org/journal-joa/","0.462","Q2 (Insect Science)","54","No"
"Journal of Arid Land","Ecology & Evolution - Basic Ecology","Springer Nature","For-profit associated with a society","Hybrid","2185","Germany / UK","Xinjiang Institute of Ecology and Geography","University/Government","https://www.springer.com/journal/40333","0.818","Q1 (Earth-Surface Processes; Water Science and Technology)","52","No"
"Journal of Asian Ornithology","Ecology & Evolution - Zoology","Oriental Bird Club","Non-profit","Subscription","","UK","Oriental Bird Club","Non-profit","https://www.orientalbirdclub.org/jao-index","","","","No"
"Journal of Asia-Pacific Entomology","Ecology & Evolution - Zoology","Elsevier","For-profit associated with a society","Hybrid","2661","Netherlands","Korean Society of Applied Entomology","Society/Association","https://www.sciencedirect.com/journal/journal-of-asia-pacific-entomology","0.384","Q2 (Insect Science)","54","No"
"Journal of Asthma and Allergy","Immunology - Allergy and Hypersensitivity","Taylor & Francis Group (Dovepress)","For-profit","OA","2999","UK","","","https://www.dovepress.com/journal-of-asthma-and-allergy-journal","0.983","Q1 (Pulmonary and Respiratory Medicine)","51","No"
"Journal of Attention Disorders","Neurosciences - Clinical Neuroscience","Sage Publishing","For-profit associated with a society","Hybrid","1137","USA","American Professional Society of ADHD and Related Disorders (APSARD)","Society/Association","https://journals.sagepub.com/home/JAD","1.186","Q1 (Clinical Psychology; Developmental and Educational Psychology)","100","No"
"Journal of Autism and Developmental Disorders","Development - Neuroscience; Neurosciences - Clinical Neuroscience","Springer Nature","For-profit","Hybrid","2798","Germany / UK","","","https://link.springer.com/journal/10803","1.169","Q1 (Developmental and Educational Psychology)","234","No"
"Journal of Autoimmunity","Immunology - Autoimmunity","Elsevier","For-profit","Hybrid","4220","Netherlands","","","https://www.journals.elsevier.com/journal-of-autoimmunity","2.3","Q1 (Immunology; Immunology and Allergy)","155","No"
"Journal of Avian Biology","Ecology & Evolution - Zoology","John Wiley & Sons","For-profit associated with a society","OA","1934","UK","Nordic Society Oikos","Society/Association","https://onlinelibrary.wiley.com/journal/1600048x","0.604","Q1 (Animal Science and Zoology)","93","PCI friendly"
"Journal of Bacteriology","Molecular & Cellular Biology - Microbiology and Infectious Diseases","American Society for Microbiology (ASM)","Non-profit","Hybrid","3697","USA","American Society for Microbiology (ASM)","Society/Association","https://journals.asm.org/journal/jb","1.402","Q1 (Microbiology)","292","No"
"Journal of Bat Research and Conservation","Ecology & Evolution - Zoology","Spanish Society of Bat Research and Conservation","Non-profit","OA diamond","0","Spain","Spanish Society of Bat Research and Conservation","Society/Association","https://secemu.org/en/journal-of-bat-research-and-conservation/","","","","No"
"Journal of Behavioral Addictions","Neurosciences - Addiction","Wolters Kluwer (Akadémiai Kiadó (AK) Journals)","For-profit associated with a society","OA","1113","Hungary","International Society of Addiction Journal Editors (ISAJE)","Society/Association","https://akjournals.com/view/journals/2006/2006-overview.xml","2.051","Q1 (Clinical Psychology; Medicine; Psychiatry and Mental Health)","95","No"
"Journal of Biochemical and Molecular Toxicology","Immunology - Immunotoxicology","John Wiley & Sons","For-profit","Hybrid","3133","USA","","","https://onlinelibrary.wiley.com/journal/10990461","0.801","Q2 (Biochemistry; Health, Toxicology and Mutagenesis; Medicine; Molecular Medicine; Toxicology)","78","No"
"Journal of Bioenergetics Biomembranes","Molecular & Cellular Biology - Biotechnology and Bioengineering","Springer Nature","For-profit","Hybrid","2590","Germany / UK","","","https://link.springer.com/journal/10863","0.787","Q2 (Physiology)","111","No"
"Journal of Bioinformatics and Computational Biology","Generalist - Computational Biology","World Scientific Publishing","For-profit","","","Singapore","","","https://www.worldscientific.com/worldscinet/jbcb","0.253","Q3 (Computer Science Applications)","50","No"
"Journal of Biological Chemistry","Molecular & Cellular Biology - Biochemistry and Molecular Biology","Elsevier","For-profit associated with a society","OA","3064","Netherlands","American Society for Biochemistry and Molecular Biology","Society/Association","https://www.jbc.org/","1.643","Q1 (Biochemistry; Cell Biology; Molecular Biology)","578","No"
"Journal of Biological Inorganic Chemistry","Molecular & Cellular Biology - Biochemistry and Molecular Biology","Springer Nature","For-profit associated with a society","Hybrid","","Germany / UK","Society of Biological Inorganic Chemistry","Society/Association","https://link.springer.com/journal/775","0.525","Q2 (Inorganic Chemistry)","118","No"
"Journal of Biological Research (Italy)","Generalist","PAGEPress Publications","For-profit associated with a society","OA","180","Italy","Società Italiana di Biologia Sperimentale","Society/Association","https://www.pagepressjournals.org/index.php/jbr/index","0.169","Q4 (Biochemistry, Genetics and Molecular Biology; Biochemistry; Plant Science)","13","No"
"Journal of Biological Research Thessaloniki","Generalist","Aristotle University of Thessaloniki","Non-profit","OA","1618","Greece","Aristotle University of Thessaloniki","University/Government","https://ejournals.lib.auth.gr/jbiolres/index","0.172","Q4 (Agricultural and Biological Sciences; Biochemistry, Genetics and Molecular Biology)","30","No"
"Journal of Biological Rhythms","Anatomy & Physiology - Physiology","Sage Publishing","For-profit associated with a society","Hybrid","1603","USA","Society for Research on Biological Rhythms","Society/Association","https://journals.sagepub.com/home/jbr","1.154","Q1 (Physiology)","121","No"
"Journal of Biological Systems","Generalist","World Scientific Publishing","For-profit","","","Singapore","","","https://www.worldscientific.com/worldscinet/jbs","0.409","Q2 (Agricultural and Biological Sciences; Ecology)","42","No"
"Journal of Biomolecular NMR","Molecular & Cellular Biology - Methodology and Experimental Techniques","Springer Nature","For-profit","Hybrid","2569","Germany / UK","","","https://link.springer.com/journal/10858","0.76","Q1 (Spectroscopy)","115","No"
"Journal of Biopharmaceutical Statistics","Generalist - Statistics","Taylor & Francis Group","For-profit","Hybrid","2011","UK","","","https://www.tandfonline.com/journals/lbps20","0.68","Q2 (Pharmacology; Statistics and Probability)","60","No"
"Journal of Biophotonics","Generalist - Methods","John Wiley & Sons","For-profit","Hybrid","2810","USA","","","https://onlinelibrary.wiley.com/journal/18640648","0.504","Q2 (Chemistry; Engineering; Materials Science; Physics and Astronomy)","88","No"
"Journal of Bone Oncology","Cancer - Bone and muscle sarcoma","Elsevier","For-profit associated with a society","OA","1902","Netherlands","Cancer and Bone Society","Society/Association","https://www.sciencedirect.com/journal/journal-of-bone-oncology","1.087","Q2 (Oncology)","46","No"
"Journal of Breath Research","Anatomy & Physiology - Physiology","Institute of Physics (IOP) Publishing","Non-profit","Hybrid","1808","UK","International Association for Breath Research (IABR)","Society/Association","https://iopscience.iop.org/journal/1752-7163","0.523","Q3 (Pulmonary and Respiratory Medicine)","76","No"
"Journal of Bryology","Ecology & Evolution - Genetics; Plants - Generalist","Taylor & Francis Group","For-profit associated with a society","Hybrid","","UK","British Bryological Society","Society/Association","https://www.tandfonline.com/toc/yjbr20/current","0.334","Q3 (Ecology, Evolution, Behavior and Systematics; Plant Science)","42","No"
"Journal of Cachexia Sarcopenia Muscle","Generalist - Clinical/Medicine","John Wiley & Sons","For-profit associated with a society","OA","4972","USA","Society on Sarcopenia, Cachexia and Wasting Disorders","Society/Association","https://onlinelibrary.wiley.com/journal/1353921906009","3.534","Q1 (Orthopedics and Sports Medicine; Physiology)","130","No"
"Journal of Cancer Research & Therapeutics","Cancer - Generalist","Wolters Kluwer","For-profit associated with a society","OA","","Netherlands","the Association of Radiation Oncologists of India","Society/Association","https://journals.lww.com/cancerjournal/","0.425","Q3 (Medicine; Oncology; Radiology, Nuclear Medicine and Imaging)","58","No"
"Journal of Carcinogenesis","Cancer - Generalist","Wolters Kluwer","For-profit","OA","","Netherlands","","","https://carcinogenesis.com","0.445","Q3 (Health, Toxicology and Mutagenesis; Oncology)","45","No"
"Journal of Cardio-Oncology","Cancer - Hematopoietic and Cardiovascular Cancer","Wolters Kluwer (Lippincott)","For-profit associated with a society","OA","","Netherlands / USA","Chinese Medical Association","Society/Association","https://journals.lww.com/jcardiooncol/pages/default.aspx","","","","No"
"Journal of Caribbean Ornithology","Ecology & Evolution - Zoology","BirdsCaribbean","Non-profit","OA","","USA","BirdsCaribbean","Society/Association","https://jco.birdscaribbean.org/index.php/jco/","","","","No"
"Journal of Causal Inference","Generalist - Statistics","De Gruyter Brill","For-profit","OA","1080","Germany","","","https://www.degruyterbrill.com/journal/key/jci/html","1.104","Q1 (Statistics and Probability; Statistics, Probability and Uncertainty)","18","No"
"Journal of Cell Biology","Molecular & Cellular Biology - Cell Biology and Developmental Biology","Rockefeller University Press","University Press","Hybrid","6685","USA","Rockefeller University","University/Government","https://rupress.org/jcb","3.273","Q1 (Cell Biology; Medicine)","432","No"
"Journal of Cell Communication and Signaling","Molecular & Cellular Biology - Cell Biology and Developmental Biology","John Wiley & Sons","For-profit associated with a society","OA","2604","USA","International CCN Society","Society/Association","https://onlinelibrary.wiley.com/journal/1873961X","1.274","Q1 (Biochemistry)","67","No"
"Journal of Cell Science","Molecular & Cellular Biology - Cell Biology and Developmental Biology","The Company of Biologists","Non-profit","Hybrid","5647","UK","","","https://journals.biologists.com/jcs","1.595","Q2 (Cell Biology)","325","No"
"Journal of Cellular and Molecular Medicine","Molecular & Cellular Biology - Clinical and Medical Sciences","John Wiley & Sons","For-profit","OA","4702","USA","","","https://onlinelibrary.wiley.com/journal/15824934","1.142","Q2 (Cell Biology; Molecular Medicine)","172","No"
"Journal of Cellular Biochemistry","Molecular & Cellular Biology - Cell Biology and Developmental Biology","John Wiley & Sons","For-profit","Hybrid","2858","USA","","","https://onlinelibrary.wiley.com/journal/10974644","0.906","Q2 (Biochemistry; Molecular Biology)","195","No"
"Journal of Cellular Physiology","Molecular & Cellular Biology - Cell Biology and Developmental Biology","John Wiley & Sons","For-profit","Hybrid","5282","USA","","","https://onlinelibrary.wiley.com/journal/10974652","1.25","Q1 (Clinical Biochemistry; Physiology)","221","No"
"Journal of Central Nervous System Disease","Neurosciences - Clinical Neuroscience","Sage Publishing","For-profit","OA","1934","USA","","","https://journals.sagepub.com/home/cnsa","0.719","Q2 (Neurology)","18","No"
"Journal of Chemical Ecology","Ecology & Evolution - Genetics","Springer Nature","For-profit associated with a society","Hybrid","2584","Germany / UK","International Society of Chemical Ecology / Asia-Pacific Association of Chemical Ecologists / Latin American Association of Chemical Ecology","Society/Association","https://www.springer.com/journal/10886","0.477","Q2 (Ecology, Evolution, Behavior and Systematics)","142","No"
"Journal of Child Neurology","Development - Childhood and Adolescence; Neurosciences - Developmental Neuroscience","Sage Publishing","For-profit","","","USA","-","","https://journals.sagepub.com/home/jcna","0.557","Q2 (Pediatrics, Perinatology and Child Health)","128","No"
"Journal of Chromatography A","Generalist - Methods","Elsevier","For-profit","Hybrid","3871","Netherlands","","","https://www.sciencedirect.com/journal/journal-of-chromatography-a","0.668","Q2 (Analytical Chemistry; Biochemistry; Medicine; Organic Chemistry)","265","No"
"Journal of Chromatography B Analytical Technologies in the Biomedical and Life Sciences","Generalist - Methods","Elsevier","For-profit","Hybrid","2980","Netherlands","","","https://www.sciencedirect.com/journal/journal-of-chromatography-b","0.488","Q2 (Analytical Chemistry)","174","No"
"Journal of Clinical and Experimental Neuropsychology","Neurosciences - Clinical Neuroscience","Taylor & Francis Group","For-profit","","","UK","","","https://www.tandfonline.com/journals/ncen20","0.447","Q3 (Clinical Psychology; Neurology; Neuropsychology and Physiological Psychology)","129","No"
"Journal of Clinical Immunology","Immunology - Clinical Immunology","Springer Nature","For-profit","Hybrid","3745","Germany / UK","","","https://link.springer.com/journal/10875","1.802","Q1 (Immunology; Immunology and Allergy)","123","No"
"Journal of Clinical Microbiology","Molecular & Cellular Biology - Microbiology and Infectious Diseases","American Society for Microbiology (ASM)","Non-profit","Hybrid","4302","USA","American Society for Microbiology (ASM)","Society/Association","https://journals.asm.org/journal/jcm","1.641","Q1 (Microbiology)","305","No"
"Journal of Clinical Oncology","Cancer - Generalist","American Society of Clinical Oncology","Non-profit","Hybrid","4341","USA","American Society of Clinical Oncology","Society/Association","https://ascopubs.org/journal/jco","4.648","Q1 (Cancer Research; Medicine; Oncology)","666","No"
"Journal of Clinical Virology","Immunology - Virology","Elsevier","For-profit associated with a society","Hybrid","2322","Netherlands","Pan American Society for Clinical Virology; European Society for Clinical Virology","Society/Association","https://www.sciencedirect.com/journal/journal-of-clinical-virology","1.023","Q1 (Infectious Diseases)","133","No"
"Journal of Coastal Conservation","Ecology & Evolution - Applied Ecology","Springer Nature","For-profit associated with a society","Hybrid","2625","Germany / UK","Coastal & Marine Union","Non-profit","https://www.springer.com/journal/11852","0.598","Q2 (Ecology; Nature and Landscape Conservation; Oceanography)","59","No"
"Journal of Coastal Research","Ecology & Evolution - Applied Ecology","Coastal Education and Research Foundation","Non-profit","Subscription","","USA","Coastal Education and Research Foundation","Non-profit","https://bioone.org/journals/journal-of-coastal-research","","","","No"
"Journal of Cognition","Neurosciences - Cognitive Neuroscience","Ubiquity Press Ltd","Non-profit","OA","820","UK","The European Society for Cognitive Psychology","Society/Association","https://journalofcognition.org/","1.216","Q1 (Experimental and Cognitive Psychology)","27","No"
"Journal of Cognitive Neuroscience","Neurosciences - Cognitive Neuroscience","MIT Press","University Press","Hybrid","1571","USA","","University/Government","https://direct.mit.edu/jocn","1.198","Q1 (Cognitive Neuroscience)","249","No"
"Journal of Cognitive Psychology","Neurosciences - Cognitive Neuroscience","Taylor & Francis Group","For-profit","Hybrid","3248","UK","","","https://www.tandfonline.com/journals/pecp21","0.577","Q3 (Experimental and Cognitive Psychology)","78","No"
"Journal of Comparative Neurology","Neurosciences - Generalist","John Wiley & Sons","For-profit","Hybrid","3045","USA","","","https://onlinelibrary.wiley.com/journal/10969861","0.992","Q2 (Neuroscience)","238","No"
"Journal of Comparative Physiology A Neuroethology Sensory Neural and Behavioral Physiology","Anatomy & Physiology - Physiology; Neurosciences - Generalist","Springer Nature","For-profit","Hybrid","3039","Germany / UK","","","https://link.springer.com/journal/359","0.768","Q1 (Animal Science and Zoology; Ecology, Evolution, Behavior and Systematics)","109","No"
"Journal of Comparative Physiology B Biochemical Systemic and Environmental Physiology","Anatomy & Physiology - Physiology","Springer Nature","For-profit","Hybrid","","Germany / UK","","","https://link.springer.com/journal/360","0.561","Q1 (Animal Science and Zoology)","98","No"
"Journal of Comparative Psychology","Neurosciences - Cognitive Neuroscience","American Psychological Association (APA)","Non-profit","","","USA","American Psychological Association","Society/Association","https://www.apa.org/pubs/journals/com","0.403","Q2 (Ecology, Evolution, Behavior and Systematics)","95","No"
"Journal of Computational and Graphical Statistics","Generalist - Computational Biology","Taylor & Francis Group","For-profit associated with a society","Hybrid","949","UK","American Statistical Association","Society/Association","https://www.tandfonline.com/toc/ucgs20/current","1.333","Q1 (Discrete Mathematics and Combinatorics; Statistics and Probability; Statistics, Probability and Uncertainty)","114","No"
"Journal of Computational Biology","Generalist - Computational Biology","Sage Publishing (Mary Ann Liebert)","For-profit","Hybrid","4004","USA","","","https://liebertpub.com/loi/cmb","0.646","Q2 (Computational Mathematics; Computational Theory and Mathematics; Modeling and Simulation)","108","No"
"Journal of Computational Neuroscience","Neurosciences - Methods","Springer Nature (BioMed Central)","For-profit","Hybrid","2845","Germany / UK","","","https://link.springer.com/journal/10827","0.449","Q3 (Cognitive Neuroscience)","89","No"
"Journal of Computer Applications in Archaeology","Ecology & Evolution - Theory","Ubiquity Press","For-profit associated with a society","OA","698","UK","Computer Applications in Archaeology","Society/Association","https://journal.caa-international.org/","0.425","Q1 (Archeology)","19","PCI friendly"
"Journal of Crohn's and Colitis","Immunology - Clinical Immunology","Oxford University Press (OUP)","University Press","Hybrid","2877","UK","","","https://academic.oup.com/ecco-jcc?login=false","3.225","Q1 (Gastroenterology; Medicine)","134","No"
"Journal of Crustacean Biology","Ecology & Evolution - Zoology","Oxford University Press (OUP)","University Press associated with a society","Hybrid","","UK","The Crustacean Society","Society/Association","https://academic.oup.com/jcb","0.376","Q3 (Aquatic Science)","66","No"
"Journal of Developmental and Behavioral Pediatrics","Development - Generalist","Wolters Kluwer (Lippincott)","For-profit associated with a society","Hybrid","3234","Netherlands / USA","Society for Developmental and Behavioral Pediatrics","Society/Association","https://journals.lww.com/jrnldbp/pages/default.aspx","0.657","Q2 (Developmental and Educational Psychology; Medicine; Pediatrics, Perinatology and Child Health; Psychiatry and Mental Health)","129","No"
"Journal of Developmental Origins of Health and Disease","Development - Generalist","Cambridge University Press (CUP)","University Press","Hybrid","2526","UK","-","","https://www.cambridge.org/core/journals/journal-of-developmental-origins-of-health-and-disease","0.541","Q2 (Medicine)","52","No"
"Journal of Eating Disorders","Neurosciences - Clinical Neuroscience","Springer Nature (BioMed Central)","For-profit","OA","2008","UK","","","https://jeatdisord.biomedcentral.com/","1.544","Q1 (Behavioral Neuroscience; Nutrition and Dietetics; Psychiatry and Mental Health)","61","No"
"Journal of Ecohydraulics","Ecology & Evolution - Genetics","Taylor & Francis Group","For-profit associated with a society","Hybrid","1594","UK","International Association for Hydro-Environment Engineering and Research","Society/Association","https://www.tandfonline.com/journals/tjoe20","0.61","Q2 (Civil and Structural Engineering; Water Science and Technology)","21","No"
"Journal of Ecology","Ecology & Evolution - Basic Ecology","John Wiley & Sons","For-profit associated with a society","Hybrid","2113","USA","British Ecological Society","Society/Association","https://besjournals.onlinelibrary.wiley.com/journal/13652745","2.424","Q1 (Ecology; Ecology, Evolution, Behavior and Systematics; Plant Science)","227","No"
"Journal of Economic Entomology","Ecology & Evolution - Genetics","Oxford University Press (OUP)","University Press associated with a society","Hybrid","2885","UK","Entomological Society of America","Society/Association","https://academic.oup.com/jee/pages/About","0.64","Q1 (Insect Science)","128","No"
"Journal of ECT","Neurosciences - Neuromodulation","Wolters Kluwer (Lippincott)","For-profit associated with a society","Hybrid","2838","Netherlands / USA","International Society for ECT and Neurostimulation","Society/Association","https://journals.lww.com/ectjournal/pages/default.aspx","0.757","Q2 (Medicine; Psychiatry and Mental Health)","73","No"
"Journal of Endocrinology","Anatomy & Physiology - Endocrinology","Bioscientifica Ltd","Non-profit","Hybrid","3368","UK","Society for Endocrinology","Society/Association","https://joe.bioscientifica.com/","1.579","Q1 (Endocrinology; Endocrinology, Diabetes and Metabolism)","178","No"
"Journal of Environmental Science and Health, Part C: Toxicology and Carcinogenesis","Cancer - Generalist","Taylor & Francis Group","For-profit","Hybrid","","USA","","","https://www.tandfonline.com/journals/lesc20","0.745","Q2 (Health, Toxicology and Mutagenesis)","64","No"
"Journal of Epidemiology","Immunology - Epidemiology","Immunology","Non-profit","OA","875","Japan","Japan Epidemiological Association","Society/Association","https://www.jstage.jst.go.jp/browse/jea/","1.121","Q1 (Epidemiology; Medicine)","99","No"
"Journal of Epidemiology and Community Health","Immunology - Epidemiology","BMJ Group","Non-profit","Hybrid","3659","UK","","","https://jech.bmj.com/","1.441","Q1 (Epidemiology; Public Health, Environmental and Occupational Health)","207","No"
"Journal of Epidemiology and Global Health","Immunology - Epidemiology","Springer Nature","For-profit","OA","2193","Switzerland","","","https://link.springer.com/journal/44197","1.09","Q1 (Epidemiology)","44","No"
"Journal of Epidemiology and Population Health","Immunology - Epidemiology","Elsevier","For-profit","","","Netherlands","","","https://www.sciencedirect.com/journal/journal-of-epidemiology-and-population-health","0.651","Q2 (Epidemiology; Public Health, Environmental and Occupational Health)","42","No"
"Journal of Ethnicity in Substance Abuse","Neurosciences - Addiction","Taylor & Francis Group","For-profit","Hybrid","2020","UK","","","https://www.tandfonline.com/journals/wesa20","0.476","Q2 (Health)","39","No"
"Journal of Eukaryotic Microbiology","Ecology & Evolution - Microbiology; Molecular & Cellular Biology - Microbiology and Infectious Diseases","John Wiley & Sons","For-profit associated with a society","Hybrid","2474","USA","The International Society of Protistologists","Society/Association","https://onlinelibrary.wiley.com/journal/15507408","0.798","Q2 (Microbiology)","92","No"
"Journal of Evolutionary Biology","Ecology & Evolution - Genetics","Oxford University Press (OUP)","University Press associated with a society","Hybrid","3212","UK","European Society for Evolutionary Biology","Society/Association","https://academic.oup.com/jeb","0.987","Q1 (Ecology, Evolution, Behavior and Systematics)","151","PCI friendly"
"Journal of Experimental Biology","Generalist","The Company of Biologists","Non-profit","Hybrid","3289","UK","","","https://journals.biologists.com/jeb","0.844","Q1 (Animal Science and Zoology; Aquatic Science; Ecology, Evolution, Behavior and Systematics; Insect Science)","228","No"
"Journal of Experimental Botany","Ecology & Evolution - Botany; Plants - Generalist","Oxford University Press (OUP)","University Press associated with a society","Hybrid","3642","UK","Society for Experimental Biology","Society/Association","https://academic.oup.com/jxb","1.926","Q1 (Physiology; Plant Science)","324","No"
"Journal of Experimental & Clinical Cancer Research","Cancer - Generalist","Springer Nature (BioMed Central)","For-profit","OA","3631","UK","Regina Elena National Cancer Institute","University/Government","https://jeccr.biomedcentral.com/","3.731","Q1 (Cancer Research; Oncology)","152","No"
"Journal of Experimental Psychology: General","Neurosciences - Behavioral Neuroscience","American Psychological Association (APA)","Non-profit","Hybrid","3340","USA","American Psychological Association","Society/Association","https://www.apa.org/pubs/journals/xge","1.938","Q1 (Developmental Neuroscience; Experimental and Cognitive Psychology; Medicine; Psychology)","204","No"
"Journal of Experimental Psychology: Learning, Memory, and Cognition","Neurosciences - Behavioral Neuroscience","American Psychological Association (APA)","Non-profit","Hybrid","2718","USA","American Psychological Association","Society/Association","https://www.apa.org/pubs/journals/xlm","1.219","Q1 (Experimental and Cognitive Psychology; Linguistics and Language)","187","No"
"Journal of Experimental Zoology Part A: Ecological and Integrative Physiology","Ecology & Evolution - Zoology; Genetics & Genomics - Genetics","John Wiley & Sons","For-profit","Hybrid","3095","USA","","","https://onlinelibrary.wiley.com/journal/24715646","0.518","Q2 (Animal Science and Zoology; Ecology, Evolution, Behavior and Systematics)","32","No"
"Journal of Experimental Zoology Part B: Molecular and Developmental Evolution","Development - Generalist; Ecology & Evolution - Zoology; Molecular & Cellular Biology - Cell Biology and Developmental Biology","John Wiley & Sons","For-profit","Hybrid","2550","USA","","","https://onlinelibrary.wiley.com/journal/15525015","0.978","Q1 (Animal Science and Zoology; Ecology, Evolution, Behavior and Systematics)","77","No"
"Journal of Extracellular Vesicles","Molecular & Cellular Biology - Methodology and Experimental Techniques","John Wiley & Sons","For-profit associated with a society","OA","3599","USA","The International Society for Extracellular Vesicles","Society/Association","https://isevjournals.onlinelibrary.wiley.com/journal/20013078","3.639","Q1 (Cell Biology; Histology)","146","No"
"Journal of Field Ornithology","Ecology & Evolution - Zoology","John Wiley & Sons","For-profit associated with a society","Hybrid","1140","USA","Association of Field Ornithologists","Society/Association","https://onlinelibrary.wiley.com/journal/15579263","0.402","Q2 (Animal Science and Zoology; Ecology, Evolution, Behavior and Systematics)","57","No"
"Journal of Fish Biology","Ecology & Evolution - Zoology","John Wiley & Sons","For-profit associated with a society","Hybrid","2433","USA","Fisheries Society of the British Isles","Society/Association","https://onlinelibrary.wiley.com/journal/10958649","0.586","Q2 (Aquatic Science; Ecology, Evolution, Behavior and Systematics)","138","No"
"Journal of Fluency Disorders","Neurosciences - Cognitive Neuroscience","Elsevier","For-profit associated with a society","Hybrid","2652","Netherlands","World Stuttering & Cluttering Organization (WSCO)","Society/Association","https://www.sciencedirect.com/journal/journal-of-fluency-disorders","0.812","Q1 (Linguistics and Language; LPN and LVN; Speech and Hearing)","72","No"
"Journal of Fluorescence","Generalist - Methods","Springer Nature","For-profit","Hybrid","2936","Germany / UK","","","https://link.springer.com/journal/10895","0.494","Q2 (Spectroscopy)","88","No"
"Journal of Gastric Cancer","Cancer - Gastrointestinal cancer","Korean Gastric Cancer Association","Non-profit","OA","","Republic of Korea (South Korea)","Korean Gastric Cancer Association","Society/Association","https://www.jgc-online.org/","1.485","Q1 (Gastroenterology; Oncology)","44","No"
"Journal of Gastrointestinal Oncology","Cancer - Gastrointestinal cancer","Wolters Kluwer","For-profit associated with a society","OA","1442","Netherlands","Society for Gastrointestinal Oncology (SGO)","Society/Association","https://journals.lww.com/jgo/pages/default.aspx","0.659","Q2 (Gastroenterology)","65","No"
"Journal of General Physiology","Anatomy & Physiology - Physiology","Rockefeller University Press","University Press associated with a society","Hybrid","1881","USA","the Society of General Physiologists","Society/Association","https://rupress.org/jgp","1.128","Q2 (Physiology)","145","No"
"Journal of General Virology","Ecology & Evolution - Microbiology; Immunology - Virology","Microbiology Society","Non-profit","Hybrid","2858","UK","Microbiology Society","Society/Association","https://www.microbiologyresearch.org/content/journal/jgv","1.169","Q1 (Virology)","200","No"
"Journal of Genetics and Genomics","Genetics & Genomics - Generalist","Elsevier","For-profit","Hybrid","3433","Netherlands","","","https://www.sciencedirect.com/journal/journal-of-genetics-and-genomics","2.166","Q1 (Genetics; Molecular Biology)","88","No"
"Journal of Geriatric Oncology","Cancer - Development and Oncology","Elsevier","For-profit associated with a society","Hybrid","3100","Netherlands","International Society of Geriatric Oncology (SIOG)","Society/Association","https://www.sciencedirect.com/journal/journal-of-geriatric-oncology","0.943","Q2 (Geriatrics and Gerontology; Oncology)","63","No"
"Journal of Geriatric Psychiatry and Neurology","Neurosciences - Clinical Neuroscience","Sage Publishing","For-profit","","","USA","","","https://journals.sagepub.com/home/jgpb","0.904","Q2 (Geriatrics and Gerontology; Neurology; Psychiatry and Mental Health)","84","No"
"Journal of Ginseng Research","Plants - Agriculture","Elsevier","For-profit associated with a society","OA","","Netherlands","Korean Society of Ginseng","Society/Association","https://www.journals.elsevier.com/journal-of-ginseng-research","1.492","Q1 (Biochemistry, Genetics and Molecular Biology; Biotechnology; Complementary and Alternative Medicine; Plant Science)","77","No"
"Journal of Global Antimicrobial Resistance","Immunology - Immunopathology","Elsevier","For-profit associated with a society","OA","1760","UK","International Society of Antimicrobial Chemotherapy (ISAC); the Global Chinese Association of Clinical Microbiology and Infectious Diseases (GCACMID); Asia-Pacific Society of Clinical Microbiology and Infection (APSCMI)","Society/Association","https://www.sciencedirect.com/journal/journal-of-global-antimicrobial-resistance","1.002","Q2 (Immunology; Immunology and Allergy; Microbiology)","60","No"
"Journal of Global Health","Ecology & Evolution - Health; Generalist - Clinical/Medicine","Edinburgh University Global Health Society","Non-profit","OA","2170","USA","Edinburgh University Global Health Society","Society/Association","https://www.jogh.org/","1.299","Q1 (Health Policy; Public Health, Environmental and Occupational Health)","78","No"
"Journal of Graph Algorithms and Applications","Generalist - Mathematical Biology","Brown University","Non-profit","OA diamond","0","USA","","","https://jgaa.info/","0.352","Q2 (Computer Science)","41","No"
"Journal of Hematology & Oncology","Cancer - Hematopoietic and Cardiovascular Cancer","Springer Nature (BioMed Central)","For-profit","OA","2693","UK","","","https://jhoonline.biomedcentral.com/","11.824","Q1 (Cancer Research; Hematology; Molecular Biology; Oncology)","194","No"
"Journal of Heredity","Ecology & Evolution - Genetics; Genetics & Genomics - Genetics","Oxford University Press (OUP)","University Press associated with a society","Hybrid","1132","UK","American Genetic Association","Society/Association","https://academic.oup.com/jhered","0.955","Q2 (Biotechnology; Genetics; Molecular Biology)","108","No"
"Journal of Herpetology","Ecology & Evolution - Zoology","Society for the Study of Amphibians and Reptiles","Non-profit","Hybrid","","USA","Society for the Study of Amphibians and Reptiles","Society/Association","https://bioone.org/journals/journal-of-herpetology","0.389","Q2 (Animal Science and Zoology)","71","No"
"Journal of Human Genetics","Genetics & Genomics - Human Genetics","Springer Nature","For-profit","Hybrid","2491","Germany","","","https://www.nature.com/jhg/","0.924","Q2 (Genetics)","100","No"
"Journal of Human Lactation","Development - Childhood and Adolescence","Sage Publishing","For-profit associated with a society","Hybrid","2543","USA","International Lactation Consultant Association","Society/Association","https://journals.sagepub.com/home/jhl","0.753","Q2 (Medicine; Obstetrics and Gynecology)","76","No"
"Journal of Hymenoptera Research","Ecology & Evolution - Zoology","Pensoft Publishers","For-profit associated with a society","OA","1009","Bulgaria","The International Society of Hymenopterists","Society/Association","https://jhr.pensoft.net/","0.7","Q1 (Animal Science and Zoology; Ecology, Evolution, Behavior and Systematics; Insect Science)","33","No"
"Journal of Immunoassay & Immunochemistry","Immunology - Immunogenetics, Molecular and Cellular Immunology","Taylor & Francis Group","For-profit","","","UK","","","https://www.tandfonline.com/journals/ljii20","0.268","Q2 (Medical Laboratory Technology)","34","No"
"Journal of Immunological Methods","Immunology - Generalist/Classical Immunology","Elsevier","For-profit","Hybrid","2641","Netherlands","","","https://www.journals.elsevier.com/journal-of-immunological-methods","0.506","Q3 (Immunology; Immunology and Allergy)","155","No"
"Journal of Immunology Research","Immunology - Generalist/Classical Immunology","John Wiley & Sons","For-profit","OA","2742","UK","","","https://onlinelibrary.wiley.com/journal/1607","1.076","Q1 (Medicine)","133","No"
"Journal of Immunotherapy","Cancer - Treatment","Wolters Kluwer (Lippincott)","For-profit","Hybrid","3473","Netherlands / USA","","","https://journals.lww.com/immunotherapy-journal/pages/default.aspx","1.088","Q1 (Pharmacology)","111","No"
"Journal of Infection","Immunology - Immunopathology","Elsevier","For-profit associated with a society","Hybrid","4379","UK","British Infection Association","Society/Association","https://www.sciencedirect.com/journal/journal-of-infection","2.18","Q1 (Infectious Diseases; Microbiology)","152","No"
"Journal of Infection and Chemotherapy","Cancer - Treatment; Immunology - Immunooncology","Elsevier","For-profit associated with a society","Hybrid","2270","Netherlands","The Japanese Society of Chemotherapy; The Japanese Association for Infectious Diseases; The Japanese Society for Infection Prevention and Control","Society/Association","https://www.sciencedirect.com/journal/journal-of-infection-and-chemotherapy","0.503","Q3 (Infectious Diseases; Microbiology; Pharmacology)","79","No"
"Journal of Infection Prevention","Immunology - Immunopathology","Sage Publishing","For-profit associated with a society","","","USA","Infection Prevention Society","Society/Association","https://journals.sagepub.com/home/bjib","0.342","Q2 (Advanced and Specialized Nursing)","28","No"
"Journal of Inflammation","Immunology - Inflammation","Springer Nature (BioMed Central)","For-profit associated with a society","OA","3110","UK","British Inflammation Research Association","Society/Association","https://journal-inflammation.biomedcentral.com/","1.323","Q1 (Clinical Biochemistry)","75","No"
"Journal of Inflammation Research","Immunology - Inflammation","Taylor & Francis Group (Dovepress)","For-profit","OA","2998","UK","","","https://www.dovepress.com/journal-of-inflammation-research-journal","1.168","Q2 (Immunology; Immunology and Allergy)","67","No"
"Journal of Inherited Metabolic Disease","Genetics & Genomics - Medical Genetics; Molecular & Cellular Biology - Biochemistry and Molecular Biology","John Wiley & Sons","For-profit associated with a society","Hybrid","2464","USA","Society for the Study of Inborn Errors of Metabolism (SSIEM)","Society/Association","https://onlinelibrary.wiley.com/journal/15732665","1.401","Q1 (Genetics)","131","No"
"Journal of Innate Immunity","Immunology - Generalist/Classical Immunology","Karger Publishers","For-profit","OA","3998","Switzerland","","","https://karger.com/jin","1.408","Q1 (Immunology and Allergy)","91","No"
"Journal of Inorganic Biochemistry","Molecular & Cellular Biology - Biochemistry and Molecular Biology","Elsevier","For-profit","Hybrid","3077","Netherlands","","","https://www.sciencedirect.com/journal/journal-of-inorganic-biochemistry","0.567","Q2 (Inorganic Chemistry)","154","No"
"Journal of Insect Science","Ecology & Evolution - Zoology","Oxford University Press (OUP)","University Press associated with a society","OA","1924","UK","Entomological Society of America","Society/Association","https://academic.oup.com/jinsectscience","0.568","Q2 (Insect Science; Medicine)","68","No"
"Journal of Integrative Neuroscience","Neurosciences - Generalist","IMR","For-profit","OA","2465","Singapore","","","https://www.imrpress.com/journal/JIN","0.8","Q2 (Medicine; Neuroscience)","45","No"
"Journal of Integrative Plant Biology","Plants - Generalist","John Wiley & Sons","For-profit","Hybrid","2052","USA","","","https://onlinelibrary.wiley.com/journal/17447909","3.566","Q1 (Biochemistry; Biochemistry, Genetics and Molecular Biology; Plant Science)","132","No"
"Journal of Interferon and Cytokine Research","Immunology - Immunogenetics, Molecular and Cellular Immunology","Sage Publishing (Mary Ann Liebert)","For-profit associated with a society","Hybrid","3060","USA","International Cytokine and Interferon Society","Society/Association","https://journals.sagepub.com/home/ifc","0.613","Q2 (Medicine)","111","No"
"Journal of Investigational Allergology and Clinical Immunology","Immunology - Allergy and Hypersensitivity","Spanish Society of Allergology and Clinical Immunology","Non-profit","OA","1098","Spain","Spanish Society of Allergology and Clinical Immunology","Society/Association","https://www.jiaci.org/","0.827","Q2 (Immunology; Immunology and Allergy)","78","No"
"Journal of Leukocyte Biology","Molecular & Cellular Biology - Immunology and Cellular Immunology","Oxford University Press (OUP)","University Press","Hybrid","2609","UK","","","https://academic.oup.com/jleukbio","1.203","Q2 (Cell Biology; Immunology; Immunology and Allergy)","231","No"
"Journal of Limnology","Ecology & Evolution - Applied Ecology","PAGEPress Publications","For-profit associated with a society","OA","680","Italy","Water Research Institute","University/Government","https://www.jlimnol.it/index.php/jlimnol","0.386","Q2 (Ecology)","56","No"
"Journal of Lipid Research","Molecular & Cellular Biology - Biochemistry and Molecular Biology","American Society for Biochemistry and Molecular Biology (ASBMB)","Non-profit","OA","3034","USA","American Society for Biochemistry and Molecular Biology (ASBMB)","Society/Association","https://www.jlr.org/","1.668","Q1 (Biochemistry; Cell Biology; Endocrinology)","240","No"
"Journal of Liposome Research","Molecular & Cellular Biology - Methodology and Experimental Techniques","Taylor & Francis Group","For-profit associated with a society","","","UK","International Liposome Society","Society/Association","https://www.tandfonline.com/journals/ilpr20","0.702","Q2 (Pharmaceutical Science)","72","No"
"Journal of Liver Transplantation","Immunology - Transplant Immunology","Elsevier","For-profit","OA","1800","France","","","https://www.sciencedirect.com/journal/journal-of-liver-transplantation","0.296","Q3 (Gastroenterology; Internal Medicine; Transplantation)","7","No"
"Journal of Magnetic Resonance","Generalist - Methods","Elsevier","For-profit associated with a society","Hybrid","3240","Netherlands","International Society of Magnetic Resonance (ISMAR)","Society/Association","https://www.sciencedirect.com/journal/journal-of-magnetic-resonance","0.711","Q2 (Biochemistry; Biophysics; Condensed Matter Physics; Nuclear and High Energy Physics)","151","No"
"Journal of Magnetic Resonance Imaging","Generalist - Methods","John Wiley & Sons","For-profit associated with a society","Hybrid","2585","USA","International Society for Magnetic Resonance in Medicine","Society/Association","https://onlinelibrary.wiley.com/journal/15222586","1.337","Q1 (Radiology, Nuclear Medicine and Imaging)","195","No"
"Journal of Mammalian Evolution","Ecology & Evolution - Genetics","Springer Nature","For-profit associated with a society","Hybrid","2604","Germany / UK","Society for the Study of Mammalian Evolution","Society/Association","https://www.springer.com/journal/10914","0.603","Q2 (Ecology, Evolution, Behavior and Systematics)","58","PCI friendly"
"Journal of Mammalogy","Ecology & Evolution - Zoology","Oxford University Press (OUP)","University Press associated with a society","Hybrid","2093","UK","American Society of Mammalogists","Society/Association","https://academic.oup.com/jmammal","0.607","Q1 (Animal Science and Zoology)","120","No"
"Journal of Mass Spectrometry","Generalist - Methods","John Wiley & Sons","For-profit","Hybrid","3350","USA","","","https://analyticalsciencejournals.onlinelibrary.wiley.com/journal/10969888c","0.389","Q3 (Medicine; Spectroscopy)","134","No"
"Journal of Mathematical Biology","Generalist - Mathematical Biology","Springer Nature","For-profit","Hybrid","2217","Germany / UK","","","https://link.springer.com/journal/285","0.91","Q1 (Agricultural and Biological Sciences; Applied Mathematics; Modeling and Simulation)","116","No"
"Journal of Medical Entomology","Ecology & Evolution - Health","Oxford University Press (OUP)","University Press associated with a society","Hybrid","2476","UK","Entomological Society of America","Society/Association","https://academic.oup.com/jme","0.662","Q1 (Insect Science; Veterinary)","124","No"
"Journal of Medical Genetics","Genetics & Genomics - Medical Genetics","BMJ Group","Non-profit","Hybrid","4212","UK","","","https://jmg.bmj.com/","1.688","Q1 (Genetics)","201","No"
"Journal of Medical Microbiology","Molecular & Cellular Biology - Microbiology and Infectious Diseases","Microbiology Society","Non-profit","OA","2888","UK","Microbiology Society","Society/Association","https://www.microbiologyresearch.org/content/journal/jmm","0.723","Q2 (Medicine; Microbiology)","140","No"
"Journal of Medical Virology","Immunology - Virology","John Wiley & Sons","For-profit","Hybrid","4026","USA","","","https://onlinelibrary.wiley.com/journal/10969071","1.143","Q1 (Infectious Diseases; Virology)","164","No"
"Journal of Membrane Biology","Molecular & Cellular Biology - Methodology and Experimental Techniques","Springer Nature","For-profit","Hybrid","2604","Germany / UK","","","https://link.springer.com/journal/232","0.87","Q1 (Biophysics)","110","No"
"Journal of Microbiology and Biotechnology","Ecology & Evolution - Microbiology; Immunology - Immunopathology; Molecular & Cellular Biology - Microbiology and Infectious Diseases","Korean Society for Microbiology and Biotechnology (KSBMB)","Non-profit","Hybrid","622","Republic of Korea (South Korea)","Korean Society for Microbiology and Biotechnology (KMB)","Society/Association","https://www.jmb.or.kr/main.html","0.74","Q2 (Applied Microbiology and Biotechnology; Biotechnology; Medicine)","95","No"
"Journal of Microbiology Immunology & Infection","Immunology - Immunopathology","Elsevier","For-profit associated with a society","OA","1180","Netherlands","the Taiwan Society of Microbiology; the Chinese Society of Immunology; the Infectious Diseases Society of Taiwan; the Taiwan Society of Parasitology","Society/Association","https://www.sciencedirect.com/journal/journal-of-microbiology-immunology-and-infection","1.066","Q1 (Immunology and Microbiology; Infectious Diseases; Medicine)","85","No"
"Journal of Molecular and Cellular Cardiology","Molecular & Cellular Biology - Biochemistry and Molecular Biology","Elsevier","For-profit associated with a society","Hybrid","4665","Netherlands","International Society for Heart Research","Society/Association","https://www.sciencedirect.com/journal/journal-of-molecular-and-cellular-cardiology","1.77","Q1 (Cardiology and Cardiovascular Medicine; Molecular Biology)","187","No"
"Journal of Molecular Biology","Molecular & Cellular Biology - Biochemistry and Molecular Biology","Elsevier","For-profit","Hybrid","2293","Netherlands","","","https://www.sciencedirect.com/journal/journal-of-molecular-biology","2.151","Q1 (Biophysics; Molecular Biology; Structural Biology)","309","No"
"Journal of Molecular Cell Biology","Molecular & Cellular Biology - Biochemistry and Molecular Biology","Oxford University Press (OUP)","University Press","OA","2344","UK","Institute of Biochemistry and Cell Biology, Shanghai Institutes for Biological Sciences, Chinese Academy of Sciences","","https://academic.oup.com/jmcb","1.44","Q1 (Genetics; Medicine)","91","No"
"Journal of Molecular Endocrinology","Molecular & Cellular Biology - Biochemistry and Molecular Biology","Bioscientifica Ltd","Non-profit","Hybrid","3861","UK","Society for Endocrinology","Society/Association","https://jme.bioscientifica.com/","1.176","Q2 (Endocrinology; Molecular Biology)","118","No"
"Journal of Molecular Histology","Molecular & Cellular Biology - Cell Biology and Developmental Biology","Springer Nature","For-profit","Hybrid","2544","Germany / UK","","","https://link.springer.com/journal/10735","0.708","Q2 (Histology; Medicine; Physiology)","69","No"
"Journal of Molecular Medicine","Molecular & Cellular Biology - Biochemistry and Molecular Biology","Springer Nature","For-profit","Hybrid","2967","Germany / UK","","","https://link.springer.com/journal/109","1.401","Q1 (Drug Discovery; Genetics; Molecular Medicine)","167","No"
"Journal of Molecular Neuroscience","Molecular & Cellular Biology - Neuroscience and Neurobiology; Neurosciences - Molecular and Cellular Neuroscience","Springer Nature","For-profit associated with a society","Hybrid","2908","Germany / UK","European Society for Neurochemistry (ESN)","Society/Association","https://link.springer.com/journal/12031","0.788","Q2 (Medicine)","108","No"
"Journal of Molluscan Studies","Ecology & Evolution - Zoology","Oxford University Press (OUP)","University Press associated with a society","Hybrid","2362","UK","Malacological Society of London","Society/Association","https://academic.oup.com/mollus","0.324","Q3 (Animal Science and Zoology; Aquatic Science)","57","No"
"Journal of Morphology","Development - Generalist","John Wiley & Sons","For-profit","Hybrid","2980","USA","-","","https://onlinelibrary.wiley.com/journal/10974687","0.474","Q2 (Animal Science and Zoology)","90","No"
"Journal of Motor Behavior","Neurosciences - Neurophysiology","Taylor & Francis Group","For-profit","Hybrid","4972","UK","","","https://www.tandfonline.com/journals/vjmb20","0.446","Q3 (Biophysics; Cognitive Neuroscience; Experimental and Cognitive Psychology; Orthopedics and Sports Medicine; Sports Science)","85","No"
"Journal of Multiple Sclerosis Research","Neurosciences - Clinical Neuroscience","Multiple Sclerosis Research Association","Non-profit","","","Turkey","Multiple Sclerosis Research Association","Society/Association","https://jmsres.com/","","","","No"
"Journal of Multiple Sclerosis Research and Neuroimmunology","Immunology - Neuroimmunology; Neurosciences - Neuroimmunology","Korean Society of Neuroimmunology","Non-profit","","","Republic of Korea (South Korea)","Korean Society of Neuroimmunology","Society/Association","https://jmsni.org/","","","","No"
"Journal of Musculoskeletal and Neuronal Interactions","Neurosciences - Neurophysiology","Hylonome Publications","For-profit associated with a society","OA","263","Greece","International Society of Musculoskeletal and Neuronal Interactions (ISMNI); Hellenic Osteoporosis Foundation (HELIOST)","Society/Association","https://www.ismni.org/jmni/","0.563","Q2 (Orthopedics and Sports Medicine)","77","No"
"Journal of Natural Products","Molecular & Cellular Biology - Biotechnology and Bioengineering; Plants - Molecular and Cellular Biology","American Chemical Society (ACS)","Non-profit","Hybrid","2456","USA","American Chemical Society (ACS)","Society/Association","https://pubs.acs.org/journal/jnprdf","0.585","Q1 (Complementary and Alternative Medicine)","173","No"
"Journal of Nervous and Mental Disease","Neurosciences - Clinical Neuroscience","Wolters Kluwer (Lippincott)","For-profit","Hybrid","3405","Netherlands / USA","","","https://journals.lww.com/jonmd/pages/currenttoc.aspx","0.618","Q2 (Psychiatry and Mental Health)","146","No"
"Journal of Neural Transmission","Neurosciences - Molecular and Cellular Neuroscience","Springer Nature","For-profit","Hybrid","3245","Germany / UK","","","https://link.springer.com/journal/702","1.205","Q1 (Neurology; Psychiatry and Mental Health)","138","No"
"Journal of Neurochemistry","Neurosciences - Molecular and Cellular Neuroscience","John Wiley & Sons","For-profit associated with a society","Hybrid","2066","USA","International Society for Neurochemistry","Society/Association","https://onlinelibrary.wiley.com/journal/14714159","1.472","Q1 (Biochemistry)","273","No"
"Journal of Neurodevelopmental Disorders","Development - Neuroscience; Neurosciences - Developmental Neuroscience","Springer Nature (BioMed Central)","For-profit","OA","2854","UK","","","https://jneurodevdisorders.biomedcentral.com/","1.25","Q1 (Cognitive Neuroscience; Neurology; Pathology and Forensic Medicine; Pediatrics, Perinatology and Child Health)","69","No"
"Journal of Neuroendocrinology","Neurosciences - Neurophysiology","John Wiley & Sons","For-profit associated with a society","Hybrid","2126","USA","British Society for Neuroendocrinology","Society/Association","https://onlinelibrary.wiley.com/journal/13652826","1.507","Q1 (Cellular and Molecular Neuroscience; Endocrine and Autonomic Systems; Endocrinology; Endocrinology, Diabetes and Metabolism)","134","No"
"Journal of Neuroengineering and Rehabilitation","Neurosciences - Clinical Neuroscience","Springer Nature (BioMed Central)","For-profit","OA","2758","UK","","","https://jneuroengrehab.biomedcentral.com/","1.203","Q1 (Health Informatics; Rehabilitation)","137","No"
"Journal of Neurogenetics","Genetics & Genomics - Neurogenetics; Neurosciences - Neurogenetics","Taylor & Francis Group","For-profit","Hybrid","2250","UK","","","https://www.tandfonline.com/journals/ineg20","0.487","Q3 (Genetics)","45","No"
"Journal of Neuroimaging","Neurosciences - Methods","John Wiley & Sons","For-profit associated with a society","Hybrid","3202","USA","American Society of Neuroimaging","Society/Association","https://onlinelibrary.wiley.com/journal/15526569","0.924","Q1 (Medicine; Radiology, Nuclear Medicine and Imaging)","78","No"
"Journal of Neuroimmune Pharmacology","Immunology - Neuroimmunology; Neurosciences - Neuroimmunology","Springer Nature","For-profit","Hybrid","3138","Germany / UK","","","https://link.springer.com/journal/11481","1.458","Q1 (Immunology; Immunology and Allergy; Neuroscience; Pharmacology)","99","No"
"Journal of Neuroimmunology","Neurosciences - Neuroimmunology","Elsevier","For-profit","Hybrid","2938","Netherlands","","","https://www.sciencedirect.com/journal/journal-of-neuroimmunology","0.938","Q2 (Immunology; Immunology and Allergy; Neurology)","163","No"
"Journal of Neuroinflammation","Neurosciences - Neuroimmunology","Springer Nature (BioMed Central)","For-profit","OA","3352","Germany / UK","","","https://jneuroinflammation.biomedcentral.com/","3.685","Q1 (Cellular and Molecular Neuroscience; Immunology; Neurology; Neuroscience)","189","No"
"Journal of Neurolinguistics","Neurosciences - Cognitive Neuroscience","Elsevier","For-profit","Hybrid","3022","Netherlands","","","https://www.sciencedirect.com/journal/journal-of-neurolinguistics","0.517","Q1 (Arts and Humanities; Linguistics and Language)","70","No"
"Journal of Neurologic Physical Therapy","Neurosciences - Clinical Neuroscience","Wolters Kluwer (Lippincott)","For-profit","","","Netherlands / USA","","","https://journals.lww.com/jnpt/pages/default.aspx","0.85","Q1 (Physical Therapy, Sports Therapy and Rehabilitation; Rehabilitation)","72","No"
"Journal of Neurology","Neurosciences - Clinical Neuroscience","Springer Nature","For-profit","Hybrid","3278","Germany / UK","","","https://link.springer.com/journal/415","1.64","Q1 (Neurology)","175","No"
"Journal of Neurology, Neurosurgery and Psychiatry","Neurosciences - Clinical Neuroscience","BMJ Group","Non-profit","Hybrid","4780","UK","British Medical Association","Society/Association","https://jnnp.bmj.com/","2.931","Q1 (Neurology; Psychiatry and Mental Health; Surgery)","255","No"
"Journal of Neuro-Oncology","Cancer - Neuro-Oncology; Neurosciences - Clinical Neuroscience","Springer Nature","For-profit","Hybrid","3445","Germany / UK","","","https://link.springer.com/journal/11060","1.03","Q2 (Cancer Research; Neurology; Oncology)","147","No"
"Journal of Neuro-Ophthalmology","Neurosciences - Sensory Neuroscience","Wolters Kluwer (Lippincott)","For-profit","Hybrid","3226","Netherlands / USA","","","https://journals.lww.com/jneuro-ophthalmology/Pages/currenttoc.aspx","0.409","Q3 (Medicine; Neurology; Ophthalmology)","80","No"
"Journal of Neuropathology and Experimental Neurology","Neurosciences - Clinical Neuroscience","Oxford University Press (OUP)","University Press","Hybrid","632","UK","","","https://academic.oup.com/jnen","1.337","Q1 (Medicine; Neurology; Pathology and Forensic Medicine)","187","No"
"Journal of Neurophysiology","Anatomy & Physiology - Physiology; Neurosciences - Neurophysiology","American Physiological Society (APS)","Non-profit","Hybrid","2807","USA","American Physiology Society (APS)","Society/Association","https://journals.physiology.org/journal/jn","0.828","Q2 (Neuroscience; Physiology)","279","No"
"Journal of Neuroscience","Neurosciences - Generalist","Society for Neuroscience","Non-profit","Hybrid","3463","USA","Society for Neuroscience","Society/Association","https://www.jneurosci.org/","1.836","Q1 (Neuroscience)","528","No"
"Journal of Neuroscience Methods","Neurosciences - Generalist","Elsevier","For-profit","Hybrid","2756","Netherlands","","","https://www.sciencedirect.com/journal/journal-of-neuroscience-methods","0.788","Q2 (Neuroscience)","185","No"
"Journal of Neuroscience, Psychology, and Economics","Neurosciences - Cognitive Neuroscience","American Psychological Association (APA)","Non-profit","Hybrid","4109","USA","American Psychological Association","Society/Association","https://www.apa.org/pubs/journals/npe/","0.43","Q2 (Business, Management and Accounting; Economics, Econometrics and Finance)","33","No"
"Journal of Neuroscience Research","Neurosciences - Generalist","John Wiley & Sons","For-profit","Hybrid","4305","USA","","","https://onlinelibrary.wiley.com/journal/10974547","1.071","Q2 (Cellular and Molecular Neuroscience)","187","No"
"Journal of Neurotrauma","Neurosciences - Clinical Neuroscience","Sage Publishing","For-profit associated with a society","Hybrid","2977","USA","National Neurotrauma Society; European Neurotrauma Society; International Neurotrauma Society","Society/Association","https://journals.sagepub.com/home/nrta","1.329","Q1 (Neurology)","187","No"
"Journal of Neurovirology","Immunology - Neuroimmunology; Neurosciences - Neuroimmunology","Springer Nature","For-profit","Hybrid","2420","Germany / UK","","","https://link.springer.com/journal/13365","0.6","Q3 (Neurology; Virology)","101","No"
"Journal of Obsessive and Compulsive Related Disorders","Neurosciences - Clinical Neuroscience","Elsevier","For-profit","Hybrid","2131","Netherlands","","","https://www.sciencedirect.com/journal/journal-of-obsessive-compulsive-and-related-disorders","0.866","Q2 (Clinical Psychology; Psychiatry and Mental Health)","49","No"
"Journal of Open Source Software","Generalist - Methods","Journal of Open Source Software","Non-profit","OA diamond","0","USA","","","https://joss.theoj.org/","","","","No"
"Journal of Ophthalmic and Vision Research","Neurosciences - Sensory Neuroscience","KnE Open","For-profit associated with a society","OA","","United Arab Emirates","Research Institute for Ophthalmology and Vision Science, Shahid Beheshti University of Medical Sciences, Iran","University/Government","https://kneopen.com/journal/jovr/","0.585","Q2 (Ophthalmology)","48","No"
"Journal of Ophthalmic Inflammation and Infection","Immunology - Inflammation","Springer Nature","For-profit associated with a society","OA","2494","UK","International Ocular Inflammation Society (IOIS)","Society/Association","https://joii-journal.springeropen.com/","0.691","Q2 (Infectious Diseases; Ophthalmology)","43","No"
"Journal of Oral & Facial Pain and Headache","Neurosciences - Pain","MRE Press","For-profit","Hybrid","1076","Singapore","","","https://www.jofph.com/","0.535","Q2 (Anesthesiology and Pain Medicine; Dentistry)","57","No"
"Journal of Ornithology","Ecology & Evolution - Zoology","Springer Nature","For-profit associated with a society","Hybrid","2818","Germany / UK","German Ornithologists' Society","Society/Association","https://www.springer.com/journal/10336","0.58","Q1 (Animal Science and Zoology)","74","No"
"Journal of Orthoptera Research","Ecology & Evolution - Zoology","Pensoft Publishers","For-profit associated with a society","OA diamond","0","Bulgaria","The Orthopterists' Society","Society/Association","https://jor.pensoft.net/","0.507","Q2 (Animal Science and Zoology; Ecology, Evolution, Behavior and Systematics; Insect Science)","23","No"
"Journal of Ovarian Research","Development - Reproduction","Springer Nature (BioMed Central)","For-profit","OA","2423","UK","","","https://ovarianresearch.biomedcentral.com/","1.307","Q1 (Obstetrics and Gynecology; Oncology)","71","No"
"Journal of Pain Research","Neurosciences - Pain","Taylor & Francis Group","For-profit","OA","3191","UK","","","https://www.tandfonline.com/journals/djpr20","0.814","Q2 (Anesthesiology and Pain Medicine)","84","No"
"Journal of Parkinson's Disease","Neurosciences - Clinical Neuroscience","Sage Publishing","For-profit","OA","2386","USA","","","https://journals.sagepub.com/home/pkna","1.535","Q1 (Cellular and Molecular Neuroscience; Neurology)","82","No"
"Journal of Pathology","Immunology - Immunopathology","John Wiley & Sons","For-profit associated with a society","Hybrid","5299","USA","The Pathological Society of Great Britain and Ireland","Society/Association","https://pathsocjournals.onlinelibrary.wiley.com/journal/10969896","2.127","Q1 (Pathology and Forensic Medicine)","220","No"
"Journal of Pathology and Translational Medicine","Immunology - Immunopathology","The Korean Society of Pathologists and The Korean Society for Cytopathology","Non-profit","OA","","Republic of Korea (South Korea)","","","https://www.jpatholtm.org/","0.949","Q1 (Pathology and Forensic Medicine)","42","No"
"Journal of Pathology Informatics","Immunology - Immunopathology","Elsevier","For-profit associated with a society","OA","1147","USA","Association for Pathology Informatics (API)","Society/Association","https://www.sciencedirect.com/journal/journal-of-pathology-informatics","1.155","Q1 (Computer Science Applications; Health Informatics; Pathology and Forensic Medicine)","37","No"
"Journal of Pathology, Microbiology and Immunology - the APMIS journal","Immunology - Immunogenetics, Molecular and Cellular Immunology","John Wiley & Sons","For-profit","Hybrid","2810","USA","","","https://onlinelibrary.wiley.com/journal/16000463","0.726","Q2 (Medicine; Microbiology; Pathology and Forensic Medicine)","107","No"
"Journal of Pediatric Endocrinology and Metabolism","Development - Childhood and Adolescence","De Gruyter Brill","For-profit associated with a society","Hybrid","2490","Germany","German Society for Pediatric and Adolescent Endocrinology and Diabetology (DGPAED)","Society/Association","https://www.degruyterbrill.com/journal/key/jpem/html","0.363","Q3 (Endocrinology, Diabetes and Metabolism; Pediatrics, Perinatology and Child Health)","76","No"
"Journal of Pediatric Gastroenterology and Nutrition","Development - Childhood and Adolescence","John Wiley & Sons","For-profit","OA","3339","USA","","","https://onlinelibrary.wiley.com/journal/15364801","0.947","Q1 (Pediatrics, Perinatology and Child Health)","167","No"
"Journal of Pediatric Hematology & Oncology","Cancer - Development and Oncology","Wolters Kluwer (Lippincott)","For-profit","Hybrid","3421","Netherlands / USA","","","https://journals.lww.com/jpho-online/pages/default.aspx","0.35","Q3 (Hematology; Oncology; Pediatrics, Perinatology and Child Health)","90","No"
"Journal of Peptide Science","Molecular & Cellular Biology - Methodology and Experimental Techniques","John Wiley & Sons","For-profit associated with a society","Hybrid","2155","USA","European Peptide Society","Society/Association","https://onlinelibrary.wiley.com/journal/10991387","0.477","Q2 (Organic Chemistry)","78","No"
"Journal of Perinatal Medicine","Development - Perinatology and Birth Defects/Teratology","De Gruyter Brill","For-profit associated with a society","Hybrid","255","Germany","International Academy of Perinatal Medicine; the New York Perinatal Society; the Fetus as a Patient Society","Society/Association","https://www.degruyterbrill.com/journal/key/jpme/html","0.656","Q2 (Obstetrics and Gynecology; Pediatrics, Perinatology and Child Health)","85","No"
"Journal of Perinatology","Development - Perinatology and Birth Defects/Teratology","Springer Nature","For-profit associated with a society","Hybrid","3188","Germany / UK","Section on Neonatal-Perinatal Medicine of the American Academy of Pediatrics; National Perinatal Association of the United States","Society/Association","https://www.nature.com/jp/","0.908","Q1 (Obstetrics and Gynecology; Pediatrics, Perinatology and Child Health)","126","No"
"Journal of Pest Science","Ecology & Evolution - Applied Ecology","Springer Nature","For-profit","Hybrid","2120","Germany / UK","","","https://link.springer.com/journal/10340","1.031","Q1 (Agronomy and Crop Science; Ecology; Ecology, Evolution, Behavior and Systematics; Insect Science; Plant Science)","91","No"
"Journal of Pharmaceutical And Biomedical Analysis","Molecular & Cellular Biology - Pharmacology and Toxicology","Elsevier","For-profit","Hybrid","3276","Netherlands","","","https://www.sciencedirect.com/journal/journal-of-pharmaceutical-and-biomedical-analysis","0.604","Q2 (Analytical Chemistry; Drug Discovery; Pharmaceutical Science; Spectroscopy)","160","No"
"Journal of Pharmaceutical Sciences","Molecular & Cellular Biology - Pharmacology and Toxicology","Elsevier","For-profit","Hybrid","2750","Netherlands","","","https://jpharmsci.org/","0.711","Q2 (Pharmaceutical Science)","224","No"
"Journal of Pharmacokinetics and Pharmacodynamics","Molecular & Cellular Biology - Pharmacology and Toxicology","Springer Nature","For-profit","Hybrid","2144","Germany / UK","","","https://link.springer.com/journal/10928","0.85","Q2 (Pharmacology)","77","No"
"Journal of Pharmacological and Toxicological Methods","Molecular & Cellular Biology - Methodology and Experimental Techniques","Elsevier","For-profit","Hybrid","3545","Netherlands","","","https://www.sciencedirect.com/journal/journal-of-pharmacological-and-toxicological-methods","0.547","Q3 (Pharmacology; Toxicology)","89","No"
"Journal of Pharmacological Sciences","Molecular & Cellular Biology - Pharmacology and Toxicology","Elsevier","For-profit associated with a society","OA","98","Netherlands","Japanese Pharmacological Society","Society/Association","https://www.sciencedirect.com/journal/journal-of-pharmacological-sciences","0.891","Q2 (Molecular Medicine; Pharmacology)","106","No"
"Journal of Pharmacy and Pharmacology","Molecular & Cellular Biology - Pharmacology and Toxicology","Oxford University Press (OUP)","University Press associated with a society","Hybrid","2189","UK","Royal Pharmaceutical Society","Society/Association","https://academic.oup.com/jpp","0.765","Q2 (Pharmaceutical Science; Pharmacology)","148","No"
"Journal of Photochemistry and Photobiology B: Biology","Generalist","Elsevier","For-profit","Hybrid","2032","Netherlands","","","https://www.sciencedirect.com/journal/journal-of-photochemistry-and-photobiology-b-biology","0.737","Q1 (Radiation)","164","No"
"Journal of Phycology","Ecology & Evolution - Genetics; Plants - Generalist","John Wiley & Sons","For-profit associated with a society","Hybrid","2547","USA","Phycological Society of America","Society/Association","https://onlinelibrary.wiley.com/journal/15298817","0.957","Q1 (Aquatic Science; Plant Science)","152","No"
"Journal of Physical Activity and Health","Anatomy & Physiology - Sport Science","Human Kinetics","For-profit associated with a society","Hybrid","2043","USA","International Society for Physical Activity and Health","Society/Association","https://journals.humankinetics.com/view/journals/jpah/jpah-overview.xml","0.845","Q1 (Physical Therapy, Sports Therapy and Rehabilitation)","100","No"
"Journal of Physiology","Anatomy & Physiology - Physiology","John Wiley & Sons","For-profit associated with a society","Hybrid","756","USA","The Physiology Society","Society/Association","https://physoc.onlinelibrary.wiley.com/journal/14697793","1.476","Q1 (Physiology; Sports Science)","285","No"
"Journal of Physiology and Biochemistry","Molecular & Cellular Biology - Biochemistry and Molecular Biology","Springer Nature","For-profit associated with a society","OA","3000","Germany / UK","University of Navarra, Spain","University/Government","https://link.springer.com/journal/13105","1.328","Q1 (Biochemistry; Medicine; Physiology)","68","No"
"Journal of Pineal Research","Neurosciences - Neurophysiology","John Wiley & Sons","For-profit","Hybrid","3167","USA","","","https://onlinelibrary.wiley.com/journal/1600079X","1.802","Q1 (Endocrinology)","177","No"
"Journal of Plankton Research","Ecology & Evolution - Evolution","Oxford University Press (OUP)","University Press","Hybrid","2478","UK","","","https://academic.oup.com/plankt","0.765","Q1 (Aquatic Science; Ecology; Ecology, Evolution, Behavior and Systematics)","115","No"
"Journal of Plant Ecology","Ecology & Evolution - Plants; Plants - Ecology","Oxford University Press (OUP)","University Press associated with a society","Hybrid","2102","UK","Botanical Society of China and Institute of Botany / Chinese Academy of Sciences","Society/Association","https://academic.oup.com/jpe","1.263","Q1 (Ecology; Ecology, Evolution, Behavior and Systematics; Plant Science)","61","No"
"Journal of Plant Growth Regulation","Plants - Development","Springer Nature","For-profit","Hybrid","2967","Germany / UK","","","https://link.springer.com/journal/344","0.949","Q1 (Agronomy and Crop Science; Plant Science)","120","No"
"Journal of Plant Physiology","Plants - Physiology","Elsevier","For-profit","Hybrid","2668","Netherlands","","","https://www.journals.elsevier.com/journal-of-plant-physiology","1.17","Q1 (Agronomy and Crop Science; Physiology; Plant Science)","173","No"
"Journal of Plant Research","Ecology & Evolution - Plants; Plants - Generalist","Springer Nature","For-profit associated with a society","Hybrid","2200","Germany / UK","The Botanical Society of Japan","Society/Association","https://link.springer.com/journal/10265","0.668","Q2 (Plant Science)","89","No"
"Journal of Pollination Ecology","Ecology & Evolution - Basic Ecology","International Commission on Plant Pollinator Relations","Non-profit","OA diamond","0","Canada","International Commission on Plant Pollinator Relations","Society/Association","https://pollinationecology.org/","0.448","Q2 (Animal Science and Zoology; Ecology; Ecology, Evolution, Behavior and Systematics; Insect Science; Plant Science)","11","PCI friendly"
"Journal of Proteome Research","Molecular & Cellular Biology - Methodology and Experimental Techniques","American Chemical Society (ACS)","Non-profit","Hybrid","1815","USA","American Chemical Society (ACS)","Society/Association","https://pubs.acs.org/journal/jprobs","1.194","Q1 (Biochemistry; Chemistry)","198","No"
"Journal of Proteomics","Ecology & Evolution - Genetics; Molecular & Cellular Biology - Methodology and Experimental Techniques","Elsevier","For-profit associated with a society","Hybrid","1862","Netherlands","European Proteomics Association (EuPA)","Society/Association","https://www.sciencedirect.com/journal/journal-of-proteomics","0.689","Q2 (Biochemistry; Biophysics)","136","No"
"Journal of Psychiatric Research","Neurosciences - Clinical Neuroscience","Elsevier","For-profit","Hybrid","2897","Netherlands","","","https://www.sciencedirect.com/journal/journal-of-psychiatric-research","1.327","Q1 (Psychiatry and Mental Health)","180","No"
"Journal of Psychiatry and Neuroscience","Neurosciences - Clinical Neuroscience","Canadian Science Publishing","Non-profit","OA","2001","Canada","","","https://cdnsciencepub.com/journal/jpn","1.378","Q1 (Medicine; Pharmacology; Psychiatry and Mental Health)","120","No"
"Journal of Psychoactive Drugs","Neurosciences - Generalist","Taylor & Francis Group","For-profit","","","UK","","","https://www.tandfonline.com/journals/ujpd20","0.7","Q2 (Medicine; Psychology)","80","No"
"Journal of Psychopharmacology","Neurosciences - Generalist","Sage Publishing","For-profit associated with a society","Hybrid","1321","UK","British Association for Psychopharmacology","Society/Association","https://journals.sagepub.com/home/jop","1.683","Q1 (Medicine; Pharmacology; Psychiatry and Mental Health)","150","No"
"Journal of Psychophysiology","Neurosciences - Neurophysiology","Hogrefe Publishing","For-profit","Hybrid","3000","Germany","","","https://econtent.hogrefe.com/journal/jop","0.417","Q3 (Neuropsychology and Physiological Psychology)","53","No"
"Journal of Psychosomatic Research","Neurosciences - Generalist","Elsevier","For-profit associated with a society","Hybrid","3529","USA","European Association of Psychosomatic Medicine; International College of Psychosomatic Medicine","Society/Association","https://www.sciencedirect.com/journal/journal-of-psychosomatic-research","1.009","Q1 (Clinical Psychology)","190","No"
"Journal of Raptor Research","Ecology & Evolution - Zoology","Raptor Research Foundation","Non-profit","Hybrid","","USA","Raptor Research Foundation","Society/Association","https://bioone.org/journals/journal-of-raptor-research/","0.344","Q2 (Animal Science and Zoology)","42","No"
"Journal of Reproduction and Development","Development - Reproduction","J-STAGE","Non-profit","OA","1404","Japan","The Society for Reproduction and Development","Society/Association","https://www.jstage.jst.go.jp/browse/jrd/","0.681","Q1 (Animal Science and Zoology)","66","No"
"Journal of Reproductive Immunology","Immunology - Reproductive Immunology","Elsevier","For-profit associated with a society","Hybrid","2455","Netherlands","Asian Association for Reproductive Immunology; European Society of Reproductive Immunology; International Society for Immunology of Reproduction; Japanese Society for Immunology of Reproduction","Society/Association","https://www.sciencedirect.com/journal/journal-of-reproductive-immunology","0.956","Q1 (Obstetrics and Gynecology; Reproductive Medicine)","109","No"
"Journal of Reproductive Medicine","Development - Reproduction","Journal of Reproductive Medicine, Inc.","Non-profit","","","USA","Journal of Reproductive Medicine, Inc.","Non-profit","https://www.thereproductivemedicine.com/Home/index","0.114","Q4 (Obstetrics and Gynecology; Reproductive Medicine)","76","No"
"Journal of Research in Medical Sciences","Generalist - Clinical/Medicine","Wolters Kluwer (Lippincott)","For-profit associated with a society","OA","","India","Isfahan University of Medical Sciences","University/Government","https://journals.lww.com/jrms/pages/default.aspx","0.508","Q3 (Medicine)","63","No"
"Journal of Science and Medicine in Sport","Anatomy & Physiology - Sport Science","Elsevier","For-profit associated with a society","Hybrid","2364","Netherlands","Sports Medicine Australia (SMA); Australasian Academy of Podiatric Sports Medicine (AAPSM); Exercise and Sports Science Australia (ESSA); Australian Physiotherapy Association - Sports Physiotherapy Australia (SPA); College of Sport Psychologists (COSP); Sports Dietitians Australia (SDA); Australasian College of Sports & Exercise Physicians (ACSEP)","Society/Association","https://www.sciencedirect.com/journal/journal-of-science-and-medicine-in-sport","1.52","Q1 (Orthopedics and Sports Medicine; Physical Therapy, Sports Therapy and Rehabilitation; Sports Science)","141","No"
"Journal of Sleep Research","Neurosciences - Generalist","John Wiley & Sons","For-profit associated with a society","Hybrid","1842","USA","European Sleep Research Society","Society/Association","https://onlinelibrary.wiley.com/journal/13652869","1.534","Q1 (Behavioral Neuroscience; Cognitive Neuroscience; Medicine)","152","No"
"Journal of Speech, Language, and Hearing Research","Neurosciences - Sensory Neuroscience","American Speech-Language-Hearing Association (ASHA)","Non-profit","Hybrid","1745","USA","American Speech-Language-Hearing Association (ASHA)","Society/Association","https://pubs.asha.org/journal/jslhr","0.82","Q1 (Linguistics and Language; Speech and Hearing)","170","No"
"Journal of Spinal Cord Medicine","Neurosciences - Clinical Neuroscience","Taylor & Francis Group","For-profit","","","UK","","","https://www.tandfonline.com/journals/yscm20","0.539","Q3 (Neurology)","84","No"
"Journal of Sport and Exercise Psychology","Neurosciences - Neurophysiology","Human Kinetics","For-profit associated with a society","Hybrid","1813","USA","North American Society for the Psychology of Sport and Physical Activity","Society/Association","https://journals.humankinetics.com/view/journals/jsep/jsep-overview.xml","0.86","Q2 (Applied Psychology; Sports Science)","129","No"
"Journal of Sport and Health Science","Anatomy & Physiology - Sport Science","Elsevier","For-profit associated with a society","OA diamond","0","Netherlands","Shanghai University of Sport","University/Government","https://www.sciencedirect.com/journal/journal-of-sport-and-health-science","3.715","Q1 (Orthopedics and Sports Medicine; Physical Therapy, Sports Therapy and Rehabilitation)","87","No"
"Journal of Statistical Software","Generalist - Statistics","Foundation for Open Access Statistics","Non-profit","OA diamond","0","USA","","","https://www.jstatsoft.org/","3.677","Q1 (Software; Statistics and Probability; Statistics, Probability and Uncertainty)","199","No"
"Journal of Steroid Biochemistry and Molecular Biology","Molecular & Cellular Biology - Biochemistry and Molecular Biology","Elsevier","For-profit","Hybrid","3670","Netherlands","","","https://www.sciencedirect.com/journal/the-journal-of-steroid-biochemistry-and-molecular-biology","0.756","Q2 (Biochemistry; Clinical Biochemistry; Endocrinology, Diabetes and Metabolism; Molecular Medicine)","157","No"
"Journal of Stroke","Neurosciences - Clinical Neuroscience","Korean Stroke Society","Non-profit","OA diamond","0","Republic of Korea (South Korea)","Korean Stroke Society","Society/Association","https://www.j-stroke.org/","2.705","Q1 (Cardiology and Cardiovascular Medicine; Neurology)","61","No"
"Journal of Stroke and Cerebrovascular Diseases","Neurosciences - Clinical Neuroscience","Elsevier","For-profit","OA","2999","USA","","","https://www.sciencedirect.com/journal/journal-of-stroke-and-cerebrovascular-diseases","0.69","Q1 (Rehabilitation; Surgery)","89","No"
"Journal of Structural Biology","Molecular & Cellular Biology - Structural Biology and Biophysics","Elsevier","For-profit","Hybrid","4129","Netherlands","","","https://www.sciencedirect.com/journal/journal-of-structural-biology","0.985","Q2 (Structural Biology)","171","No"
"Journal of Studies on Alcohol and Drugs","Neurosciences - Addiction","Alcohol Research Documentation, Inc.","Non-profit","Hybrid","3225","USA","Rutgers University’s Center of Alcohol and Substance Use Studies","University/Government","https://www.jsad.com/","0.839","Q1 (Health)","145","No"
"Journal of Substance Use","Neurosciences - Addiction","Taylor & Francis Group","For-profit","Hybrid","664","UK","","","https://www.tandfonline.com/journals/ijsu20","0.341","Q3 (Health; Medicine)","39","No"
"Journal of Sustainable Agriculture and Environment","Ecology & Evolution - Genetics","John Wiley & Sons","For-profit associated with a society","OA","1653","Australia","Global Initiative of Crop Microbiome and Sustainable Agriculture","Society/Association","https://onlinelibrary.wiley.com/journal/2767035x","0.987","Q1 (Agricultural and Biological Sciences; Agronomy and Crop Science; Ecology; Plant Science)","17","No"
"Journal of Systematics and Evolution","Ecology & Evolution - Genetics","John Wiley & Sons","For-profit associated with a society","Hybrid","2500","USA","Institute of Botany Chinese Academy of Sciences","University/Government","https://onlinelibrary.wiley.com/journal/17596831","1.04","Q1 (Ecology, Evolution, Behavior and Systematics; Plant Science)","70","No"
"Journal of the American Academy of Child and Adolescent Psychiatry","Development - Neuroscience; Neurosciences - Developmental Neuroscience","Elsevier","For-profit associated with a society","Hybrid","2521","Netherlands","American Academy of Child and Adolescent Psychiatry","","https://www.jaacap.org/","3.176","Q1 (Developmental and Educational Psychology; Psychiatry and Mental Health)","289","No"
"Journal of the American Society for Mass Spectrometry","Generalist - Methods","American Chemical Society (ACS)","Non-profit","Hybrid","3110","USA","American Society for Mass Spectrometry","Society/Association","https://staging.pubs.acs.org/journal/jamsef","0.641","Q2 (Spectroscopy)","146","No"
"Journal of the Endocrine Society","Anatomy & Physiology - Endocrinology","Oxford University Press (OUP)","University Press associated with a society","OA","2960","USA","Endocrine Society","Society/Association","https://academic.oup.com/jes","1.099","Q2 (Endocrinology, Diabetes and Metabolism)","56","No"
"Journal of the History of the Neurosciences","Neurosciences - Generalist","Taylor & Francis Group","For-profit","Hybrid","2011","UK","","","https://www.tandfonline.com/journals/njhn20","0.209","Q2 (History and Philosophy of Science)","34","No"
"Journal of the International AIDS Society","Immunology - Virology","John Wiley & Sons","For-profit associated with a society","OA","2297","USA","International AIDS Society","Society/Association","https://onlinelibrary.wiley.com/journal/17582652","1.923","Q1 (Infectious Diseases; Public Health, Environmental and Occupational Health)","97","No"
"Journal of the International Neuropsychological Society","Neurosciences - Cognitive Neuroscience","Cambridge University Press (CUP)","University Press associated with a society","","","UK","International Neuropsychological Society","Society/Association","https://www.cambridge.org/core/journals/journal-of-the-international-neuropsychological-society","0.869","Q2 (Clinical Psychology; Neurology; Neuroscience; Psychiatry and Mental Health)","155","No"
"Journal of the Lepidopterists' Society","Ecology & Evolution - Zoology","The Lepidopterists' Society","Non-profit","Subscription","","USA","The Lepidopterists' Society","Society/Association","https://www.lepsoc.org/content/journal","0.24","Q3 (Animal Science and Zoology; Ecology)","24","No"
"Journal of the Marine Biological Association of the United Kingdom","Ecology & Evolution - Applied Ecology","Cambridge University Press (CUP)","University Press","Hybrid","2681","UK","Marine Biological Association UK","Non-profit","https://www.cambridge.org/core/journals/journal-of-the-marine-biological-association-of-the-united-kingdom","0.346","Q3 (Aquatic Science)","84","No"
"Journal of the National Cancer Institute","Cancer - Generalist","Oxford University Press (OUP)","University Press","Hybrid","4737","UK","","","https://academic.oup.com/jnci","3.786","Q1 (Cancer Research; Oncology)","403","No"
"Journal of the National Comprehensive Cancer Network","Cancer - Generalist","National Comprehensive Cancer Network","Non-profit","Subscription","","USA","National Comprehensive Cancer Network","Non-profit","https://jnccn.org/view/journals/jnccn/jnccn-overview.xml","5.992","Q1 (Medicine; Oncology)","173","No"
"Journal of the National Medical Association","Generalist - Clinical/Medicine","Elsevier","For-profit associated with a society","OA","2661","Netherlands","National Medical Association","Society/Association","https://www.sciencedirect.com/journal/journal-of-the-national-medical-association","0.804","Q2 (Medicine)","91","No"
"Journal of the National Museum (Prague) Natural History Series","Ecology & Evolution - Genetics","National Museum of Prague","Non-profit","OA diamond","0","Czech Republic","National Museum of Prague","University/Government","https://publikace.nm.cz/en/periodicals/jotnmpnhs","","","","No"
"Journal of the Neurological Sciences","Neurosciences - Clinical Neuroscience","Elsevier","For-profit associated with a society","Hybrid","2992","Netherlands","World Federation of Neurology","Society/Association","https://www.sciencedirect.com/journal/journal-of-the-neurological-sciences","1.04","Q1 (Neurology)","163","No"
"Journal of Theoretical Biology","Generalist","Elsevier","For-profit","Hybrid","2670","Netherlands","","","https://www.sciencedirect.com/journal/journal-of-theoretical-biology","0.55","Q2 (Agricultural and Biological Sciences; Applied Mathematics; Biochemistry, Genetics and Molecular Biology; Immunology and Microbiology; Medicine; Modeling and Simulation; Statistics and Probability)","184","No"
"Journal of the Pediatric Infectious Diseases Society","Immunology - Immunopathology","Oxford University Press (OUP)","University Press associated with a society","Hybrid","3086","UK","Pediatric Infectious Diseases Society","Society/Association","https://academic.oup.com/jpids","0.981","Q1 (Infectious Diseases; Medicine; Pediatrics, Perinatology and Child Health)","59","No"
"Journal of the Peripheral Nervous System","Neurosciences - Neurophysiology","John Wiley & Sons","For-profit associated with a society","Hybrid","1881","USA","Peripheral Nerve Society","Society/Association","https://onlinelibrary.wiley.com/journal/15298027","0.941","Q1 (Medicine)","82","No"
"Journal of The Royal Society Interface","Ecology & Evolution - Theory; Generalist","The Royal Society","Non-profit","Hybrid","2759","UK","The Royal Society","Society/Association","https://royalsocietypublishing.org/journal/rsif","0.919","Q1 (Biophysics)","186","No"
"Journal of the Royal Society of Medicine","Generalist - Clinical/Medicine","Sage Publishing","For-profit associated with a society","OA","1279","USA","The Royal Society of Medicine","Society/Association","https://journals.sagepub.com/home/jrs","0.913","Q1 (Medicine)","102","No"
"Journal of the Royal Statistical Society Series A: Statistics in Society","Ecology & Evolution - Theory","Oxford University Press (OUP)","University Press associated with a society","Hybrid","3000","UK","Royal Statistical Society","Society/Association","https://academic.oup.com/jrsssa","0.89","Q1 (Social Sciences; Statistics and Probability; Statistics, Probability and Uncertainty)","101","No"
"Journal of Thoracic Oncology","Cancer - Thoracic and Respiratory Cancer","Elsevier","For-profit associated with a society","Hybrid","2374","Netherlands","International Association for the Study of Lung Cancer (IASLC)","Society/Association","https://www.jto.org/","7.497","Q1 (Medicine; Oncology; Pulmonary and Respiratory Medicine)","204","No"
"Journal of Threatened Taxa","Ecology & Evolution - Applied Ecology","Wildlife Information Liaison Development","Non-profit","OA","196","India","Wildlife Information Liaison Development","Society/Association","https://www.threatenedtaxa.org/index.php/JoTT/aims_scope","0.225","Q3 (Animal Science and Zoology; Nature and Landscape Conservation)","19","No"
"Journal of Toxicologic Pathology","Immunology - Immunotoxicology","J-STAGE","Non-profit","","","Japan","Japanese Society of Toxicologic Pathology","Society/Association","https://www.jstage.jst.go.jp/browse/tox/","0.306","Q3 (Pathology and Forensic Medicine)","40","No"
"Journal of Translational Autoimmunity","Immunology - Autoimmunity","Elsevier","For-profit","OA","2461","Netherlands","","","https://www.sciencedirect.com/journal/journal-of-translational-autoimmunity","1.172","Q2 (Immunology; Immunology and Allergy)","32","No"
"Journal of Vector Ecology","Ecology & Evolution - Health","John Wiley & Sons","For-profit associated with a society","OA","440","USA","Society for Vector Ecology","Society/Association","https://onlinelibrary.wiley.com/journal/19487134","0.352","Q3 (Ecology; Ecology, Evolution, Behavior and Systematics)","63","No"
"Journal of Vegetation Science","Ecology & Evolution - Plants","John Wiley & Sons","For-profit associated with a society","Hybrid","4022","USA","International Association for Vegetation Science","Society/Association","https://onlinelibrary.wiley.com/journal/16541103","1.064","Q1 (Ecology; Plant Science)","143","No"
"Journal of Vertebrate Biology","Ecology & Evolution - Zoology","Czech Academy of Sciences","Non-profit","OA diamond","0","Czech Republic","Czech Academy of Sciences","University/Government","https://www.jvertbiol.cz/","0.462","Q2 (Animal Science and Zoology; Aquatic Science; Ecology, Evolution, Behavior and Systematics)","44","No"
"Journal of Viral Hepatitis","Immunology - Virology","John Wiley & Sons","For-profit","Hybrid","2818","USA","","","https://onlinelibrary.wiley.com/journal/13652893","0.871","Q2 (Hepatology; Infectious Diseases; Virology)","113","No"
"Journal of Virological Methods","Immunology - Virology","Elsevier","For-profit","Hybrid","2823","Netherlands","","","https://www.sciencedirect.com/journal/journal-of-virological-methods","0.459","Q3 (Virology)","123","No"
"Journal of Virology","Ecology & Evolution - Health; Immunology - Virology","American Society for Microbiology (ASM)","Non-profit","Hybrid","1468","USA","American Society for Microbiology (ASM)","Society/Association","https://journals.asm.org/journal/jvi","1.301","Q1 (Insect Science; Microbiology; Virology)","338","No"
"Journal of Virus Eradication","Immunology - Virology","Elsevier","For-profit","OA","1826","UK","","","https://www.sciencedirect.com/journal/journal-of-virus-eradication","0.621","Q2 (Epidemiology; Infectious Diseases; Public Health, Environmental and Occupational Health; Virology)","22","No"
"Journal of Vision","Neurosciences - Sensory Neuroscience","The Association for Research in Vision and Ophtalmology (ARVO)","Non-profit","OA","2081","USA","The Association for Research in Vision and Ophtalmology (ARVO)","Society/Association","https://jov.arvojournals.org/","0.733","Q2 (Ophthalmology; Sensory Systems)","144","No"
"Journal of Visual Impairment and Blindness","Neurosciences - Sensory Neuroscience","Sage Publishing","For-profit associated with a society","","","USA","American Foundation for the Blind (AFB)","Non-profit","https://journals.sagepub.com/home/jvb","0.302","Q3 (Ophthalmology; Rehabilitation)","55","No"
"Journal of Visualized Experiments","Generalist; Molecular & Cellular Biology - Methodology and Experimental Techniques","Journal of Visualized Experiments (JoVE)","For-profit","Hybrid","2887","USA","","","https://www.jove.com/research/journal","0.409","Q2 (Chemical Engineering)","152","No"
"Journal of Wildlife Diseases","Ecology & Evolution - Health; Immunology - Veterinary Immunology","Wildlife Disease Association (WDA)","Non-profit","Hybrid","1403","USA","Wildlife Disease Association (WDA)","Society/Association","https://wildlifedisease.site-ym.com/page/JWD","0.426","Q2 (Ecology; Ecology, Evolution, Behavior and Systematics)","86","No"
"Journal of Wildlife Management","Ecology & Evolution - Genetics","John Wiley & Sons","For-profit associated with a society","Hybrid","2062","USA","The Wildlife Society","Society/Association","https://wildlife.onlinelibrary.wiley.com/journal/19372817?tabActivePane=undefined","0.734","Q1 (Ecology; Ecology, Evolution, Behavior and Systematics; Nature and Landscape Conservation)","133","No"
"Journal of Zoology","Ecology & Evolution - Zoology","John Wiley & Sons","For-profit associated with a society","Hybrid","4170","USA","Zoological Society of London","Society/Association","https://zslpublications.onlinelibrary.wiley.com/journal/14697998","0.674","Q1 (Animal Science and Zoology)","119","No"
"Judgment and Decision Making","Neurosciences - Cognitive Neuroscience","Cambridge University Press (CUP)","University Press associated with a society","OA","3675","UK","Society for Judgment and Decision Making; European Association for Decision Making","Society/Association","https://www.cambridge.org/core/journals/judgment-and-decision-making","1.064","Q1 (Decision Sciences)","82","PCI friendly"
"Knowledge and Management of Aquatic Ecosystems","Ecology & Evolution - Theory","China Science Publishing & Media (EDP Sciences)","For-profit associated with a society","OA diamond","0","China","Office Francais de la Biodiversite","University/Government","https://www.kmae-journal.org/","0.475","Q2 (Aquatic Science; Ecology; Nature and Landscape Conservation; Water Science and Technology)","41","No"
"Landscape Ecology","Ecology & Evolution - Applied Ecology","Springer Nature","For-profit associated with a society","Hybrid","3129","Germany / UK","International Association for Landscape Ecology","Society/Association","https://www.springer.com/journal/10980","1.211","Q1 (Ecology; Geography, Planning and Development; Nature and Landscape Conservation)","162","No"
"Language and Cognition","Neurosciences - Cognitive Neuroscience","Cambridge University Press (CUP)","University Press associated with a society","OA","","UK","UK Cognitive Linguistics Association","Society/Association","https://www.cambridge.org/core/journals/language-and-cognition","0.613","Q1 (Linguistics and Language)","23","No"
"Language and Speech","Neurosciences - Cognitive Neuroscience","Sage Publishing","For-profit","Hybrid","286","USA","","","https://journals.sagepub.com/home/las","0.521","Q1 (Linguistics and Language)","67","No"
"Language, Cognition and Neuroscience","Neurosciences - Cognitive Neuroscience","Taylor & Francis Group","For-profit","Hybrid","1007","USA","","","https://www.tandfonline.com/journals/plcp21","0.845","Q1 (Linguistics and Language)","102","No"
"Lankesteriana","Ecology & Evolution - Genetics; Plants - Generalist","Lankester Botanical Garden (University of Costa Rica)","University Press","Subscription","","Costa Rica","Lankester Botanical Garden (University of Costa Rica)","University/Government","https://www.lankesteriana.org/","0.368","Q2 (Plant Science)","20","No"
"La psychiatrie de l'enfant","Development - Neuroscience; Neurosciences - Developmental Neuroscience","Presses Universitaires de France (PUF)","University Press","","","France","","University/Government","https://www.puf.com/psychiatrie-de-lenfant-la","","","","No"
"La revue neurologique","Neurosciences - Clinical Neuroscience","Elsevier","For-profit associated with a society","OA","1684","Netherlands","Société Française de Neurologie","Society/Association","https://www.sciencedirect.com/journal/revue-neurologique","0.757","Q2 (Neurology)","65","No"
"Learning and Memory","Neurosciences - Cognitive Neuroscience","Cold Spring Harbor (CSH) Laboratory Press","Non-profit","Hybrid","1579","USA","Cold Spring Harbor (CSH) Laboratory Press","","https://learnmem.cshlp.org/","0.839","Q2 (Cognitive Neuroscience; Neuropsychology and Physiological Psychology)","156","No"
"Learning and Motivation","Neurosciences - Cognitive Neuroscience","Elsevier","For-profit","Hybrid","2260","Netherlands","","","https://www.sciencedirect.com/journal/learning-and-motivation","0.91","Q1 (Education; Health; Neuropsychology and Physiological Psychology)","55","No"
"L'encéphale","Neurosciences - Clinical Neuroscience","Elsevier","For-profit","Hybrid","1317","Netherlands","","","https://www.sciencedirect.com/journal/lencephale","0.449","Q1 (Arts and Humanities)","57","No"
"Leprosy Review","Immunology - Immunopathology","Lepra","Non-profit","OA","","UK","British Leprosy Relief Association; Associazione Italiana Amici di Raoul Follereau (AIFO); The Leprosy Mission International; Hope Rises International; Leprosy Relief Canada; German Leprosy and Tuberculosis Relief Association; Damien Foundation Belgium; FAIRMED; Fontilles; Fondation Raoul Follereau; Sasakawa Foundation; NLR International (Netherlands Leprosy Relief)","Society/Association","https://leprosyreview.org/","0.295","Q3 (Dermatology; Infectious Diseases; Medicine)","53","No"
"Letters in Applied Microbiology","Ecology & Evolution - Microbiology; Molecular & Cellular Biology - Microbiology and Infectious Diseases","Oxford University Press (OUP)","For-profit associated with a society","Hybrid","2604","USA","Society for Applied Microbiology","Society/Association","https://sfamjournals.onlinelibrary.wiley.com/journal/1472765x","0.495","Q3 (Applied Microbiology and Biotechnology)","138","PCI friendly"
"Leukemia","Cancer - Hematopoietic and Cardiovascular Cancer","Springer Nature","For-profit","Hybrid","2552","Germany / UK","","","https://www.nature.com/leu/","3.675","Q1 (Anesthesiology and Pain Medicine; Cancer Research; Hematology; Oncology)","235","No"
"Leukemia and Lymphoma","Cancer - Hematopoietic and Cardiovascular Cancer","Taylor & Francis Group","For-profit","Hybrid","3393","UK","","","https://www.tandfonline.com/journals/ilal20","0.861","Q2 (Hematology; Oncology)","109","No"
"Leukemia Research","Cancer - Hematopoietic and Cardiovascular Cancer","Elsevier","For-profit associated with a society","Hybrid","2203","Netherlands","Myelodysplastic Syndromes Foundation","Non-profit","https://www.sciencedirect.com/journal/leukemia-research","0.876","Q2 (Hematology; Oncology)","100","No"
"Life Science Alliance","Generalist","Life Science Alliance LLC (commonly owned by EMBO press, Rockefeller University Press, CSH Laboratory Press)","Non-profit","OA","3686","USA","","","https://www.life-science-alliance.org/","1.498","Q1 (Biochemistry, Genetics and Molecular Biology; Ecology; Health, Toxicology and Mutagenesis; Plant Science)","49","No"
"Life Sciences","Generalist","Elsevier","For-profit","OA","3173","Netherlands","","","https://www.sciencedirect.com/journal/life-sciences","1.487","Q1 (Biochemistry, Genetics and Molecular Biology; Medicine; Pharmacology, Toxicology and Pharmaceutics)","211","No"
"Lindbergia","Ecology & Evolution - Basic Ecology; Plants - Generalist","Dutch Bryological and Lichenological Society / Nordic Bryological Society","Non-profit","OA diamond","0","Sweden","Dutch Bryological and Lichenological Society / Nordic Bryological Society","Society/Association","https://www.lindbergia.org/","0.289","Q3 (Ecology, Evolution, Behavior and Systematics; Plant Science)","21","No"
"Lipids","Molecular & Cellular Biology - Biochemistry and Molecular Biology","John Wiley & Sons","For-profit associated with a society","Hybrid","2220","USA","American Oil Chemists' Society (AOCS)","Society/Association","https://aocs.onlinelibrary.wiley.com/journal/15589307","0.427","Q3 (Biochemistry; Organic Chemistry)","137","No"
"Liver Cancer","Cancer - Gastrointestinal cancer","Karger Publishers","For-profit associated with a society","OA","2750","Switzerland","Eastern & Western Association Liver Tumors","Society/Association","https://karger.com/LIC","3.334","Q1 (Hepatology; Oncology)","69","No"
"Liver Transplantation","Immunology - Transplant Immunology","Wolters Kluwer (Lippincott)","For-profit associated with a society","Hybrid","1121","Netherlands / USA","American Association for the Study of Liver Diseases (AASLD)","Society/Association","https://journals.lww.com/lt/Pages/default.aspx","1.231","Q1 (Hepatology; Surgery; Transplantation)","177","No"
"Lung Cancer","Cancer - Thoracic and Respiratory Cancer","Elsevier","For-profit associated with a society","Hybrid","2820","Netherlands","European Society for Medical Oncology; ETOP IBCSG Partners Foundation; British Thoracic Oncology Group","Society/Association","https://www.sciencedirect.com/journal/lung-cancer","1.928","Q1 (Cancer Research; Oncology; Pulmonary and Respiratory Medicine)","160","No"
"Lupus","Immunology - Autoimmunity","Sage Publishing","For-profit","Hybrid","595","USA","","","https://journals.sagepub.com/home/lup","0.657","Q2 (Rheumatology)","126","No"
"Lupus Science and Medicine","Immunology - Autoimmunity","BMJ Group","Non-profit","OA","1557","UK","Lupus Foundation of America (LFA)","Non-profit","https://lupus.bmj.com/","1.442","Q1 (Immunology; Medicine; Rheumatology)","49","No"
"Lymphology","Immunology - Generalist/Classical Immunology","University of Arizona Libraries","University Press associated with a society","OA","","USA","International Society of Lymphology","Society/Association","https://journals.librarypublishing.arizona.edu/lymph/","0.47","Q3 (Hematology; Immunology and Allergy)","55","No"
"Macromolecular Bioscience","Molecular & Cellular Biology - Biotechnology and Bioengineering","John Wiley & Sons","For-profit","Hybrid","2412","USA","","","https://onlinelibrary.wiley.com/journal/16165195","0.81","Q1 (Materials Chemistry; Polymers and Plastics)","129","No"
"Magnetic Resonance Imaging","Generalist - Methods","Elsevier","For-profit","Hybrid","2500","Netherlands","","","https://www.sciencedirect.com/journal/magnetic-resonance-imaging","0.6","Q2 (Biomedical Engineering; Biophysics; Radiology, Nuclear Medicine and Imaging)","130","No"
"Magnetic Resonance Imaging Clinics of North America","Generalist - Methods","Elsevier","For-profit","Hybrid","2696","Netherlands","","","https://www.sciencedirect.com/journal/magnetic-resonance-imaging-clinics-of-north-america","0.571","Q2 (Radiology, Nuclear Medicine and Imaging)","60","No"
"Magnetic Resonance in Medical Sciences","Generalist - Methods","J-STAGE","Non-profit","OA diamond","0","Japan","Japanese Society for Magnetic Resonance in Medicine","Society/Association","https://www.jstage.jst.go.jp/browse/mrms","1.247","Q1 (Radiology, Nuclear Medicine and Imaging)","53","No"
"Magnetic Resonance in Medicine","Generalist - Methods","John Wiley & Sons","For-profit associated with a society","Hybrid","2673","USA","International Society for Magnetic Resonance in Medicine","Society/Association","https://onlinelibrary.wiley.com/journal/15222594","1.141","Q1 (Radiology, Nuclear Medicine and Imaging)","262","No"
"Malacologia","Ecology & Evolution - Zoology","Institute of Malacology","Non-profit","Subscription","","USA","Institute of Malacology","Non-profit","https://instituteofmalacology.org/","0.263","Q3 (Animal Science and Zoology; Ecology, Evolution, Behavior and Systematics)","42","No"
"Malaria Journal","Immunology - Immunopathology","Springer Nature (BioMed Central)","For-profit","OA","2386","UK","","","https://malariajournal.biomedcentral.com/","1.326","Q1 (Infectious Diseases; Parasitology)","131","No"
"Malaysian Journal of Pathology","Immunology - Immunopathology","College of Pathologists, Academy of Medicine of Malaysia (AMM)","Non-profit","","","Malaysia","College of Pathologists, Academy of Medicine of Malaysia (AMM)","","https://www.mjpath.org.my/","0.285","Q3 (Medicine; Pathology and Forensic Medicine)","29","No"
"Malimbus","Ecology & Evolution - Zoology","West African Ornithological Society","Non-profit","Subscription","","Nigeria","West African Ornithological Society","Society/Association","https://malimbus.org/en/contindx.html","","","","No"
"Mammalian Biology","Ecology & Evolution - Zoology","Springer Nature","For-profit associated with a society","Hybrid","2519","Germany / UK","German Society for Mammalian Biology","Society/Association","https://www.springer.com/journal/42991","0.595","Q1 (Animal Science and Zoology)","59","No"
"Mammalian Genome","Ecology & Evolution - Genetics; Genetics & Genomics - Genomics","Springer Nature","For-profit associated with a society","Hybrid","2645","Germany / UK","International Mammalian Genome Society","Society/Association","https://link.springer.com/journal/335","0.818","Q2 (Genetics)","109","No"
"Mammal Review","Ecology & Evolution - Zoology","John Wiley & Sons","For-profit associated with a society","Hybrid","1705","USA","The Mammal Society","Society/Association","https://onlinelibrary.wiley.com/journal/13652907","1.431","Q1 (Agricultural and Biological Sciences; Animal Science and Zoology; Ecology, Evolution, Behavior and Systematics)","99","No"
"Mammal Study","Ecology & Evolution - Zoology","Mammal Society of Japan","Non-profit","Hybrid","","Japan","Mammal Society of Japan","Society/Association","https://bioone.org/journals/mammal-study","0.405","Q2 (Animal Science and Zoology)","26","No"
"Management of Biological Invasions","Ecology & Evolution - Applied Ecology","Regional Euro-Asian Biological Invasions Center (European Union)","Non-profit","OA","1229","Finland","International Association for Open Knowledge on Invasive Alien Species","Non-profit","https://www.reabic.net/journals/mbi/Default.aspx","0.545","Q2 (Ecology; Ecology, Evolution, Behavior and Systematics; Management, Monitoring, Policy and Law)","37","No"
"Marine Ecology Progress Series","Ecology & Evolution - Applied Ecology","Inter-Research","For-profit associated with a society","Hybrid","1805","Germany","International Ecology Institute","University/Government","https://www.int-res.com/journals/meps/meps-home/","0.734","Q1 (Aquatic Science; Ecology, Evolution, Behavior and Systematics)","232","No"
"Marine Mammal Science","Ecology & Evolution - Zoology","John Wiley & Sons","For-profit associated with a society","Hybrid","2516","USA","Society for Marine Mammalogy","Society/Association","https://onlinelibrary.wiley.com/journal/17487692","0.619","Q2 (Aquatic Science; Ecology, Evolution, Behavior and Systematics)","100","No"
"Mastozoologia Neotropical","Ecology & Evolution - Zoology","Sociedade Brasileira de Mastozoologia / Sociedad Argentina para el Estudio de los Mamiferos","Non-profit","OA","","Brazil","Sociedade Brasileira de Mastozoologia / Sociedad Argentina para el Estudio de los Mamiferos","Society/Association","https://mn.sarem.org.ar/","0.202","Q4 (Animal Science and Zoology)","24","No"
"Maternal & Child Nutrition","Development - Pregnancy and Embryology","John Wiley & Sons","For-profit","OA","3227","USA","","","https://onlinelibrary.wiley.com/journal/17408709","1.044","Q1 (Nutrition and Dietetics; Obstetrics and Gynecology; Pediatrics, Perinatology and Child Health; Public Health, Environmental and Occupational Health)","93","No"
"Mathematical Biosciences","Generalist - Mathematical Biology","Elsevier","For-profit","Hybrid","2019","Netherlands","","","https://www.sciencedirect.com/journal/mathematical-biosciences","0.703","Q1 (Agricultural and Biological Sciences)","118","No"
"mBio","Ecology & Evolution - Microbiology; Molecular & Cellular Biology - Microbiology and Infectious Diseases","American Society for Microbiology (ASM)","Non-profit","OA","3697","USA","American Society for Microbiology (ASM)","Society/Association","https://journals.asm.org/journal/mbio","2.002","Q1 (Microbiology; Virology)","193","No"
"Mechanisms of Ageing and Development","Anatomy & Physiology - Aging; Development - Aging","Elsevier","For-profit associated with a society","Hybrid","3891","Netherlands","European Society of Preventive, Regenerative and Anti-aging Medicine (ESAAM)","Society/Association","https://www.journals.elsevier.com/mechanisms-of-ageing-and-development","1.897","Q1 (Aging; Developmental Biology)","146","No"
"Mechanisms of Development","Development - Generalist","Elsevier","For-profit associated with a society","Hybrid","2427","Netherlands","The International Society of Developmental Biologists","Society/Association","https://www.journals.elsevier.com/mechanisms-of-development","","","","No"
"Med","Generalist - Clinical/Medicine","Elsevier (Cell Press)","For-profit","Hybrid","7720","USA","","","https://www.sciencedirect.com/journal/med","4.341","Q1 (Medicine)","52","No"
"Médecine","Generalist - Clinical/Medicine","John Libbey Eurotext","For-profit","","","France","","","https://www.jle.com/fr/revues/med/revue.phtml","","","","No"
"Médecine du Sommeil","Neurosciences - Generalist","Elsevier","For-profit associated with a society","","","Netherlands","Société française de Recherche et Médecine du Sommeil","Society/Association","https://www.sciencedirect.com/journal/medecine-du-sommeil","","","","No"
"Médecine et Santé Tropicales","Immunology - Clinical Immunology","John Libbey Eurotext","For-profit","","","France","","","https://www.jle.com/fr/revues/mst/revue.phtml","","","","No"
"Médecine/Sciences","Generalist - Clinical/Medicine","China Science Publishing & Media (EDP Sciences)","For-profit associated with a society","","","France / China","Inserm/Société de la revue médecine/sciences (SRMS)","Society/Association","https://www.medecinesciences.org","0.165","Q4 (Biochemistry, Genetics and Molecular Biology; Medicine)","33","No"
"Médecine Tropicale et Santé Internationale","Immunology - Clinical Immunology","Société francophone de médecine tropicale et santé internationale","Non-profit","OA diamond","0","France","Société francophone de médecine tropicale et santé internationale (ancienne SPE)","Society/Association","https://revuemtsi.societe-mtsi.fr","0.222","Q3 (Pathology and Forensic Medicine)","44","No"
"Mediators of Inflammation","Immunology - Inflammation","John Wiley & Sons","For-profit","OA","1885","UK","","","https://onlinelibrary.wiley.com/journal/4792","1.235","Q2 (Cell Biology; Immunology)","154","No"
"Medical and Veterinary Entomology","Ecology & Evolution - Health","John Wiley & Sons","For-profit associated with a society","Hybrid","2730","USA","Royal Entomological Society","Society/Association","https://www.royensoc.co.uk/shop/publications/journals/medical-and-veterinary-entomology/","0.608","Q1 (Insect Science; Veterinary)","98","No"
"Medical Clinics of North America","Generalist - Clinical/Medicine","Elsevier","For-profit","Hybrid","2746","Netherlands","","","https://www.sciencedirect.com/journal/medical-clinics-of-north-america","1.397","Q1 (Medicine)","122","No"
"Medical Journal of Australia","Generalist - Clinical/Medicine","John Wiley & Sons","For-profit associated with a society","OA","2352","USA","Australasian Medical Association","Society/Association","https://www.mja.com.au/","1.454","Q1 (Medicine)","163","No"
"Medical Microbiology and Immunology","Immunology - Clinical Immunology; Molecular & Cellular Biology - Immunology and Cellular Immunology","Springer Nature","For-profit","Hybrid","2642","Germany / UK","","","https://link.springer.com/journal/430","0.823","Q2 (Immunology; Immunology and Allergy; Medicine; Microbiology)","77","No"
"Medical Molecular Morphology","Molecular & Cellular Biology - Clinical and Medical Sciences","Springer Nature","For-profit associated with a society","Hybrid","2990","Germany / UK","Japanese Society for Clinical Molecular Morphology","Society/Association","https://link.springer.com/journal/795","0.494","Q2 (Pathology and Forensic Medicine)","51","No"
"Medical Mycology","Immunology - Clinical Immunology","Oxford University Press (OUP)","University Press","Hybrid","3974","UK","","","https://academic.oup.com/mmy","0.721","Q1 (Veterinary)","115","No"
"Medicinal Research Reviews","Generalist - Clinical/Medicine","John Wiley & Sons","For-profit","Hybrid","3077","USA","","","https://onlinelibrary.wiley.com/journal/10981128","3.265","Q1 (Drug Discovery; Molecular Medicine; Pharmacology)","167","No"
"Medicine and Science in Sports and Exercise","Generalist - Clinical/Medicine","American Chemical Society (ACS)","Non-profit","Hybrid","4037","USA","","","https://acsm.org/education-resources/journals/medicine-science-in-sports-exercise/","1.481","Q1 (Orthopedics and Sports Medicine; Physical Therapy, Sports Therapy and Rehabilitation; Sports Science)","280","No"
"Mediterranean Botany","Ecology & Evolution - Genetics; Plants - Generalist","University Complutense of Madrid","University Press","OA diamond","0","Spain","Universidad Complutense Madrid","University/Government","https://revistas.ucm.es/index.php/MBOT","0.375","Q2 (Plant Science)","21","No"
"Mediterranean Journal of Hematology and Infectious Diseases","Immunology - Immunopathology","PAGEPress Publications","For-profit associated with a society","OA","459","Italy","Università Cattolica del Sacro Cuore","University/Government","https://www.mjhid.org/index.php/mjhid","0.539","Q3 (Hematology; Infectious Diseases)","47","No"
"Mediterranean Marine Science","Ecology & Evolution - Applied Ecology","Hellenic Centre for Marine Research","Non-profit","OA diamond","0","Greece","Hellenic Centre for Marine Research","University/Government","https://ejournals.epublishing.ekt.gr/index.php/hcmr-med-mar-sc/","0.632","Q2 (Aquatic Science; Ecology, Evolution, Behavior and Systematics; Environmental Engineering; Oceanography)","56","No"
"Mémoires du Muséum d'histoire naturelle","Ecology & Evolution - Genetics","Muséum national d'Histoire naturelle (MNHN)","Non-profit","Subscription","","France","Museum National d'Histoire Naturelle","University/Government","https://sciencepress.mnhn.fr/fr/collections/memoires-du-museum-national-d-histoire-naturelle","","","","No"
"Memory","Neurosciences - Cognitive Neuroscience","Taylor & Francis Group","For-profit","Hybrid","3385","UK","","","https://www.tandfonline.com/journals/pmem20","0.773","Q1 (Arts and Humanities)","114","No"
"Memory & Cognition","Neurosciences - Cognitive Neuroscience","Springer Nature","For-profit","Hybrid","2445","Germany","","","https://link.springer.com/journal/13421","1.078","Q1 (Arts and Humanities; Experimental and Cognitive Psychology; Medicine; Neuropsychology and Physiological Psychology)","152","No"
"Metabolic Brain Disease","Molecular & Cellular Biology - Neuroscience and Neurobiology; Neurosciences - Molecular and Cellular Neuroscience","Springer Nature","For-profit","Hybrid","2466","Germany / UK","","","https://link.springer.com/journal/11011","0.995","Q2 (Biochemistry; Cellular and Molecular Neuroscience; Neurology)","87","No"
"Metabolism","Molecular & Cellular Biology - Biochemistry and Molecular Biology","Elsevier","For-profit","Hybrid","2684","Netherlands","","","https://www.sciencedirect.com/journal/metabolism","4.328","Q1 (Endocrinology; Endocrinology, Diabetes and Metabolism)","184","No"
"Metabolomics","Molecular & Cellular Biology - Biochemistry and Molecular Biology","Springer Nature","For-profit","Hybrid","2931","Germany / UK","","","https://link.springer.com/journal/11306","0.936","Q2 (Biochemistry; Clinical Biochemistry; Endocrinology, Diabetes and Metabolism)","107","No"
"Methods","Generalist - Methods","Elsevier","For-profit","Hybrid","3072","Netherlands","","","https://www.sciencedirect.com/journal/methods","0.818","Q2 (Biochemistry, Genetics and Molecular Biology)","183","No"
"Methods in Ecology and Evolution","Ecology & Evolution - Theory; Generalist - Methods","John Wiley & Sons","For-profit associated with a society","OA","2684","UK","British Ecological Society","Society/Association","https://besjournals.onlinelibrary.wiley.com/journal/2041210X","2.606","Q1 (Ecological Modeling; Ecology, Evolution, Behavior and Systematics)","191","No"
"Microbes and Infection","Molecular & Cellular Biology - Microbiology and Infectious Diseases","Elsevier","For-profit associated with a society","Hybrid","1275","Netherlands","Institut Pasteur","University/Government","https://www.pasteur.fr/fr/ceris/publications-scientifiques/microbes-infection","0.874","Q2 (Immunology; Infectious Diseases; Microbiology)","165","No"
"Microbial Biotechnology","Molecular & Cellular Biology - Microbiology and Infectious Diseases","John Wiley & Sons","For-profit","OA","2811","UK","Applied Microbiology International (AMI)","","https://enviromicro-journals.onlinelibrary.wiley.com/journal/17517915","1.392","Q1 (Applied Microbiology and Biotechnology; Biochemistry; Bioengineering; Biotechnology)","120","No"
"Microbial Drug Resistance","Immunology - Immunopathology; Molecular & Cellular Biology - Microbiology and Infectious Diseases","Sage Publishing (Mary Ann Liebert)","For-profit","Hybrid","2768","USA","","","https://home.liebertpub.com/publications/microbial-drug-resistance/44/overview","0.605","Q2 (Medicine)","80","No"
"Microbial Ecology","Molecular & Cellular Biology - Microbiology and Infectious Diseases","Springer Nature","For-profit","OA","3468","Germany / UK","","","https://link.springer.com/journal/248","1.118","Q1 (Ecology; Ecology, Evolution, Behavior and Systematics; Soil Science)","161","No"
"Microbial Genomics","Ecology & Evolution - Genetics; Genetics & Genomics - Genomics; Molecular & Cellular Biology - Microbiology and Infectious Diseases","Microbiology Society","Non-profit","OA","2156","UK","Microbiology Society","Society/Association","https://www.microbiologyresearch.org/content/journal/mgen","1.575","Q1 (Epidemiology; Genetics; Microbiology; Molecular Biology)","62","No"
"Microbial Pathogenesis","Immunology - Immunopathology; Molecular & Cellular Biology - Microbiology and Infectious Diseases","Elsevier","For-profit","Hybrid","2485","Netherlands","","","https://www.sciencedirect.com/journal/microbial-pathogenesis","0.936","Q2 (Infectious Diseases; Microbiology)","119","No"
"Microbiological Research","Molecular & Cellular Biology - Microbiology and Infectious Diseases","Elsevier","For-profit","Hybrid","4006","Netherlands","","","https://www.sciencedirect.com/journal/microbiological-research","1.872","Q1 (Microbiology)","141","No"
"Microbiology","Ecology & Evolution - Microbiology; Molecular & Cellular Biology - Microbiology and Infectious Diseases","Microbiology Society","Non-profit","Hybrid","2759","UK","Microbiology Society","Society/Association","https://www.microbiologyresearch.org/content/journal/micro","1.242","Q1 (Microbiology)","215","No"
"Microbiology and Immunology","Immunology - Immunopathology; Molecular & Cellular Biology - Microbiology and Infectious Diseases","John Wiley & Sons","For-profit associated with a society","Hybrid","2270","USA","Japanese Society for Bacteriology; Japanese Society for Virology; Japanese Society for Host Defense Research","Society/Association","https://onlinelibrary.wiley.com/journal/13480421","0.657","Q2 (Virology)","89","No"
"Microbiology and Molecular Biology Reviews","Molecular & Cellular Biology - Microbiology and Infectious Diseases","American Society for Microbiology (ASM)","Non-profit","","","USA","American Society for Microbiology (ASM)","Society/Association","https://journals.asm.org/journal/mmbr","3.769","Q1 (Immunology and Microbiology; Infectious Diseases; Microbiology; Molecular Biology)","293","No"
"Microbiology Outlooks","Molecular & Cellular Biology - Microbiology and Infectious Diseases","Microbiology Society","Non-profit","","","UK","Microbiology Society","Society/Association","https://www.microbiologyresearch.org/content/journal/mout","","","","No"
"Microbiology Resource Announcements","Ecology & Evolution - Microbiology; Immunology - Immunopathology; Molecular & Cellular Biology - Microbiology and Infectious Diseases","American Society for Microbiology (ASM)","Non-profit","OA","1031","USA","American Society for Microbiology (ASM)","Society/Association","https://journals.asm.org/journal/mra","0.254","Q3 (Immunology and Microbiology)","51","No"
"Microbiology Spectrum","Ecology & Evolution - Microbiology; Molecular & Cellular Biology - Microbiology and Infectious Diseases","American Society for Microbiology (ASM)","Non-profit","OA","3061","USA","American Society for Microbiology (ASM)","Society/Association","https://journals.asm.org/journal/spectrum","1.206","Q1 (Ecology; Immunology and Microbiology; Infectious Diseases; Microbiology; Physiology)","111","No"
"Microbiome","Molecular & Cellular Biology - Microbiology and Infectious Diseases","Springer Nature (BioMed Central)","For-profit","OA","3692","UK","","","https://microbiomejournal.biomedcentral.com/","4.166","Q1 (Microbiology)","186","No"
"microLife","Molecular & Cellular Biology - Microbiology and Infectious Diseases","Oxford University Press (OUP)","University Press associated with a society","OA","2980","UK","Federation of European Microbiological Societies (FEMS)","Society/Association","https://academic.oup.com/microlife","1.758","Q1 (Immunology and Microbiology)","16","No"
"microPublication Biology","Generalist","Caltech Library","University Press","OA","261","USA","Caltech Institute of Technology","University/Government","https://www.micropublication.org/","","","","No"
"Mindfulness","Neurosciences - Generalist","Springer Nature","For-profit","Hybrid","3147","Germany / UK","","","https://link.springer.com/journal/12671","1.315","Q1 (Applied Psychology; Developmental and Educational Psychology; Experimental and Cognitive Psychology; Health; Social Psychology)","110","No"
"Mitochondrion","Molecular & Cellular Biology - Biochemistry and Molecular Biology","Elsevier","For-profit associated with a society","Hybrid","2427","Netherlands","Japanese Society of Mitochondria Research and Medicine","Society/Association","https://www.sciencedirect.com/journal/mitochondrion","1.471","Q1 (Molecular Biology; Molecular Medicine)","119","No"
"Molecular and Cellular Biochemistry","Molecular & Cellular Biology - Biochemistry and Molecular Biology","Springer Nature","For-profit","Hybrid","2073","Germany / UK","","","https://link.springer.com/journal/11010","1.174","Q1 (Clinical Biochemistry; Medicine)","146","No"
"Molecular and Cellular Biology","Molecular & Cellular Biology - Biochemistry and Molecular Biology","Taylor & Francis Group","For-profit","Hybrid","2581","USA","","","https://www.tandfonline.com/journals/tmcb20","0.984","Q2 (Molecular Biology)","367","No"
"Molecular and Cellular Endocrinology","Molecular & Cellular Biology - Biochemistry and Molecular Biology","Elsevier","For-profit","Hybrid","2695","Netherlands","","","https://www.sciencedirect.com/journal/molecular-and-cellular-endocrinology","1.232","Q1 (Biochemistry)","181","No"
"Molecular and Cellular Neuroscience","Molecular & Cellular Biology - Neuroscience and Neurobiology; Neurosciences - Molecular and Cellular Neuroscience","Elsevier","For-profit","Hybrid","2175","Netherlands","","","https://www.sciencedirect.com/journal/molecular-and-cellular-neuroscience","1.124","Q2 (Cell Biology; Cellular and Molecular Neuroscience; Molecular Biology)","154","No"
"Molecular and Cellular Proteomics","Molecular & Cellular Biology - Biochemistry and Molecular Biology","Elsevier","For-profit associated with a society","OA","3081","Netherlands","American Society for Biochemistry and Molecular Biology","Society/Association","https://www.mcponline.org/","2.349","Q1 (Analytical Chemistry; Biochemistry; Medicine; Molecular Biology)","219","No"
"Molecular Autism","Molecular & Cellular Biology - Biochemistry and Molecular Biology; Neurosciences - Molecular and Cellular Neuroscience","Springer Nature (BioMed Central)","For-profit","OA","2852","UK","","","https://molecularautism.biomedcentral.com/","1.788","Q1 (Developmental Biology; Developmental Neuroscience; Molecular Biology; Psychiatry and Mental Health)","93","No"
"Molecular Biology and Evolution","Ecology & Evolution - Genetics; Genetics & Genomics - Generalist","Oxford University Press (OUP)","University Press associated with a society","OA","2981","UK","Society for Molecular Biology and Evolution","Society/Association","https://academic.oup.com/mbe/","2.607","Q1 (Ecology, Evolution, Behavior and Systematics; Genetics; Molecular Biology)","264","No"
"Molecular Biology of the Cell","Molecular & Cellular Biology - Biochemistry and Molecular Biology","American Society for Cell Biology","Non-profit","Hybrid","2294","USA","American Society for Cell Biology","Society/Association","https://www.molbiolcell.org/","1.441","Q2 (Cell Biology; Molecular Biology)","256","No"
"Molecular Biotechnology","Molecular & Cellular Biology - Biotechnology and Bioengineering","Springer Nature","For-profit","Hybrid","3147","Germany / UK","","","https://link.springer.com/journal/12033","0.731","Q2 (Applied Microbiology and Biotechnology; Biochemistry; Bioengineering; Biotechnology)","98","No"
"Molecular Brain","Molecular & Cellular Biology - Neuroscience and Neurobiology; Neurosciences - Molecular and Cellular Neuroscience","Springer Nature (BioMed Central)","For-profit associated with a society","OA","2528","UK","Association for the Study of Neurons and Diseases","Society/Association","https://molecularbrain.biomedcentral.com/","1.236","Q2 (Cellular and Molecular Neuroscience; Molecular Biology)","88","No"
"Molecular Cancer","Cancer - Molecular and Cellular Oncology; Molecular & Cellular Biology - Cancer and Oncology","Springer Nature (BioMed Central)","For-profit","OA","4278","UK","","","https://molecular-cancer.biomedcentral.com/","9.908","Q1 (Cancer Research; Molecular Medicine; Oncology)","242","No"
"Molecular Cancer Research","Cancer - Molecular and Cellular Oncology; Molecular & Cellular Biology - Cancer and Oncology","American Association for Cancer Research (AACR)","Non-profit","Hybrid","4117","USA","American Association for Cancer Research","Society/Association","https://aacrjournals.org/mcr","1.759","Q1 (Cancer Research; Molecular Biology; Oncology)","162","No"
"Molecular Cancer Therapeutics","Cancer - Treatment; Molecular & Cellular Biology - Cancer and Oncology","American Association for Cancer Research (AACR)","Non-profit","Hybrid","3906","USA","American Association for Cancer Research","Society/Association","https://aacrjournals.org/mct","2.392","Q1 (Cancer Research; Oncology)","212","No"
"Molecular Carcinogenesis","Cancer - Molecular and Cellular Oncology","John Wiley & Sons","For-profit","Hybrid","2793","USA","","","https://onlinelibrary.wiley.com/journal/10982744","1.048","Q2 (Cancer Research; Molecular Biology)","114","No"
"Molecular Cell","Molecular & Cellular Biology - Biochemistry and Molecular Biology","Elsevier (Cell Press)","For-profit","Hybrid","9117","USA","","","https://www.cell.com/molecular-cell","10.67","Q1 (Cell Biology; Molecular Biology)","473","No"
"Molecular Cytogenetics","Genetics & Genomics - Molecular and Cellular Genetics; Molecular & Cellular Biology - Biochemistry and Molecular Biology","Springer Nature (BioMed Central)","For-profit","OA","2426","UK","","","https://molecularcytogenetics.biomedcentral.com/","0.485","Q3 (Biochemistry; Genetics; Molecular Biology; Molecular Medicine)","42","No"
"Molecular Ecology","Ecology & Evolution - Basic Ecology","John Wiley & Sons","For-profit","Hybrid","4355","USA","","","https://onlinelibrary.wiley.com/journal/1365294x","1.429","Q1 (Ecology, Evolution, Behavior and Systematics; Genetics)","272","No"
"Molecular Ecology Resources","Ecology & Evolution - Basic Ecology; Genetics & Genomics - Generalist","John Wiley & Sons","For-profit","Hybrid","3184","USA","","","https://onlinelibrary.wiley.com/journal/17550998","1.86","Q1 (Biotechnology; Ecology, Evolution, Behavior and Systematics; Genetics)","179","No"
"Molecular Genetics and Metabolism","Genetics & Genomics - Molecular and Cellular Genetics; Molecular & Cellular Biology - Genetics and Genomics","Elsevier","For-profit associated with a society","Hybrid","2933","Netherlands","Society for Inherited Metabolic Disorders","Society/Association","https://www.sciencedirect.com/journal/molecular-genetics-and-metabolism","1.35","Q1 (Biochemistry; Endocrinology; Endocrinology, Diabetes and Metabolism; Genetics)","134","No"
"Molecular Genetics and Metabolism Reports","Genetics & Genomics - Molecular and Cellular Genetics; Molecular & Cellular Biology - Biochemistry and Molecular Biology","Elsevier","For-profit","OA","1823","USA","","","https://www.sciencedirect.com/journal/molecular-genetics-and-metabolism-reports","0.613","Q3 (Endocrinology; Genetics; Molecular Biology)","36","No"
"Molecular Genetics & Genomic Medicine","Genetics & Genomics - Medical Genetics","John Wiley & Sons","For-profit","OA","2000","USA","","","https://onlinelibrary.wiley.com/journal/23249269","0.596","Q3 (Genetics; Molecular Biology)","50","No"
"Molecular Horticulture","Plants - Molecular and Cellular Biology","Springer Nature","For-profit","OA diamond","0","Germany / UK","Shanghai Jiao Tong University","","https://molhort.biomedcentral.com/","2.457","Q1 (Agronomy and Crop Science; Horticulture; Molecular Biology; Plant Science)","22","No"
"Molecular Human Reproduction","Development - Reproduction; Molecular & Cellular Biology - Biochemistry and Molecular Biology","Oxford University Press (OUP)","University Press","Hybrid","3030","UK","-","","https://academic.oup.com/molehr","1.181","Q1 (Embryology; Obstetrics and Gynecology; Reproductive Medicine)","145","No"
"Molecular Imaging","Molecular & Cellular Biology - Methodology and Experimental Techniques","Sage Publishing","For-profit associated with a society","OA","1977","USA","Society of Nuclear Medicine and Molecular Imaging","Society/Association","https://journals.sagepub.com/home/mix","0.559","Q2 (Biotechnology; Condensed Matter Physics; Radiology, Nuclear Medicine and Imaging)","69","No"
"Molecular Imaging and Biology","Molecular & Cellular Biology - Methodology and Experimental Techniques","Springer Nature","For-profit associated with a society","Hybrid","2434","Germany / UK","the World Molecular Imaging Society (WMIS), the European Society for Molecular Imaging (ESMI), the Federation of Asian Societies for Molecular Imaging (FASMI)","Society/Association","https://link.springer.com/journal/11307","0.74","Q2 (Oncology; Radiology, Nuclear Medicine and Imaging)","83","No"
"Molecular Immunology","Immunology - Immunogenetics, Molecular and Cellular Immunology; Molecular & Cellular Biology - Immunology and Cellular Immunology","Elsevier","For-profit","Hybrid","3412","Netherlands","","","https://www.sciencedirect.com/journal/molecular-immunology","0.969","Q2 (Immunology; Molecular Biology)","160","No"
"Molecular Medicine","Molecular & Cellular Biology - Biochemistry and Molecular Biology","Springer Nature (BioMed Central)","For-profit","OA","2219","UK","Feinstein Institute for Medical Research","","https://molmed.biomedcentral.com/","2.069","Q1 (Genetics; Molecular Biology; Molecular Medicine)","141","No"
"Molecular Metabolism","Molecular & Cellular Biology - Biochemistry and Molecular Biology","Elsevier","For-profit","OA","3568","Netherlands","","","https://www.sciencedirect.com/journal/molecular-metabolism","2.918","Q1 (Cell Biology; Molecular Biology)","123","No"
"Molecular Microbiology","Molecular & Cellular Biology - Microbiology and Infectious Diseases","John Wiley & Sons","For-profit","Hybrid","3800","USA","","","https://onlinelibrary.wiley.com/journal/13652958","1.314","Q1 (Microbiology)","285","No"
"Molecular Neurobiology","Molecular & Cellular Biology - Neuroscience and Neurobiology; Neurosciences - Molecular and Cellular Neuroscience","Springer Nature","For-profit","Hybrid","3445","Germany / UK","","","https://link.springer.com/journal/12035","1.545","Q1 (Cellular and Molecular Neuroscience; Neurology; Neuroscience)","157","No"
"Molecular Neurodegeneration","Molecular & Cellular Biology - Neuroscience and Neurobiology; Neurosciences - Molecular and Cellular Neuroscience","Springer Nature (BioMed Central)","For-profit","OA","2890","UK","BrightFocus Foundation","","https://molecularneurodegeneration.biomedcentral.com/","6.262","Q1 (Cellular and Molecular Neuroscience; Molecular Biology; Neurology)","139","No"
"Molecular Omics","Molecular & Cellular Biology - Methodology and Experimental Techniques","Oxford University Press (OUP)","University Press","Hybrid","1833","UK","","","https://academic.oup.com/molecular-omics","0.675","Q2 (Biochemistry)","31","No"
"Molecular Oncology","Cancer - Molecular and Cellular Oncology; Molecular & Cellular Biology - Cancer and Oncology","John Wiley & Sons","For-profit associated with a society","OA","4095","USA","Federation of European Biochemical Societies (FEBS)","Society/Association","https://febs.onlinelibrary.wiley.com/journal/18780261","1.738","Q1 (Genetics; Medicine; Molecular Medicine; Oncology)","130","No"
"Molecular Pain","Molecular & Cellular Biology - Biochemistry and Molecular Biology; Neurosciences - Pain","Sage Publishing","For-profit","OA","1711","USA","","","https://journals.sagepub.com/overview-metric/MPX?","1.058","Q1 (Anesthesiology and Pain Medicine)","104","No"
"Molecular Pharmaceutics","Molecular & Cellular Biology - Biochemistry and Molecular Biology","American Chemical Society (ACS)","Non-profit","Hybrid","2736","USA","American Chemical Society (ACS)","Society/Association","https://www.sciencedirect.com/org/journal/molecular-pharmaceutics","0.957","Q1 (Pharmaceutical Science)","172","No"
"Molecular Pharmacology","Molecular & Cellular Biology - Biochemistry and Molecular Biology","Elsevier","For-profit associated with a society","Hybrid","2183","Netherlands","American Society for Pharmacology and Experimental Therapeutics (ASPET)","Society/Association","https://www.sciencedirect.com/journal/molecular-pharmacology","1.15","Q1 (Pharmacology)","218","No"
"Molecular Phylogenetics and Evolution","Ecology & Evolution - Evolution; Molecular & Cellular Biology - Miscellaneous / Interdisciplinary","Elsevier","For-profit","Hybrid","3736","Netherlands","","","https://www.sciencedirect.com/journal/molecular-phylogenetics-and-evolution","1.277","Q1 (Ecology, Evolution, Behavior and Systematics; Genetics)","188","No"
"Molecular Plant","Molecular & Cellular Biology - Plant Biology and Physiology; Plants - Molecular and Cellular Biology","Elsevier (Cell Press)","For-profit","Hybrid","2680","USA","","","https://www.cell.com/molecular-plant","7.692","Q1 (Molecular Biology; Plant Science)","198","No"
"Molecular Plant Pathology","Molecular & Cellular Biology - Plant Biology and Physiology; Plants - Molecular and Cellular Biology","John Wiley & Sons","For-profit associated with a society","OA","3207","USA","British Society for Plant Pathology","Society/Association","https://bsppjournals.onlinelibrary.wiley.com/journal/13643703","1.453","Q1 (Agronomy and Crop Science; Plant Science; Soil Science)","145","No"
"Molecular Psychiatry","Molecular & Cellular Biology - Biochemistry and Molecular Biology; Neurosciences - Molecular and Cellular Neuroscience","Springer Nature","For-profit","Hybrid","4543","Germany","","","https://www.nature.com/mp/","4.602","Q1 (Cellular and Molecular Neuroscience; Molecular Biology; Psychiatry and Mental Health)","274","No"
"Molecular Reproduction and Development","Development - Reproduction; Molecular & Cellular Biology - Biochemistry and Molecular Biology","John Wiley & Sons","For-profit","Hybrid","2969","USA","-","","https://onlinelibrary.wiley.com/journal/10982795","0.875","Q2 (Developmental Biology; Genetics)","121","No"
"Molecular Systems Biology","Genetics & Genomics - Generalist; Molecular & Cellular Biology - Biochemistry and Molecular Biology","Springer Nature","For-profit associated with a society","OA","7545","Germany / UK","European Molecular Biology Organization (EMBO) Press","","https://www.embopress.org/journal/17444292","4.229","Q1 (Agricultural and Biological Sciences; Applied Mathematics; Biochemistry, Genetics and Molecular Biology; Computational Theory and Mathematics; Immunology and Microbiology; Information Systems; Medicine)","185","No"
"Molecular Therapy","Molecular & Cellular Biology - Clinical and Medical Sciences","Elsevier (Cell Press)","For-profit","Hybrid","3176","USA","","","https://www.cell.com/molecular-therapy-family/molecular-therapy/home","3.814","Q1 (Drug Discovery; Genetics; Medicine; Molecular Biology; Molecular Medicine; Pharmacology)","233","No"
"Molecular Therapy Advances","Genetics & Genomics - Medical Genetics","Elsevier (Cell Press)","For-profit associated with a society","Hybrid","2966","USA","American Society of Gene & Cell Therapy","Society/Association","https://www.cell.com/molecular-therapy-family/methods","1.749","Q1 (Genetics; Molecular Biology; Molecular Medicine)","77","No"
"Molecular Therapy: Methods and Clinical Development","Molecular & Cellular Biology - Methodology and Experimental Techniques","Elsevier (Cell Press)","For-profit associated with a society","OA","2966","USA","American Society of Gene & Cell Therapy","Society/Association","https://www.cell.com/molecular-therapy-family/methods/home","1.749","Q1 (Genetics; Molecular Biology; Molecular Medicine)","77","No"
"Molecular Therapy Nucleic Acids","Molecular & Cellular Biology - Methodology and Experimental Techniques","Elsevier (Cell Press)","For-profit associated with a society","OA","4379","USA","American Society of Gene & Cell Therapy","Society/Association","https://www.cell.com/molecular-therapy-family/nucleic-acids/home","2.068","Q1 (Drug Discovery; Molecular Medicine)","113","No"
"Molecular Vision","Molecular & Cellular Biology - Biochemistry and Molecular Biology; Neurosciences - Molecular and Cellular Neuroscience","Emory University","University Press","OA diamond","0","USA","Molecular Vision","","https://www.molvis.org/molvis/","0.503","Q2 (Ophthalmology)","110","No"
"Molecules and Cells","Molecular & Cellular Biology - Biochemistry and Molecular Biology","Elsevier","For-profit associated with a society","OA","","USA","Korean Society for Molecular and Cellular Biology","Society/Association","https://www.sciencedirect.com/journal/molecules-and-cells","1.932","Q1 (Cell Biology; Medicine; Molecular Biology)","108","No"
"Monographs of the Society for Research in Child Development","Development - Childhood and Adolescence","Oxford University Press (OUP)","University Press associated with a society","Hybrid","2203","UK","Society for Research in Child Development","Society/Association","https://academic.oup.com/srcdmo","2.134","Q1 (Developmental and Educational Psychology)","80","No"
"Motivation and Emotion","Neurosciences - Cognitive Neuroscience","Springer Nature","For-profit associated with a society","Hybrid","2216","Germany / UK","Society for the Science of Motivation","Society/Association","https://link.springer.com/journal/11031","1.038","Q1 (Experimental and Cognitive Psychology; Social Psychology)","115","No"
"Motivation Science","Neurosciences - Cognitive Neuroscience","American Psychological Association (APA)","Non-profit","Hybrid","3285","USA","American Psychological Association","Society/Association","https://www.apa.org/pubs/journals/mot","1.283","Q1 (Applied Psychology; Developmental and Educational Psychology; Environmental Engineering; Health, Toxicology and Mutagenesis)","24","No"
"Motor Control","Neurosciences - Neurophysiology","Human Kinetics","For-profit associated with a society","Hybrid","1022","USA","International Society of Motor Control","Society/Association","https://journals.humankinetics.com/view/journals/mcj/mcj-overview.xml?tab_body=editorial-board","0.476","Q2 (Physical Therapy, Sports Therapy and Rehabilitation)","55","No"
"Movement Disorders","Neurosciences - Clinical Neuroscience","John Wiley & Sons","For-profit associated with a society","Hybrid","2135","USA","International Parkinson and Movement Disorder Society","Society/Association","https://movementdisorders.onlinelibrary.wiley.com/journal/15318257","2.625","Q1 (Neurology)","247","No"
"mSphere","Ecology & Evolution - Microbiology; Molecular & Cellular Biology - Microbiology and Infectious Diseases","American Society for Microbiology (ASM)","Non-profit","OA","3678","USA","American Society for Microbiology (ASM)","Society/Association","https://journals.asm.org/journal/msphere","1.209","Q1 (Microbiology)","86","No"
"mSystems","Ecology & Evolution - Microbiology; Molecular & Cellular Biology - Microbiology and Infectious Diseases","American Society for Microbiology (ASM)","Non-profit","OA","3852","USA","American Society for Microbiology (ASM)","Society/Association","https://journals.asm.org/journal/msystems","1.671","Q1 (Biochemistry; Computer Science Applications; Ecology, Evolution, Behavior and Systematics; Genetics; Microbiology; Modeling and Simulation; Molecular Biology; Physiology)","101","No"
"Mucosal Immunology","Immunology - Immunopathology","Springer Nature","For-profit associated with a society","Hybrid","2114","Germany / UK","Society for Mucosal Immunology","Society/Association","https://www.nature.com/mi/","3.089","Q1 (Immunology; Immunology and Allergy)","148","No"
"Multiple Sclerosis and Related Disorders","Neurosciences - Clinical Neuroscience","Elsevier","For-profit","Hybrid","3460","Netherlands","","","https://www.sciencedirect.com/journal/multiple-sclerosis-and-related-disorders","0.959","Q1 (Medicine)","77","No"
"Multiple Sclerosis Journal","Neurosciences - Clinical Neuroscience","Sage Publishing","For-profit","Hybrid","3599","USA","","","https://journals.sagepub.com/home/msja","1.68","Q1 (Neurology)","164","No"
"Multiple Sclerosis Journal‚ Experimental, Translational and Clinical","Neurosciences - Clinical Neuroscience","Sage Publishing","For-profit associated with a society","OA","2661","USA","Americas Committee for Treatment and Research in Multiple Sclerosis; the European Committee for Treatment and Research in Multiple Sclerosis; the Latin American Committee for Treatment and Research in Multiple Sclerosis & the Pan-Asian Committee for Treatment; Research in Multiple Sclerosis or Rehabilitation in Multiple Sclerosis","","https://journals.sagepub.com/home/msoa","0.665","Q2 (Neurology)","37","No"
"Multisensory Research","Neurosciences - Sensory Neuroscience","De Gruyter Brill","For-profit","Hybrid","3019","Germany","","","https://brill.com/view/journals/msr/msr-overview.xml","0.452","Q2 (Computer Vision and Pattern Recognition)","62","No"
"Muscle and Nerve","Neurosciences - Neurophysiology","John Wiley & Sons","For-profit","Hybrid","4681","USA","","","https://onlinelibrary.wiley.com/journal/10974598","1.134","Q1 (Neurology; Physiology)","178","No"
"Mutagenesis","Genetics & Genomics - Molecular and Cellular Genetics","Oxford University Press (OUP)","University Press associated with a society","Hybrid","3066","UK","UK Environmental Mutagen Society","Society/Association","https://academic.oup.com/mutage","1.146","Q1 (Health, Toxicology and Mutagenesis; Toxicology)","107","No"
"Mutation Research - Reviews in Mutation Research","Genetics & Genomics - Medical Genetics","Elsevier","For-profit","Hybrid","3119","Netherlands","","","https://www.sciencedirect.com/journal/mutation-research-reviews-in-mutation-research","1.584","Q1 (Genetics; Health, Toxicology and Mutagenesis)","147","No"
"Mycologia","Ecology & Evolution - Microbiology","Taylor & Francis Group","For-profit associated with a society","Hybrid","1806","UK","Mycological Society of America","Society/Association","https://www.tandfonline.com/journals/umyc20","0.601","Q2 (Ecology, Evolution, Behavior and Systematics; Medicine; Plant Science)","135","No"
"Mycological Progress","Ecology & Evolution - Microbiology","Springer Nature","For-profit associated with a society","Hybrid","2640","Germany / UK","German Mycological Society","Society/Association","https://www.springer.com/journal/11557","0.635","Q1 (Agricultural and Biological Sciences)","58","No"
"Mycopathologia","Ecology & Evolution - Health; Immunology - Immunopathology","Springer Nature","For-profit associated with a society","Hybrid","2644","Germany / UK","International Union of Microbiological Societies","Society/Association","https://link.springer.com/journal/11046","0.705","Q1 (Agronomy and Crop Science; Plant Science; Veterinary)","93","No"
"Mycoses","Immunology - Immunopathology","Elsevier","For-profit","Hybrid","3290","Netherlands","","","https://onlinelibrary.wiley.com/journal/14390507","0.85","Q1 (Dermatology)","95","No"
"Mycosphere","Ecology & Evolution - Microbiology","Zhongkai University of Agriculture and Engineering","Non-profit","OA diamond","0","Thailand","Zhongkai University of Agriculture and Engineering","University/Government","https://www.mycosphere.org/","4.995","Q1 (Ecology, Evolution, Behavior and Systematics; Plant Science)","56","No"
"Myrmecological News","Ecology & Evolution - Zoology","Austrian Society of Entomofaunistics","Non-profit","OA","976","Austria","Austrian Society of Entomofaunistics","Society/Association","https://myrmecologicalnews.org/cms/","0.76","Q1 (Insect Science)","48","No"
"NAR Genomics & Bioinformatics","Genetics & Genomics - Generalist","Oxford University Press (OUP)","University Press","OA","2574","UK","","","https://academic.oup.com/nargab","1.518","Q1 (Applied Mathematics; Computer Science Applications; Genetics; Molecular Biology; Structural Biology)","38","No"
"National Science Review","Generalist","Oxford University Press (OUP)","University Press","OA","2112","UK","Chinese Academy of Sciences","","https://academic.oup.com/nsr?login=false","2.8","Q1 (Multidisciplinary)","142","No"
"Natural Areas Journal","Ecology & Evolution - Genetics","Natural Areas Association","Non-profit","Hybrid","","USA","Natural Areas Association","Non-profit","https://naturalareas.org/submissions.php","0.295","Q3 (Ecology; Nature and Landscape Conservation)","51","No"
"Nature","Generalist","Springer Nature","For-profit","Hybrid","10898","Germany","","","https://www.nature.com/","19.713","Q1 (Multidisciplinary)","1495","No"
"Nature Aging","Anatomy & Physiology - Aging; Development - Aging","Springer Nature","For-profit","Hybrid","12759","Germany / UK","","","https://www.nature.com/nataging","9.5","Q1 (Aging; Geriatrics and Gerontology; Neuroscience)","75","No"
"Nature Biotechnology","Molecular & Cellular Biology - Biotechnology and Bioengineering","Springer Nature","For-profit","Hybrid","11724","Germany / UK","","","https://www.nature.com/nbt/","23.109","Q1 (Applied Microbiology and Biotechnology; Bioengineering; Biomedical Engineering; Biotechnology; Molecular Medicine)","553","No"
"Nature Cancer","Cancer - Generalist","Springer Nature","For-profit","Hybrid","10898","Germany / UK","","","https://www.nature.com/natcancer/","12.443","Q1 (Cancer Research; Oncology)","102","No"
"Nature Cell Biology","Molecular & Cellular Biology - Cell Biology and Developmental Biology","Springer Nature","For-profit","Hybrid","10898","Germany","","","https://www.nature.com/ncb/","9.085","Q1 (Cell Biology)","431","No"
"Nature Chemical Biology","Molecular & Cellular Biology - Biochemistry and Molecular Biology","Springer Nature","For-profit","Hybrid","10898","Germany / UK","","","https://www.nature.com/nchembio/","6.032","Q1 (Cell Biology; Molecular Biology)","282","No"
"Nature Communications","Generalist","Springer Nature","For-profit","OA","6020","Germany","","","https://www.nature.com/ncomms/","4.904","Q1 (Biochemistry, Genetics and Molecular Biology; Chemistry; Multidisciplinary; Physics and Astronomy)","634","No"
"Nature Computational Science","Generalist - Computational Biology","Springer Nature","For-profit","Hybrid","5145","Germany / UK","","","https://www.nature.com/natcomputsci","4.252","Q1 (Computer Networks and Communications; Computer Science Applications; Computer Science)","56","No"
"Nature Ecology and Evolution","Ecology & Evolution - Generalist","Springer Nature","For-profit","Hybrid","10898","Germany","","","https://www.nature.com/natecolevol/","4.671","Q1 (Ecology; Ecology, Evolution, Behavior and Systematics)","159","No"
"Nature Genetics","Genetics & Genomics - Generalist","Springer Nature","For-profit","Hybrid","6145","Germany","","","https://www.nature.com/ng/","15.377","Q1 (Genetics)","679","No"
"Nature Human Behaviour","Neurosciences - Behavioral Neuroscience","Springer Nature","For-profit","Hybrid","11257","Germany / UK","","","https://www.nature.com/nathumbehav/","4.896","Q1 (Behavioral Neuroscience; Experimental and Cognitive Psychology; Social Psychology)","132","No"
"Nature Immunology","Immunology - Generalist/Classical Immunology","Springer Nature","For-profit","Hybrid","11072","Germany / UK","","","https://www.nature.com/ni/","11.131","Q1 (Immunology; Immunology and Allergy)","468","No"
"Nature Medicine","Generalist - Clinical/Medicine","Springer Nature","For-profit","Hybrid","9708","Germany / UK","","","https://www.nature.com/nm/","17.496","Q1 (Biochemistry, Genetics and Molecular Biology; Medicine)","676","No"
"Nature Mental Health","Neurosciences - Clinical Neuroscience","Springer Nature","For-profit","Hybrid","9750","Germany","","","https://www.nature.com/natmentalhealth/","2.705","Q1 (Biological Psychiatry; Molecular Medicine; Neuroscience; Psychiatry and Mental Health)","26","No"
"Nature Metabolism","Molecular & Cellular Biology - Biochemistry and Molecular Biology","Springer Nature","For-profit","Hybrid","8720","Germany / UK","","","https://www.nature.com/natmetab/","9.602","Q1 (Cell Biology; Endocrinology, Diabetes and Metabolism; Internal Medicine; Physiology)","113","No"
"Nature Methods","Generalist - Methods","Springer Nature","For-profit","Hybrid","10898","Germany","","","https://www.nature.com/nmeth/","15.624","Q1 (Biochemistry; Biotechnology; Cell Biology; Molecular Biology)","432","No"
"Nature Microbiology","Genetics & Genomics - Generalist; Molecular & Cellular Biology - Microbiology and Infectious Diseases","Springer Nature","For-profit","Hybrid","11721","Germany / UK","","","https://www.nature.com/nmicrobiol/","7.44","Q1 (Applied Microbiology and Biotechnology; Cell Biology; Genetics; Immunology; Microbiology)","176","No"
"Nature Neuroscience","Neurosciences - Generalist","Springer Nature","For-profit","Hybrid","10946","Germany","","","https://www.nature.com/neuro/","11.041","Q1 (Neuroscience)","515","No"
"Nature Plants","Plants - Generalist","Springer Nature","For-profit","Hybrid","9918","Germany","","","https://www.nature.com/nplants/","5.106","Q1 (Plant Science)","169","No"
"Nature Protocols","Generalist - Methods","Springer Nature","For-profit","","","Germany / UK","","","https://www.nature.com/nprot/","7.403","Q1 (Biochemistry, Genetics and Molecular Biology)","339","No"
"Nature Reviews Cancer","Cancer - Generalist","Springer Nature","For-profit","Subscription","","Germany / UK","","","https://www.nature.com/nrc","22.814","Q1 (Cancer Research; Oncology)","548","No"
"Nature Reviews Clinical Oncology","Cancer - Generalist","Springer Nature","For-profit","Hybrid","","Germany / UK","","","https://www.nature.com/nrclinonc/","28.076","Q1 (Oncology)","259","No"
"Nature Reviews Disease Primers","Immunology - Immunopathology","Springer Nature","For-profit","Hybrid","","Germany / UK","","","https://www.nature.com/nrdp/","15.606","Q1 (Medicine)","236","No"
"Nature Reviews Genetics","Genetics & Genomics - Generalist","Springer Nature","For-profit","Subscription","","Germany / UK","","","https://www.nature.com/nrg/","20.403","Q1 (Genetics; Molecular Biology)","458","No"
"Nature Reviews Immunology","Immunology - Generalist/Classical Immunology","Springer Nature","For-profit","Hybrid","","Germany / UK","","","https://www.nature.com/nri/","17.646","Q1 (Immunology; Immunology and Allergy; Medicine)","511","No"
"Nature Reviews Microbiology","Molecular & Cellular Biology - Microbiology and Infectious Diseases","Springer Nature","For-profit","Hybrid","","Germany / UK","","","https://www.nature.com/nrmicro/","18.406","Q1 (Immunology and Microbiology; Infectious Diseases; Microbiology)","421","No"
"Nature Reviews Molecular Cell Biology","Molecular & Cellular Biology - Miscellaneous / Interdisciplinary","Springer Nature","For-profit","","","Germany / UK","","","https://www.nature.com/nrm/","35.568","Q1 (Cell Biology; Molecular Biology)","553","No"
"Nature Reviews Neurology","Neurosciences - Clinical Neuroscience","Springer Nature","For-profit","Hybrid","","Germany / UK","","","https://www.nature.com/nrneurol/","7.083","Q1 (Cellular and Molecular Neuroscience; Neurology)","244","No"
"Nature Reviews Neuroscience","Neurosciences - Generalist","Springer Nature","For-profit","Hybrid","","Germany","","","https://www.nature.com/nrn/","10.282","Q1 (Neuroscience)","510","No"
"Nature Reviews Psychology","Neurosciences - Cognitive Neuroscience","Springer Nature","For-profit","Hybrid","","Germany / UK","","","https://www.nature.com/nrpsychol/","6.763","Q1 (Clinical Psychology; Developmental and Educational Psychology; Psychology)","46","No"
"Nature Sciences Societes","Ecology & Evolution - Genetics","China Science Publishing & Media (EDP Sciences)","For-profit associated with a society","OA diamond","0","China / France","Association Natures Sciences Societes - Dialogues","Society/Association","https://www.nss-journal.org/fr/","","","","No"
"Nature Structural and Molecular Biology","Molecular & Cellular Biology - Biochemistry and Molecular Biology","Springer Nature","For-profit","Hybrid","9727","Germany","","","https://www.nature.com/nsmb/","6.761","Q1 (Molecular Biology; Structural Biology)","317","No"
"NeoBiota","Ecology & Evolution - Genetics","Pensoft Publishers","For-profit associated with a society","OA","1403","Bulgaria","Neobiota - the European Group on Biological Invasions","Society/Association","https://neobiota.pensoft.net/","0.839","Q1 (Animal Science and Zoology; Aquatic Science; Ecology; Ecology, Evolution, Behavior and Systematics; Insect Science; Plant Science)","46","No"
"Neoplasia","Cancer - Generalist","Elsevier","For-profit","OA","2720","Netherlands","","","https://www.sciencedirect.com/journal/neoplasia","2.284","Q1 (Cancer Research)","151","No"
"Neotropical Helminthology","Ecology & Evolution - Zoology","Asociacion Peruana de Helmintologia e Invertebrados Afines","Non-profit","OA diamond","0","Peru","Asociacion Peruana de Helmintologia e Invertebrados Afines","Society/Association","https://www.neotropicalhelminthology.com/","","","","No"
"Network Neuroscience","Neurosciences - Cognitive Neuroscience","MIT Press","University Press","OA","2401","USA","","University/Government","https://direct.mit.edu/netn","1.45","Q1 (Applied Mathematics; Artificial Intelligence; Computer Science Applications; Neuroscience)","44","No"
"Neural Computation","Neurosciences - Generalist","MIT Press","University Press","Hybrid","1740","USA","","University/Government","https://direct.mit.edu/neco","0.671","Q1 (Arts and Humanities)","187","No"
"Neural Networks","Neurosciences - Generalist","Elsevier","For-profit associated with a society","Hybrid","3486","Netherlands","the International Neural Network Society (INNS); the Asia-Pacific Neural Network Society (APNNS); the Japanese Neural Network Society (JNNS)","Society/Association","https://www.sciencedirect.com/journal/neural-networks","1.545","Q1 (Artificial Intelligence; Cognitive Neuroscience)","197","No"
"Neural Plasticity","Neurosciences - Molecular and Cellular Neuroscience","John Wiley & Sons","For-profit","OA","1885","USA","","","https://onlinelibrary.wiley.com/journal/6020","1.218","Q1 (Neurology)","102","No"
"Neural Regeneration Research","Neurosciences - Generalist","Chinese Association of Rehabilitation Medicine (CARM)","For-profit associated with a society","OA","1623","China","Chinese Association of Rehabilitation Medicine","Society/Association","https://journals.lww.com/nrronline/pages/currenttoc.aspx","1.429","Q1 (Developmental Neuroscience)","88","No"
"Neurobiology of Aging","Neurosciences - Developmental Neuroscience","Elsevier","For-profit","Hybrid","3240","Netherlands","","","https://www.journals.elsevier.com/neurobiology-of-aging","1.357","Q1 (Developmental Biology; Geriatrics and Gerontology; Neurology; Neuroscience)","228","No"
"Neurobiology of Disease","Immunology - Neuroimmunology; Neurosciences - Neuroimmunology","Elsevier","For-profit","OA","4111","Netherlands","","","https://www.sciencedirect.com/journal/neurobiology-of-disease","2.159","Q1 (Neurology)","206","No"
"Neurobiology of Language","Neurosciences - Cognitive Neuroscience","MIT Press","University Press","OA","967","USA","Society for the Neurobiology of Language","University/Government","https://direct.mit.edu/nol","1.371","Q1 (Linguistics and Language; Neurology)","23","No"
"Neurobiology of Learning and Memory","Neurosciences - Cognitive Neuroscience","Elsevier","For-profit","Hybrid","3156","Netherlands","","","https://www.journals.elsevier.com/neurobiology-of-learning-and-memory","0.808","Q2 (Behavioral Neuroscience; Cognitive Neuroscience; Experimental and Cognitive Psychology)","140","No"
"Neurobiology of Pain","Neurosciences - Pain","Elsevier","For-profit","OA","1523","Netherlands","","","https://www.sciencedirect.com/journal/neurobiology-of-pain","1.058","Q1 (Anesthesiology and Pain Medicine; Neurology)","26","No"
"Neurobiology of Sleep and Circadian Rhythms","Neurosciences - Generalist","Elsevier","For-profit","OA","1330","Netherlands","","","https://www.sciencedirect.com/journal/neurobiology-of-sleep-and-circadian-rhythms","0.714","Q2 (Neurology; Pulmonary and Respiratory Medicine)","24","No"
"Neurobiology of Stress","Neurosciences - Generalist","Elsevier","For-profit","OA","3933","Netherlands","","","https://www.sciencedirect.com/journal/neurobiology-of-stress","1.527","Q1 (Biochemistry; Cellular and Molecular Neuroscience; Endocrine and Autonomic Systems; Endocrinology; Molecular Biology; Physiology)","64","No"
"Neurochemical Research","Neurosciences - Molecular and Cellular Neuroscience","Springer Nature","For-profit","Hybrid","1996","Germany / UK","","","https://link.springer.com/journal/11064","1.171","Q1 (Biochemistry; Medicine)","143","No"
"Neurochemistry International","Neurosciences - Molecular and Cellular Neuroscience","Elsevier","For-profit","Hybrid","1502","Netherlands","","","https://www.sciencedirect.com/journal/neurochemistry-international","1.338","Q2 (Cell Biology; Cellular and Molecular Neuroscience)","145","No"
"Neurochirurgie","Neurosciences - Clinical Neuroscience","Elsevier","For-profit associated with a society","Hybrid","2515","Netherlands","Société Française de Neurochirurgie (SFN); Société de Neurochirurgie de Langue Française (SNCLF)","Society/Association","https://www.sciencedirect.com/journal/neurochirurgie","0.462","Q2 (Surgery)","40","No"
"Neurocomputing","Neurosciences - Generalist","Elsevier","For-profit","Hybrid","1400","Netherlands","","","https://www.sciencedirect.com/journal/neurocomputing","1.465","Q1 (Artificial Intelligence; Cognitive Neuroscience; Computer Science Applications)","233","No"
"Neurodegenerative Diseases","Neurosciences - Clinical Neuroscience","Karger Publishers","For-profit","Hybrid","2836","Switzerland","","","https://karger.com/ndd","0.514","Q3 (Neurology)","72","No"
"Neuroendocrinology","Neurosciences - Neurophysiology","Karger Publishers","For-profit","Hybrid","3030","Switzerland","","","https://karger.com/NEN/","0.949","Q2 (Endocrine and Autonomic Systems; Endocrinology; Endocrinology, Diabetes and Metabolism)","119","No"
"Neuro-endocrinology Letters","Neurosciences - Neurophysiology","Maghira & Maas Publications","For-profit associated with a society","OA","1160","Sweden","Society of Integrated Sciences; Gesellschaft für angewandte Präventionsmedizin I-GAP, Vienna; Neuroscience Institute, State University of New York; St. Elisabeth University College of Health and Social Sciences","Society/Association","https://www.nel.edu/","0.253","Q3 (Medicine)","77","No"
"Neuroepidemiology","Neurosciences - Neuroimmunology","Karger Publishers","For-profit","Hybrid","4575","Switzerland","","","https://karger.com/ned","1.511","Q1 (Epidemiology; Neurology)","107","No"
"Neuroethics","Neurosciences - Neuroethics","Springer Nature","For-profit","Hybrid","2346","Germany / UK","","","https://link.springer.com/journal/12152","1.073","Q1 (Health Policy; Issues, Ethics and Legal Aspects; Neurology; Philosophy)","44","No"
"Neurogastroenterology & Motility","Neurosciences - Neurophysiology","John Wiley & Sons","For-profit","Hybrid","2558","USA","","","https://onlinelibrary.wiley.com/journal/13652982","1.117","Q1 (Gastroenterology)","138","No"
"Neurogenetics","Neurosciences - Neurogenetics","Springer Nature","For-profit","Hybrid","3138","Germany / UK","","","https://link.springer.com/journal/10048","0.703","Q3 (Cellular and Molecular Neuroscience; Genetics)","72","No"
"Neuroimage","Neurosciences - Generalist","Elsevier","For-profit","OA","2807","Netherlands","","","https://www.sciencedirect.com/journal/neuroimage","1.925","Q1 (Cognitive Neuroscience; Neurology)","457","No"
"NeuroImage: Clinical","Neurosciences - Clinical Neuroscience","Elsevier","For-profit","OA","3106","Netherlands","","","https://www.journals.elsevier.com/neuroimage-clinical","1.507","Q1 (Cognitive Neuroscience; Neurology; Radiology, Nuclear Medicine and Imaging)","117","No"
"NeuroImage: Reports","Neurosciences - Generalist","Elsevier","For-profit","OA","820","Netherlands","","","https://www.sciencedirect.com/journal/neuroimage-reports","0.774","Q2 (Neurology)","16","No"
"Neuroimmunology Reports","Neurosciences - Neuroimmunology","Elsevier","For-profit","OA","1766","Netherlands","","","https://www.sciencedirect.com/journal/neuroimmunology-reports","0.2","Q4 (Immunology and Allergy; Neurology; Neuroscience)","6","No"
"Neuroimmunomodulation","Immunology - Neuroimmunology; Neurosciences - Neuroimmunology","Karger Publishers","For-profit","OA","2371","Switzerland","","","https://karger.com/NIM","0.801","Q2 (Endocrinology; Neurology)","78","No"
"Neuroinformatics","Neurosciences - Generalist","Springer Nature","For-profit","Hybrid","3569","Germany","","","https://www.springer.com/journal/12021","0.901","Q1 (Information Systems; Software)","73","No"
"Neurología (English edition)","Neurosciences - Clinical Neuroscience","Elsevier","For-profit associated with a society","OA","1800","Netherlands","Sociedad Espanola de Neurologia","Society/Association","https://www.sciencedirect.com/journal/neurologia-english-edition","0.786","Q2 (Medicine; Neurology)","56","No"
"Neurological Research","Neurosciences - Clinical Neuroscience","Taylor & Francis Group","For-profit","Hybrid","4123","USA","","","https://www.tandfonline.com/journals/yner20","0.549","Q2 (Medicine)","92","No"
"Neurological Sciences","Neurosciences - Clinical Neuroscience","Springer Nature","For-profit associated with a society","Hybrid","3714","Germany / UK","Italian Society of Neurology (SIN)","Society/Association","https://link.springer.com/journal/10072","0.777","Q1 (Dermatology)","95","No"
"Neurology","Neurosciences - Clinical Neuroscience","Wolters Kluwer","For-profit associated with a society","Hybrid","4247","Netherlands","American Academy of Neurology","","https://www.neurology.org/journal/wnl","2.045","Q1 (Neurology)","435","No"
"Neurology Clinical Practice","Neurosciences - Clinical Neuroscience","American Academy of Neurology Journals","Non-profit","Hybrid","3652","USA","American Academy of Neurology Journals","","https://www.neurology.org/journal/cpj","0.986","Q2 (Neurology)","52","No"
"Neurology Genetics","Neurosciences - Clinical Neuroscience","American Academy of Neurology Journals","Non-profit","OA","588","USA","American Academy of Neurology Journals","","https://www.neurology.org/journal/nxg","1.013","Q2 (Genetics; Neurology)","44","No"
"Neurology Neuroimmunology Neuroinflammation","Immunology - Neuroimmunology; Neurosciences - Neuroimmunology","American Academy of Neurology Journals","Non-profit","OA","3451","USA","American Academy of Neurology Journals","","https://www.neurology.org/journal/nxi","2.4","Q1 (Neurology)","86","No"
"Neuromodulation","Neurosciences - Neuromodulation","Elsevier","For-profit associated with a society","Hybrid","3060","Netherlands","International Neuromodulation Society (INS)","Society/Association","https://www.neuromodulation.com/journal","1.076","Q1 (Anesthesiology and Pain Medicine; Medicine; Neurology)","86","No"
"Neuromolecular Medicine","Neurosciences - Molecular and Cellular Neuroscience","Springer Nature","For-profit","Hybrid","2618","Germany / UK","","","https://link.springer.com/journal/12017","0.979","Q2 (Molecular Medicine; Neurology)","89","No"
"Neuromuscular Disorders","Neurosciences - Clinical Neuroscience","Elsevier","For-profit associated with a society","Hybrid","3134","Netherlands","World Muscle Society","Society/Association","https://www.sciencedirect.com/journal/neuromuscular-disorders","0.915","Q1 (Pediatrics, Perinatology and Child Health)","121","No"
"Neuron","Neurosciences - Generalist","Elsevier (Cell Press)","For-profit","Hybrid","7416","USA","","","https://www.cell.com/neuron/home","8.564","Q1 (Neuroscience)","569","No"
"Neuron Glia Biology","Molecular & Cellular Biology - Neuroscience and Neurobiology","Cambridge University Press (CUP)","University Press","","","UK","","","https://www.cambridge.org/core/journals/neuron-glia-biology","","","","No"
"Neurons, Behavior, Data analysis and Theory","Neurosciences - Generalist","The Neurons, Behavior, Data analysis and Theory collective","Non-profit","OA","","USA","","","https://nbdt.scholasticahq.com/","","","","No"
"Neuro-Oncology","Cancer - Neuro-Oncology; Neurosciences - Clinical Neuroscience","Oxford University Press (OUP)","University Press associated with a society","Hybrid","3470","UK","Society for Neuro-oncology (SNO)","Society/Association","https://academic.oup.com/neuro-oncology","5.249","Q1 (Cancer Research; Neurology; Oncology)","189","No"
"Neuro-Oncology Advances","Cancer - Neuro-Oncology; Neurosciences - Clinical Neuroscience","Oxford University Press (OUP)","University Press associated with a society","OA","1786","UK","Society for NeuroOncology (SNO); the European Association of Neuro-Oncology (EANO)","Society/Association","https://academic.oup.com/noa","1.421","Q1 (Neurology; Oncology; Surgery)","42","No"
"Neuro-Oncology Practice","Cancer - Neuro-Oncology; Neurosciences - Clinical Neuroscience","Oxford University Press (OUP)","University Press associated with a society","Hybrid","2632","UK","Society for NeuroOncology (SNO); the European Association of Neuro-Oncology (EANO)","Society/Association","https://academic.oup.com/nop/","0.95","Q1 (Medicine)","40","No"
"Neuropathology","Immunology - Neuroimmunology; Neurosciences - Neuroimmunology","John Wiley & Sons","For-profit","Hybrid","1421","USA","","","https://onlinelibrary.wiley.com/journal/14401789","0.538","Q2 (Medicine; Pathology and Forensic Medicine)","74","No"
"Neuropathology and Applied Neurobiology","Neurosciences - Clinical Neuroscience","John Wiley & Sons","For-profit associated with a society","Hybrid","2334","USA","British Neuropathological Society","Society/Association","https://onlinelibrary.wiley.com/journal/13652990","1.512","Q1 (Histology; Neurology; Pathology and Forensic Medicine; Physiology)","115","No"
"Neuropediatrics","Development - Neuroscience; Neurosciences - Developmental Neuroscience","Thieme Group","For-profit","Hybrid","3336","Germany","","","https://lp.thieme.de/journals/neuropediatrics/0174-304X","0.422","Q2 (Pediatrics, Perinatology and Child Health)","80","No"
"Neuropeptides","Molecular & Cellular Biology - Neuroscience and Neurobiology; Neurosciences - Molecular and Cellular Neuroscience","Elsevier","For-profit","Hybrid","1735","Netherlands","","","https://www.sciencedirect.com/journal/neuropeptides","0.786","Q2 (Medicine; Neurology)","83","No"
"Neuropharmacology","Molecular & Cellular Biology - Neuroscience and Neurobiology; Neurosciences - Molecular and Cellular Neuroscience","Elsevier","For-profit","Hybrid","3001","Netherlands","","","https://www.sciencedirect.com/journal/neuropharmacology","1.568","Q1 (Cellular and Molecular Neuroscience; Pharmacology)","206","No"
"Neurophysiologie Clinique","Neurosciences - Clinical Neuroscience","Elsevier","For-profit associated with a society","Hybrid","2329","Netherlands","Société de Neurophysiologie Clinique de Langue Française (SNCLF)","Society/Association","https://www.sciencedirect.com/journal/neurophysiologie-clinique","0.778","Q2 (Medicine; Neurology; Physiology)","82","No"
"Neurophysiology","Neurosciences - Neurophysiology","Springer Nature","For-profit","Hybrid","","Germany / UK","","","https://link.springer.com/journal/11062","0.146","Q4 (Neuroscience; Physiology)","21","No"
"Neuropsychiatric Disease and Treatment","Neurosciences - Clinical Neuroscience","Taylor & Francis Group","For-profit","OA","2912","USA","","","https://www.dovepress.com/neuropsychiatric-disease-and-treatment-journal","0.947","Q2 (Psychiatry and Mental Health)","106","No"
"Neuropsychiatrie de l'Enfance et de l'Adolescence","Neurosciences - Developmental Neuroscience","Elsevier","For-profit associated with a society","Hybrid","2080","Netherlands","Société française de psychiatrie de l'enfant et de l'adolescent","Society/Association","https://www.sciencedirect.com/journal/neuropsychiatrie-de-lenfance-et-de-ladolescence","0.17","Q3 (Pediatrics, Perinatology and Child Health)","22","No"
"Neuropsychobiology","Neurosciences - Generalist","Karger Publishers","For-profit","Hybrid","2650","Switzerland","","","https://karger.com/NPS/","1.082","Q1 (Neuropsychology and Physiological Psychology)","97","No"
"Neuropsychologia","Neurosciences - Generalist","Elsevier","For-profit","Hybrid","2780","Netherlands","","","https://www.sciencedirect.com/journal/neuropsychologia","0.854","Q2 (Behavioral Neuroscience; Cognitive Neuroscience; Experimental and Cognitive Psychology)","244","No"
"Neuropsychological Rehabilitation","Neurosciences - Clinical Neuroscience","Taylor & Francis Group","For-profit","Hybrid","1570","USA","","","https://www.tandfonline.com/journals/pnrh20","0.733","Q1 (Arts and Humanities; Rehabilitation)","92","No"
"Neuropsychology","Neurosciences - Cognitive Neuroscience","American Psychological Association (APA)","Non-profit","Hybrid","3361","USA","American Psychological Association","Society/Association","https://www.apa.org/pubs/journals/neu","0.822","Q2 (Neuropsychology and Physiological Psychology)","154","No"
"Neuropsychology Review","Neurosciences - Cognitive Neuroscience","Springer Nature","For-profit","Hybrid","2430","Germany / UK","","","https://link.springer.com/journal/11065","2.193","Q1 (Neuropsychology and Physiological Psychology)","123","No"
"Neuropsychopharmacology","Molecular & Cellular Biology - Neuroscience and Neurobiology; Neurosciences - Molecular and Cellular Neuroscience","Springer Nature","For-profit","Hybrid","4159","Germany","","","https://www.nature.com/npp","2.988","Q1 (Pharmacology; Psychiatry and Mental Health)","269","No"
"Neuroradiology","Neurosciences - Clinical Neuroscience","Springer Nature","For-profit associated with a society","Hybrid","2618","Germany / UK","European Society of Neuroradiology; Japanese Society of Neuroradiology","Society/Association","https://link.springer.com/journal/234","0.75","Q2 (Cardiology and Cardiovascular Medicine; Neurology; Radiology, Nuclear Medicine and Imaging)","112","No"
"Neurorehabilitation","Neurosciences - Clinical Neuroscience","Sage Publishing","For-profit","Hybrid","","USA","","","https://journals.sagepub.com/home/nrea","0.611","Q2 (Physical Therapy, Sports Therapy and Rehabilitation; Rehabilitation)","87","No"
"Neurorehabilitation and Neural Repair","Neurosciences - Molecular and Cellular Neuroscience","Sage Publishing","For-profit associated with a society","","","USA","American Society for Neurorehabilitation & World Federation for Neurorehabilitation","Society/Association","https://journals.sagepub.com/home/nnrb","1.284","Q1 (Neurology; Rehabilitation)","141","No"
"Neuroreport","Neurosciences - Generalist","Wolters Kluwer (Lippincott)","For-profit","Hybrid","2765","Netherlands / USA","","","https://journals.lww.com/neuroreport/pages/default.aspx","0.58","Q3 (Neuroscience)","210","No"
"Neuroscience","Neurosciences - Generalist","Elsevier","For-profit","Hybrid","1619","Netherlands","","","https://www.sciencedirect.com/journal/neuroscience","0.9","Q2 (Neuroscience)","262","No"
"Neuroscience and Biobehavioral Reviews","Neurosciences - Generalist","Elsevier","For-profit","Hybrid","2542","Netherlands","","","https://www.sciencedirect.com/journal/neuroscience-and-biobehavioral-reviews","3.06","Q1 (Behavioral Neuroscience; Cognitive Neuroscience; Neuropsychology and Physiological Psychology)","319","No"
"Neuroscience Bulletin","Neurosciences - Generalist","Elsevier","For-profit associated with a society","Hybrid","3078","Netherlands","Chinese Neuroscience Society","Society/Association","https://link.springer.com/journal/12264","1.797","Q1 (Medicine; Neuroscience; Physiology)","78","No"
"Neuroscience Insights","Neurosciences - Generalist","Sage Publishing","For-profit","OA","1335","USA","","","https://journals.sagepub.com/home/exnb","0.716","Q3 (Neuroscience)","34","No"
"Neuroscience Letters","Neurosciences - Generalist","Elsevier","For-profit","Hybrid","1584","Netherlands","","","https://www.sciencedirect.com/journal/neuroscience-letters","0.713","Q3 (Neuroscience)","200","No"
"Neuroscience of Consciousness","Neurosciences - Cognitive Neuroscience","Oxford University Press (OUP)","University Press associated with a society","OA","1776","UK","Association for the Scientific Study of Consciousness (ASSC)","Society/Association","https://academic.oup.com/nc","1.277","Q1 (Clinical Psychology; Experimental and Cognitive Psychology; Neurology; Psychiatry and Mental Health)","27","No"
"Neuroscience Research","Neurosciences - Generalist","Elsevier","For-profit associated with a society","OA","2267","Netherlands","Japan Neuroscience Society","Society/Association","https://www.sciencedirect.com/journal/neuroscience-research","0.958","Q1 (Medicine)","116","No"
"Neuro-signals","Neurosciences - Molecular and Cellular Neuroscience","Cell Physiol Biochem Press GmbH & Co KG","For-profit","OA","1190","Germany","","","https://www.neuro-signals.com/","0.149","Q4 (Cellular and Molecular Neuroscience; Developmental Neuroscience; Neurology)","75","No"
"Neurosurgical Review","Neurosciences - Clinical Neuroscience","Springer Nature","For-profit","Hybrid","2763","Germany / UK","","","https://link.springer.com/journal/10143","0.911","Q1 (Medicine; Surgery)","83","No"
"Neurotherapeutics","Neurosciences - Clinical Neuroscience","Elsevier","For-profit associated with a society","OA","3945","Netherlands","American Society for Experimental NeuroTherapeutics","Society/Association","https://www.sciencedirect.com/journal/neurotherapeutics","2.384","Q1 (Neurology; Pharmacology)","152","No"
"Neurotoxicity Research","Molecular & Cellular Biology - Neuroscience and Neurobiology; Neurosciences - Molecular and Cellular Neuroscience","Springer Nature","For-profit associated with a society","Hybrid","2640","Germany / UK","Neurotoxicity Society","Society/Association","https://link.springer.com/journal/12640","0.861","Q2 (Neuroscience; Toxicology)","94","No"
"Neurotoxicology","Molecular & Cellular Biology - Neuroscience and Neurobiology; Neurosciences - Molecular and Cellular Neuroscience","Elsevier","For-profit associated with a society","OA","1708","Netherlands","International Neurotoxicology Association","Society/Association","https://www.sciencedirect.com/journal/neurotoxicology","1.026","Q1 (Toxicology)","141","No"
"Neurotoxicology and Teratology","Development - Neuroscience; Neurosciences - Developmental Neuroscience","Elsevier","For-profit associated with a society","Hybrid","2853","Netherlands","The Developmental Neurotoxicology Society","Society/Association","https://www.sciencedirect.com/journal/neurotoxicology-and-teratology","0.803","Q2 (Developmental Neuroscience; Toxicology)","119","No"
"New Phytologist","Ecology & Evolution - Plants; Plants - Generalist","John Wiley & Sons","For-profit associated with a society","Hybrid","5820","USA","New Phytologist Foundation","Non-profit","https://nph.onlinelibrary.wiley.com/journal/14698137","3.185","Q1 (Physiology; Plant Science)","347","No"
"News of the Lepidopterists Society","Ecology & Evolution - Zoology","The Lepidopterists' Society","Non-profit","OA diamond","0","USA","The Lepidopterists' Society / Peabody Museum of Natural History","Society/Association","https://images.peabody.yale.edu/lepsoc/nls/","","","","No"
"New Zealand Journal of Ecology","Ecology & Evolution - Genetics","New Zealand Ecological Society","Non-profit","OA","183","New Zealand","New Zealand Ecological Society","Society/Association","https://newzealandecology.org/nzje","0.451","Q2 (Ecology; Ecology, Evolution, Behavior and Systematics)","60","No"
"New Zealand Medical Journal","Generalist - Clinical/Medicine","Pasifika Medical Association Group","Non-profit","","","New Zealand","","","https://nzmj.org.nz/","0.381","Q3 (Medicine)","62","No"
"Nordic Journal of Botany","Ecology & Evolution - Botany; Plants - Generalist","John Wiley & Sons","For-profit associated with a society","Hybrid","1742","USA","Nordic Society Oikos","Society/Association","https://nsojournals.onlinelibrary.wiley.com/journal/17561051","0.342","Q3 (Ecology, Evolution, Behavior and Systematics; Plant Science)","45","PCI friendly"
"Nordic Journal of Psychiatry","Neurosciences - Clinical Neuroscience","Taylor & Francis Group","For-profit associated with a society","Hybrid","3150","USA","Nordic Psychiatric Association","Society/Association","https://www.tandfonline.com/journals/ipsc20","0.681","Q2 (Psychiatry and Mental Health)","72","No"
"Nota Lepidopterologica","Ecology & Evolution - Zoology","Pensoft Publishers","For-profit associated with a society","OA","100","Bulgaria","Societas Europaea Lepidopterologica","Society/Association","https://nl.pensoft.net/","0.357","Q2 (Animal Science and Zoology)","20","No"
"Novitates Caribaea","Ecology & Evolution - Genetics","Museo Nacional de Historia Natural de Republica Dominicana","Non-profit","OA diamond","0","Dominican Republic","Museo Nacional de Historia Natural de Republica Dominicana","University/Government","https://novitatescaribaea.do/","","","","No"
"npj Genomic Medicine","Genetics & Genomics - Medical Genetics","Springer Nature","For-profit","OA","3290","Germany / UK","Center of Excellence in Genomic Medicine Research, King Abdulaziz University","","https://www.nature.com/npjgenmed/","2.273","Q1 (Genetics; Molecular Biology)","50","No"
"npj Gut and Liver","Anatomy & Physiology - Physiology","Springer Nature","For-profit","Hybrid","2390","UK","","","https://www.nature.com/npjgutliver/","","","","No"
"NPJ Parkinson's Disease","Neurosciences - Clinical Neuroscience","Springer Nature","For-profit","OA","3060","Germany / UK","Parkinson's Foundation","","https://www.nature.com/npjparkd/","2.837","Q1 (Cellular and Molecular Neuroscience; Neurology)","66","No"
"npj Precision Oncology","Cancer - Generalist","Springer Nature","For-profit","OA","3073","Germany / UK","The Hormel Institute, University of Minnesota","University/Government","https://www.nature.com/npjprecisiononcology/","3.616","Q1 (Cancer Research; Oncology)","59","No"
"npj Systems Biology and Applications","Generalist","Springer Nature","For-profit","OA","3443","Germany / UK","Systems Biology Institute","","https://www.nature.com/npjsba/","1.309","Q1 (Applied Mathematics; Biochemistry, Genetics and Molecular Biology; Computer Science Applications; Drug Discovery; Modeling and Simulation)","43","No"
"npj Vaccines","Immunology - Vaccinology","Springer Nature","For-profit","OA","3861","Germany / UK","Sealy Center for Vaccine Development at the University of Texas Medical Branch","","https://www.nature.com/npjvaccines","2.282","Q1 (Immunology; Infectious Diseases; Pharmacology)","63","No"
"Nucleic Acids Research","Genetics & Genomics - Generalist","Oxford University Press (OUP)","University Press","OA","4012","UK","","","https://academic.oup.com/nar/","8.111","Q1 (Genetics)","714","No"
"Nutrition and Cancer","Cancer - Generalist","Taylor & Francis Group","For-profit","Hybrid","2044","USA","","","https://www.tandfonline.com/journals/hnuc20","0.706","Q2 (Medicine; Nutrition and Dietetics)","137","No"
"Oikos","Ecology & Evolution - Genetics","John Wiley & Sons","For-profit associated with a society","Hybrid","2600","USA","Nordic Society Oikos","Society/Association","https://onlinelibrary.wiley.com/journal/16000706","1.374","Q1 (Ecology, Evolution, Behavior and Systematics)","217","PCI friendly"
"OMICS: A Journal of Integrative Biology","Generalist","Sage Publishing (Mary Ann Liebert)","For-profit","Hybrid","3350","USA","","","https://home.liebertpub.com/publications/omics-a-journal-of-integrative-biology/43","0.472","Q3 (Biochemistry; Biotechnology; Genetics; Medicine; Molecular Medicine)","76","No"
"Oncogene","Cancer - Genetics","Springer Nature","For-profit","OA","4645","Germany / UK","","","https://www.nature.com/onc/","2.474","Q1 (Cancer Research; Genetics; Molecular Biology)","387","No"
"Oncogenesis","Cancer - Generalist","Springer Nature","For-profit","OA","4089","Germany","","","https://www.nature.com/oncsis/","2.081","Q1 (Cancer Research; Molecular Biology)","78","No"
"OncoImmunology","Cancer - Immunooncology; Immunology - Immunooncology","Taylor & Francis Group","For-profit","OA","2641","USA","","","https://www.tandfonline.com/journals/koni20","2.438","Q1 (Immunology; Immunology and Allergy; Oncology)","134","No"
"Oncology","Cancer - Generalist","Karger Publishers","For-profit","","","Switzerland","","","https://karger.com/ocl","0.596","Q2 (Medicine)","112","No"
"Oncoscience","Cancer - Generalist","Rapamycin Press LLC (Impact Journals)","For-profit","Hybrid","837","USA","","","https://www.oncoscience.us/","","","","No"
"Oncotarget","Cancer - Generalist","Rapamycin Press LLC (Impact Journals)","For-profit","OA","2691","USA","","","https://www.oncotarget.com/","0.828","Q2 (Oncology)","201","No"
"One Health","Ecology & Evolution - Health; Generalist - Clinical/Medicine","Elsevier","For-profit associated with a society","OA","2936","Netherlands","International Federation for Tropical Medicine","Society/Association","https://www.sciencedirect.com/journal/one-health","1.343","Q1 (Infectious Diseases; Public Health, Environmental and Occupational Health)","52","No"
"Open Biology","Generalist; Molecular & Cellular Biology - Biochemistry and Molecular Biology","The Royal Society","Non-profit","OA","2532","UK","The Royal Society","Society/Association","https://royalsocietypublishing.org/journal/rsob","1.335","Q1 (Biochemistry, Genetics and Molecular Biology; Neuroscience)","93","No"
"Open Mind","Neurosciences - Cognitive Neuroscience","MIT Press","University Press","OA diamond","0","USA","","University/Government","https://direct.mit.edu/opmi","1.314","Q1 (Cognitive Neuroscience; Developmental and Educational Psychology; Experimental and Cognitive Psychology; Linguistics and Language)","15","No"
"Open Research Europe","Generalist","European Commission","Non-profit","OA diamond","0","UK","European Commission","","https://open-research-europe.ec.europa.eu/","0.391","Q2 (Multidisciplinary)","17","No"
"Organisms Diversity & Evolution","Ecology & Evolution - Genetics","Springer Nature","For-profit associated with a society","Hybrid","2514","Germany / UK","Gesellschaft fuer Biologische Systematik","Society/Association","https://www.springer.com/journal/13127","0.583","Q2 (Ecology, Evolution, Behavior and Systematics)","58","No"
"Organogenesis","Development - Generalist","Taylor & Francis Group","For-profit","OA","2875","USA","-","","https://www.tandfonline.com/journals/kogg20","1.233","Q1 (Biomedical Engineering; Developmental Biology; Embryology; Transplantation)","66","No"
"Ornis Fennica","Ecology & Evolution - Genetics","BirdLife Finland","Non-profit","OA diamond","0","Finland","BirdLife Finland","Non-profit","https://www.ornisfennica.org/","0.254","Q3 (Animal Science and Zoology)","37","No"
"Ornithological Applications","Ecology & Evolution - Zoology","Oxford University Press (OUP)","University Press associated with a society","Hybrid","","UK","American Ornithological Society","Society/Association","https://academic.oup.com/condor/","0.963","Q1 (Animal Science and Zoology; Ecology, Evolution, Behavior and Systematics)","19","No"
"Ornithological Science","Ecology & Evolution - Zoology","The Ornithological Society of Japan","Non-profit","Subscription","","Japan","The Ornithological Society of Japan","Society/Association","https://ornithology.jp/en/publications.html","0.206","Q4 (Animal Science and Zoology)","24","No"
"Ornithology","Ecology & Evolution - Zoology","Oxford University Press (OUP)","University Press associated with a society","Hybrid","1444","UK","American Ornithological Society","Society/Association","https://academic.oup.com/auk","0.565","Q1 (Animal Science and Zoology)","4","No"
"Paleobiology","Ecology & Evolution - Evolution","Cambridge University Press (CUP)","University Press","Hybrid","2019","UK","","","https://www.cambridge.org/core/journals/paleobiology","0.988","Q1 (Agricultural and Biological Sciences; Ecology; Ecology, Evolution, Behavior and Systematics; Paleontology)","110","No"
"Parasite","Ecology & Evolution - Health; Immunology - Parasitology","China Science Publishing & Media (EDP Sciences)","For-profit associated with a society","OA","1320","China / France","French Society of Parasitology","Society/Association","https://www.parasite-journal.org/","0.718","Q1 (Agricultural and Biological Sciences; Animal Science and Zoology; Insect Science; Parasitology; Veterinary)","62","No"
"Parasites, Hosts and Diseases","Ecology & Evolution - Health; Immunology - Parasitology","The Korean Society for Parasitology and Tropical Medicine","Non-profit","OA","","Republic of Korea (South Korea)","The Korean Society for Parasitology and Tropical Medicine","Society/Association","https://www.parahostdis.org/authors/authors.php","0.406","Q3 (Infectious Diseases; Parasitology)","54","No"
"Parasitology International","Ecology & Evolution - Health; Immunology - Parasitology","Elsevier","For-profit associated with a society","Hybrid","2903","Netherlands","Japanese Society of Parasitology","Society/Association","https://www.sciencedirect.com/journal/parasitology-international","0.539","Q2 (Parasitology)","73","No"
"Pediatric and Developmental Pathology","Development - Childhood and Adolescence","Sage Publishing","For-profit associated with a society","","","USA","Society for Pediatric Pathology & Paediatric Pathology Society","Society/Association","https://journals.sagepub.com/home/pdpa","0.474","Q2 (Pathology and Forensic Medicine; Pediatrics, Perinatology and Child Health)","74","No"
"Pedosphere","Ecology & Evolution - Applied Ecology","Elsevier","For-profit associated with a society","Hybrid","2654","Netherlands","Soil Science Society of China and the Institute of Soil Science / Chinese Academy of Sciences","Society/Association","https://www.sciencedirect.com/journal/pedosphere","1.473","Q1 (Soil Science)","102","No"
"Peer Community Journal","Generalist","Peer Community In","Non-profit","OA diamond","0","France","Peer Community In (PCI)","Non-profit","https://peercommunityjournal.org/","0.922","Q1 (Agricultural and Biological Sciences; Animal Science and Zoology; Ecology, Evolution, Behavior and Systematics)","16","PCI friendly"
"PeerJ","Generalist","Taylor & Francis Group (PeerJ)","For-profit","OA","1972","UK","","","https://peerj.com/journals/peerj/","0.685","Q1 (Agricultural and Biological Sciences)","136","No"
"PeerJ Computer Science","Generalist - Computational Biology","Taylor & Francis Group (PeerJ)","For-profit","OA","1651","UK","","","https://peerj.com/computer-science/","0.618","Q2 (Computer Science)","72","PCI friendly"
"People & Nature","Ecology & Evolution - Applied Ecology","John Wiley & Sons","For-profit associated with a society","OA","1744","UK","British Ecological Society","Society/Association","https://besjournals.onlinelibrary.wiley.com/journal/25758314","1.79","Q1 (Ecology, Evolution, Behavior and Systematics)","55","No"
"Perceptual and Motor Skills","Neurosciences - Neurophysiology","Sage Publishing","For-profit","","","USA","","","https://journals.sagepub.com/home/pms","0.587","Q3 (Experimental and Cognitive Psychology; Sensory Systems)","86","No"
"Personality and Individual Differences","Ecology & Evolution - Genetics","Elsevier","For-profit associated with a society","Hybrid","2910","Netherlands","International Society for the Study of Individual Differences","Society/Association","https://www.journals.elsevier.com/personality-and-individual-differences","1.189","Q1 (Psychology)","228","No"
"Personality Neuroscience","Neurosciences - Cognitive Neuroscience","Cambridge University Press (CUP)","University Press","OA","2844","UK","","University/Government","https://www.cambridge.org/core/journals/personality-neuroscience","0.555","Q3 (Behavioral Neuroscience; Cognitive Neuroscience; Neurology; Psychiatry and Mental Health)","11","No"
"Persoonia: Molecular Phylogeny and Evolution of Fungi","Ecology & Evolution - Fungi","Naturalis Biodiversity Center","Non-profit","OA diamond","0","Netherlands","Naturalis Biodiversity Center and the Westerdijk Fungal Biodiversity Institute","University/Government","https://www.persoonia.org/","2.63","Q1 (Ecology, Evolution, Behavior and Systematics; Plant Science)","96","No"
"Perspectives in Ecology and Conservation","Ecology & Evolution - Applied Ecology","Elsevier","For-profit associated with a society","OA diamond","0","Netherlands","Brazilian Association for Ecological Science and Conservation","Non-profit","https://www.sciencedirect.com/journal/perspectives-in-ecology-and-conservation","1.376","Q1 (Ecology; Management, Monitoring, Policy and Law; Nature and Landscape Conservation)","55","No"
"Perspectives in Plant Ecology, Evolution and Systematics","Plants - Generalist","Elsevier","For-profit","Hybrid","1775","Netherlands","","","https://www.sciencedirect.com/journal/perspectives-in-plant-ecology-evolution-and-systematics","0.918","Q1 (Ecology, Evolution, Behavior and Systematics; Plant Science)","97","No"
"Perspectives on Psychological Science","Neurosciences - Cognitive Neuroscience","Sage Publishing","For-profit associated with a society","Hybrid","3087","USA","Association for Psychological Science","Society/Association","https://journals.sagepub.com/home/ppsa","4.859","Q1 (Psychology)","213","No"
"Pflügers Archiv - European Journal of Physiology","Anatomy & Physiology - Physiology","Springer Nature","For-profit associated with a society","Hybrid","2478","Germany / UK","German Physiological Society","Society/Association","https://link.springer.com/journal/424","1.066","Q1 (Clinical Biochemistry)","153","No"
"Philosophical Transactions of the Royal Society B: Biological Sciences","Generalist","The Royal Society","Non-profit","Hybrid","2700","UK","The Royal Society","Society/Association","https://royalsocietypublishing.org/rstb","1.725","Q1 (Agricultural and Biological Sciences; Biochemistry, Genetics and Molecular Biology)","350","No"
"Philosophy, Theory, and Practice in Biology","Generalist - History/Philosophy of Biology","Michigan Publishing","University Press","OA","","USA","","","https://journals.publishing.umich.edu/ptpbio/","","","","No"
"Phycologia","Ecology & Evolution - Genetics; Plants - Generalist","Taylor & Francis Group","For-profit associated with a society","Hybrid","2650","UK","International Phycological Society","Society/Association","https://www.tandfonline.com/journals/uphy20","0.46","Q2 (Aquatic Science; Plant Science)","81","No"
"Physiological and Molecular Plant Pathology","Plants - Molecular and Cellular Biology","Elsevier","For-profit","Hybrid","2156","Netherlands","","","https://www.sciencedirect.com/journal/physiological-and-molecular-plant-pathology","0.744","Q1 (Plant Science)","96","No"
"Physiological Genomics","Anatomy & Physiology - Physiology; Genetics & Genomics - Genomics","American Physiological Society (APS)","Non-profit","Hybrid","1548","USA","American Physiological Society","Society/Association","https://journals.physiology.org/journal/physiolgenomics","0.882","Q2 (Genetics; Physiology)","132","No"
"Physiological Reports","Anatomy & Physiology - Physiology","John Wiley & Sons","For-profit associated with a society","OA","912","USA","The Physiological Society; American Physiological Society","Society/Association","https://physoc.onlinelibrary.wiley.com/journal/2051817X","0.707","Q2 (Physiology)","72","No"
"Physiological Reviews","Anatomy & Physiology - Physiology","American Physiological Society (APS)","Non-profit","Hybrid","4374","USA","American Physiological Society","Society/Association","https://journals.physiology.org/journal/physrev","11.493","Q1 (Medicine; Molecular Biology; Physiology)","417","No"
"Physiology","Anatomy & Physiology - Physiology","American Physiological Society (APS)","Non-profit","Hybrid","","USA","American Physiological Society","Society/Association","https://journals.physiology.org/journal/physiologyonline","2.136","Q1 (Physiology)","154","No"
"Phytobiomes Journal","Ecology & Evolution - Genetics","American Physiological Society (APS)","Non-profit","Hybrid","2820","USA","The American Phytopathological Society","Society/Association","https://apsjournals.apsnet.org/journal/pbiomes","0.822","Q1 (Agronomy and Crop Science; Ecology; Ecology, Evolution, Behavior and Systematics; Plant Science)","36","No"
"Phytochemistry Reviews","Plants - Molecular and Cellular Biology","Springer Nature","For-profit","Hybrid","2662","Germany / UK","","","https://link.springer.com/journal/11101","1.59","Q1 (Biotechnology; Plant Science)","124","No"
"Plant and Cell Physiology","Molecular & Cellular Biology - Plant Biology and Physiology; Plants - Physiology","Oxford University Press (OUP)","University Press","Hybrid","2990","UK","","","https://academic.oup.com/pcp","1.586","Q1 (Medicine; Physiology; Plant Science)","199","No"
"Plant and Soil","Plants - Agriculture","Springer Nature","For-profit","Hybrid","3593","Germany / UK","","","https://link.springer.com/journal/11104","1.327","Q1 (Plant Science; Soil Science)","250","No"
"Plant Biology","Ecology & Evolution - Plants; Plants - Generalist","John Wiley & Sons","For-profit associated with a society","Hybrid","2516","USA","German Society for Plant Sciences / Royal Botanical Society of the Netherlands","Society/Association","https://onlinelibrary.wiley.com/journal/14388677","1.066","Q1 (Ecology, Evolution, Behavior and Systematics; Medicine; Plant Science)","121","No"
"Plant Biosystems","Ecology & Evolution - Plants; Plants - Generalist","Taylor & Francis Group","For-profit associated with a society","Hybrid","2320","UK","Italian Botanical Society","Society/Association","https://www.tandfonline.com/toc/tplb20/current","0.474","Q2 (Ecology, Evolution, Behavior and Systematics; Plant Science)","68","No"
"Plant Biotechnology Journal","Plants - Molecular and Cellular Biology","John Wiley & Sons","For-profit associated with a society","OA","3379","USA","Society for Experimental Biology; Association of Applied Biologists","Society/Association","https://onlinelibrary.wiley.com/journal/14677652","3.382","Q1 (Agronomy and Crop Science; Biotechnology; Plant Science)","176","No"
"Plant Cell Reports","Plants - Molecular and Cellular Biology","Springer Nature","For-profit","Hybrid","3304","Germany / UK","","","https://link.springer.com/journal/299","1.385","Q1 (Agronomy and Crop Science; Medicine; Plant Science)","144","No"
"Plant Communications","Plants - Generalist","Elsevier (Cell Press)","For-profit associated with a society","OA","1941","USA","Institute of Plant Physiology and Ecology, Shanghai Institutes for Biological Sciences, Chinese Academy of Sciences; Chinese Society for Plant Biology","Society/Association","https://www.cell.com/plant-communications","3.739","Q1 (Biochemistry; Biotechnology; Cell Biology; Molecular Biology; Plant Science)","63","No"
"Plant Direct","Ecology & Evolution - Plants; Plants - Generalist","John Wiley & Sons","For-profit associated with a society","OA","2138","USA","American Society of Plant Biologists / Society for Experimental Biology","Society/Association","https://onlinelibrary.wiley.com/journal/24754455","0.849","Q1 (Ecology; Ecology, Evolution, Behavior and Systematics; Plant Science)","39","No"
"Plant Diversity","Ecology & Evolution - Plants; Plants - Ecology","Elsevier","For-profit associated with a society","OA diamond","0","Netherlands","Kunming Institute of Botany, Chinese Academy of Sciences and Botanical Society of China","Society/Association","https://www.sciencedirect.com/journal/plant-diversity","1.422","Q1 (Ecology, Evolution, Behavior and Systematics; Plant Science)","46","No"
"Plant Ecology and Evolution","Ecology & Evolution - Plants","Meise Botanic Garden / Royal Botanical Society of Belgium","Non-profit","OA diamond","0","Belgium","Meise Botanic Garden / Royal Botanical Society of Belgium","Society/Association","https://plecevo.eu/","0.39","Q2 (Plant Science)","41","No"
"Plant Ecology & Diversity","Ecology & Evolution - Plants; Plants - Ecology","Taylor & Francis Group","For-profit associated with a society","Hybrid","1052","UK","Botanical Society of Scotland","Society/Association","https://www.tandfonline.com/journals/tped20","0.418","Q2 (Ecology; Ecology, Evolution, Behavior and Systematics; Plant Science)","49","No"
"Plant Gene","Genetics & Genomics - Plant Genetics; Plants - Genetics","Elsevier","For-profit","Hybrid","981","Netherlands","","","https://www.sciencedirect.com/journal/plant-gene","0.463","Q2 (Plant Science)","40","No"
"Plant Genetic Resources","Genetics & Genomics - Plant Genetics; Plants - Genetics","Cambridge University Press (CUP)","University Press associated with a society","Hybrid","2366","UK","the National Institute of Agricultural Botany","University/Government","https://www.cambridge.org/core/journals/plant-genetic-resources","0.275","Q3 (Agronomy and Crop Science; Plant Science)","47","No"
"Plant Growth Regulation","Plants - Development","Springer Nature","For-profit","Hybrid","2815","Germany / UK","","","https://link.springer.com/journal/10725","0.915","Q1 (Agronomy and Crop Science; Plant Science)","135","No"
"Plant Methods","Plants - Generalist","Springer Nature (BioMed Central)","For-profit","OA","2287","UK","","","https://plantmethods.biomedcentral.com/","0.993","Q1 (Biotechnology; Plant Science)","113","No"
"Plant Molecular Biology","Molecular & Cellular Biology - Plant Biology and Physiology; Plants - Molecular and Cellular Biology","Springer Nature","For-profit","Hybrid","3034","Germany / UK","","","https://link.springer.com/journal/11103","1.113","Q1 (Agronomy and Crop Science; Medicine; Plant Science)","208","No"
"Plant Molecular Biology Reporter","Molecular & Cellular Biology - Plant Biology and Physiology; Plants - Molecular and Cellular Biology","Springer Nature","For-profit","Hybrid","3138","Germany / UK","","","https://link.springer.com/journal/11105","0.484","Q2 (Plant Science)","76","No"
"Plant Nano Biology","Plants - Molecular and Cellular Biology","Elsevier","For-profit","OA","1785","Netherlands","","","https://www.sciencedirect.com/journal/plant-nano-biology","1.318","Q1 (Agronomy and Crop Science; Plant Science)","26","No"
"Plant Phenomics","Plants - Generalist","Elsevier","For-profit","OA","2258","Netherlands","Nanjing Agricultural University","","https://www.sciencedirect.com/journal/plant-phenomics","1.71","Q1 (Agronomy and Crop Science; Plant Science)","40","No"
"Plant Physiology","Plants - Physiology","Oxford University Press (OUP)","University Press","Hybrid","4329","UK","","","https://academic.oup.com/plphys","2.221","Q1 (Genetics; Physiology; Plant Science)","391","No"
"Plant Physiology and Biochemistry","Molecular & Cellular Biology - Plant Biology and Physiology; Plants - Physiology","Elsevier","For-profit associated with a society","Hybrid","4220","Netherlands","Federation of European Societies of Plant Biology (FESPB); Société Française de Biologie Végétale (SFBV)","Society/Association","https://www.sciencedirect.com/journal/plant-physiology-and-biochemistry","1.312","Q1 (Biochemistry; Genetics; Physiology; Plant Science)","183","No"
"Plant Reproduction","Plants - Development","Springer Nature","For-profit","Hybrid","4037","Germany / UK","","","https://link.springer.com/journal/497","1.005","Q1 (Plant Science)","73","No"
"Plant Science","Plants - Generalist","Elsevier","For-profit","Hybrid","2469","Netherlands","","","https://www.journals.elsevier.com/plant-science","1.207","Q1 (Agronomy and Crop Science; Genetics; Medicine; Plant Science)","201","No"
"Plant Science Letters","Plants - Generalist","Elsevier","For-profit","","","Netherlands","","","https://www.sciencedirect.com/journal/plant-science-letters","","","","No"
"Plant Signaling and Behavior","Plants - Physiology","Taylor & Francis Group","For-profit","OA","2520","USA","","","https://www.tandfonline.com/journals/kpsb20","1.003","Q1 (Plant Science)","123","No"
"Plant Sociology","Ecology & Evolution - Plants","Pensoft Publishers","For-profit associated with a society","OA","305","Bulgaria","Societa Italiana di Scienza della Vegetazione","Society/Association","https://plantsociology.arphahub.com/","0.502","Q2 (Ecology; Ecology, Evolution, Behavior and Systematics; Forestry; Plant Science)","31","No"
"Plants People Planet","Ecology & Evolution - Genetics","John Wiley & Sons","For-profit associated with a society","OA","2564","UK","New Phytologist Foundation","Non-profit","https://nph.onlinelibrary.wiley.com/journal/25722611","1.121","Q1 (Ecology, Evolution, Behavior and Systematics; Forestry; Horticulture; Plant Science)","41","No"
"Plant Stress","Plants - Physiology","Elsevier","For-profit","OA","987","Netherlands","","","https://www.sciencedirect.com/journal/plant-stress","1.517","Q1 (Ecology, Evolution, Behavior and Systematics; Plant Science)","50","No"
"Plos Biology","Generalist","Public Library of Science (PLoS)","Non-profit","OA","5372","USA","","","https://journals.plos.org/plosbiology/","2.525","Q1 (Agricultural and Biological Sciences; Biochemistry, Genetics and Molecular Biology; Immunology and Microbiology; Neuroscience)","328","PCI friendly"
"PLoS Computational Biology","Ecology & Evolution - Theory; Generalist - Computational Biology","Public Library of Science (PLoS)","Non-profit","OA","2700","USA","Public Library of Sciences","Non-profit","https://journals.plos.org/ploscompbiol/","1.466","Q1 (Computational Theory and Mathematics; Ecology; Ecology, Evolution, Behavior and Systematics; Genetics; Modeling and Simulation; Molecular Biology)","237","No"
"PLoS Genetics","Ecology & Evolution - Genetics; Genetics & Genomics - Generalist","Public Library of Science (PLoS)","Non-profit","OA","3102","USA","Public Library of Sciences","Non-profit","https://journals.plos.org/plosgenetics/","1.857","Q1 (Cancer Research; Ecology, Evolution, Behavior and Systematics; Genetics; Molecular Biology)","292","No"
"PLoS Neglected Tropical Diseases","Ecology & Evolution - Health; Immunology - Immunopathology","Public Library of Science (PLoS)","Non-profit","OA","2901","USA","Public Library of Science (PLoS)","Non-profit","https://journals.plos.org/plosntds/","1.29","Q1 (Infectious Diseases; Pharmacology, Toxicology and Pharmaceutics; Public Health, Environmental and Occupational Health)","182","No"
"Plos One","Generalist","Public Library of Science (PLoS)","Non-profit","OA","2061","USA","","","https://journals.plos.org/plosone/","0.726","Q1 (Multidisciplinary)","500","PCI friendly"
"PLoS Pathogens","Ecology & Evolution - Health; Immunology - Immunopathology","Public Library of Science (PLoS)","Non-profit","OA","2649","USA","Public Library of Sciences","Non-profit","https://journals.plos.org/plospathogens/","1.932","Q1 (Genetics; Immunology; Microbiology; Molecular Biology; Parasitology; Virology)","274","No"
"Polish Journal of Ecology","Ecology & Evolution - Basic Ecology","Museum and Institute of Zoology / Polish Academy of Science","Non-profit","Subscription","","Poland","Museum and Institute of Zoology / Polish Academy of Science","University/Government","https://bioone.org/journals/polish-journal-of-ecology","0.14","Q4 (Ecology; Ecology, Evolution, Behavior and Systematics)","35","No"
"Population Ecology","Ecology & Evolution - Genetics","John Wiley & Sons","For-profit associated with a society","Hybrid","2500","USA","Society of Population Ecology","Society/Association","https://esj-journals.onlinelibrary.wiley.com/journal/1438390x","0.449","Q2 (Ecology, Evolution, Behavior and Systematics)","71","No"
"Prescrire","Generalist - Clinical/Medicine","Association mieux prescrire","Non-profit","","","France","Association mieux prescrire","Society/Association","https://www.prescrire.org/","","","","No"
"Prescrire International","Generalist - Clinical/Medicine","Association mieux prescrire","Non-profit","","","France","Association mieux prescrire","Society/Association","https://english.prescrire.org/en/Summary.aspx","0.184","Q4 (Pharmacology)","14","No"
"Primate Conservation","Ecology & Evolution - Applied Ecology","Re:wild / the Margot Marsh Biodiversity Foundation","Non-profit","OA diamond","0","USA","The Primate Specialist Group","Society/Association","https://www.primate-sg.org/primate_conservation/","0.407","Q2 (Animal Science and Zoology; Ecology, Evolution, Behavior and Systematics; Nature and Landscape Conservation)","21","No"
"Proceedings of the National Academy of Sciences of the USA (PNAS)","Generalist","USA National Academy of Sciences","Non-profit","Hybrid","3838","USA","USA National Academy of Sciences","","https://www.pnas.org/","3.283","Q1 (Multidisciplinary)","929","No"
"Proceedings of the National Academy of Sciences of the USA (PNAS) Nexus","Generalist","Oxford University Press (OUP)","University Press associated with a society","OA","4260","UK","USA National Academy of Sciences","","https://academic.oup.com/pnasnexus","1.339","Q1 (Multidisciplinary)","34","No"
"Proceedings of the Royal Society A - Mathematical Physical and Engineering Sciences","Ecology & Evolution - Theory","The Royal Society","Non-profit","Hybrid","2759","UK","The Royal Society","Society/Association","https://royalsocietypublishing.org/rspa","0.735","Q1 (Engineering; Mathematics; Physics and Astronomy)","173","No"
"Proceedings of the Royal Society B: Biological Sciences","Generalist","The Royal Society","Non-profit","Hybrid","2564","UK","The Royal Society","Society/Association","https://royalsocietypublishing.org/journal/rspb","1.408","Q1 (Agricultural and Biological Sciences; Biochemistry, Genetics and Molecular Biology; Environmental Science; Immunology and Microbiology; Medicine)","313","No"
"Progress in Biophysics and Molecular Biology","Molecular & Cellular Biology - Biochemistry and Molecular Biology","Elsevier","For-profit","Hybrid","3107","Netherlands","","","https://www.sciencedirect.com/journal/progress-in-biophysics-and-molecular-biology","0.999","Q1 (Biophysics)","131","No"
"Progress in Brain Research","Neurosciences - Generalist","Elsevier","For-profit","Hybrid","","Netherlands","","","https://www.elsevier.com/books-and-journals/book-series/progress-in-brain-research","0.21","Q4 (Neuroscience)","172","No"
"Progress in Neurobiology","Neurosciences - Generalist","Elsevier","For-profit","Hybrid","2778","Netherlands","","","https://www.sciencedirect.com/journal/progress-in-neurobiology","2.405","Q1 (Neuroscience)","272","No"
"Proteins: Structure, Function, and Bioinformatics","Molecular & Cellular Biology - Structural Biology and Biophysics","John Wiley & Sons","For-profit","Hybrid","2580","USA","","","https://onlinelibrary.wiley.com/journal/10970134","1.096","Q2 (Biochemistry; Genetics; Molecular Biology; Structural Biology)","214","No"
"Psychiatric Genetics","Genetics & Genomics - Medical Genetics; Neurosciences - Clinical Neuroscience","Wolters Kluwer (Lippincott)","For-profit associated with a society","Hybrid","2092","Netherlands / USA","International Society of Psychiatric Genetics","Society/Association","https://journals.lww.com/psychgenetics/pages/default.aspx","0.401","Q3 (Genetics; Psychiatry and Mental Health)","67","No"
"Psychiatry Research","Neurosciences - Clinical Neuroscience","Elsevier","For-profit","Hybrid","2331","Netherlands","","","https://www.sciencedirect.com/journal/psychiatry-research","1.661","Q1 (Biological Psychiatry; Psychiatry and Mental Health)","198","No"
"Psychiatry Research: Neuroimaging","Neurosciences - Methods","Elsevier","For-profit associated with a society","Hybrid","3521","Netherlands","International Society for Neuroimaging in Psychiatry","Society/Association","https://www.sciencedirect.com/journal/psychiatry-research-neuroimaging","0.819","Q2 (Neuroscience; Psychiatry and Mental Health; Radiology, Nuclear Medicine and Imaging)","128","No"
"Psychological Bulletin","Neurosciences - Cognitive Neuroscience","American Psychological Association (APA)","Non-profit","Hybrid","3777","USA","American Psychological Association","Society/Association","https://www.apa.org/pubs/journals/bul","8.496","Q1 (History and Philosophy of Science; Psychology)","396","No"
"Psychological Medicine","Neurosciences - Clinical Neuroscience","Cambridge University Press (CUP)","University Press","Hybrid","3611","UK","","","https://www.cambridge.org/core/journals/psychological-medicine","2.192","Q1 (Applied Psychology; Psychiatry and Mental Health)","262","No"
"Psychological Methods","Neurosciences - Cognitive Neuroscience","American Psychological Association (APA)","Non-profit","Hybrid","3322","USA","American Psychological Association","Society/Association","https://www.apa.org/pubs/journals/met/index","4.769","Q1 (History and Philosophy of Science; Psychology)","204","No"
"Psychological Review","Neurosciences - Cognitive Neuroscience","American Psychological Association (APA)","Non-profit","Hybrid","3093","USA","American Psychological Association","Society/Association","https://www.apa.org/pubs/journals/rev","3.222","Q1 (History and Philosophy of Science; Psychology)","259","No"
"Psychological Science","Neurosciences - Cognitive Neuroscience","Sage Publishing","For-profit associated with a society","Hybrid","627","USA","Association for Psychological Science","Society/Association","https://journals.sagepub.com/home/pssa","2.309","Q1 (Psychology)","345","No"
"Psychology and Aging","Neurosciences - Developmental Neuroscience","American Psychological Association (APA)","Non-profit","Hybrid","2993","USA","American Psychological Association","Society/Association","https://www.apa.org/pubs/journals/pag","1.233","Q1 (Geriatrics and Gerontology; Social Psychology)","186","No"
"Psychology and Neuroscience","Neurosciences - Cognitive Neuroscience","American Psychological Association (APA)","Non-profit","OA diamond","0","USA","American Psychological Association","Society/Association","https://www.apa.org/pubs/journals/pne","0.396","Q3 (Neuropsychology and Physiological Psychology)","27","No"
"Psychology of Addictive Behaviors","Neurosciences - Addiction","American Psychological Association (APA)","Non-profit","Hybrid","3510","USA","American Psychological Association (APA)","Society/Association","https://www.apa.org/pubs/journals/adb/","1.026","Q1 (Clinical Psychology; Medicine)","132","No"
"Psychophysiology","Neurosciences - Neurophysiology","John Wiley & Sons","For-profit associated with a society","Hybrid","3350","USA","Society for Psychophysiological Research","Society/Association","https://onlinelibrary.wiley.com/journal/14698986","1.233","Q1 (Cognitive Neuroscience; Developmental and Educational Psychology; Experimental and Cognitive Psychology; Neurology; Neuropsychology and Physiological Psychology; Neuroscience; Physiology)","191","No"
"Quantitative Plant Biology","Plants - Generalist","Cambridge University Press (CUP)","University Press","OA","2402","UK","The John Innes Centre","","https://www.cambridge.org/core/journals/quantitative-plant-biology","0.927","Q1 (Plant Science)","12","PCI friendly"
"Quantitative Science Studies","Generalist","MIT Press","University Press associated with a society","OA","1104","USA","International Society for Scientometrics and Informetrics (ISSI)","Society/Association","https://direct.mit.edu/qss","1.207","Q1 (Analysis; Cultural Studies; Library and Information Sciences; Numerical Analysis)","38","No"
"Raffles Bulletin of Zoology","Ecology & Evolution - Zoology","Lee Kong Chian Natural History Museum","Non-profit","OA diamond","0","Singapore","Lee Kong Chian Natural History Museum","University/Government","https://lkcnhm.nus.edu.sg/publications/raffles-bulletin-of-zoology/","0.429","Q2 (Animal Science and Zoology; Ecology, Evolution, Behavior and Systematics)","47","No"
"Rapid Reviews\Infectious Diseases","Immunology - Immunopathology","MIT Press","University Press","","","USA","","","https://rrid.mitpress.mit.edu/","","","","No"
"Records of the Australian Museum","Ecology & Evolution - Genetics","Australian Museum","Non-profit","OA diamond","0","Australia","Australian Museum","University/Government","https://australian.museum/learn/publications/records-of-the-australian-museum-journal/","0.398","Q1 (History; Museology)","25","No"
"Regenerative Medicine","Molecular & Cellular Biology - Clinical and Medical Sciences","Taylor & Francis Group","For-profit","Hybrid","3238","USA","","","https://www.tandfonline.com/journals/irme20","0.487","Q2 (Embryology)","80","No"
"Regenerative Therapy","Molecular & Cellular Biology - Clinical and Medical Sciences","Elsevier","For-profit associated with a society","OA","154","Netherlands","Japanese Society for Regenerative Medicine","Society/Association","https://www.journals.elsevier.com/regenerative-therapy","0.836","Q2 (Biomaterials; Biomedical Engineering; Developmental Biology)","42","No"
"Remote Sensing in Ecology and Conservation","Ecology & Evolution - Applied Ecology","John Wiley & Sons","For-profit associated with a society","OA","3195","UK","Zoological Society of London","Society/Association","https://zslpublications.onlinelibrary.wiley.com/journal/20563485","1.574","Q1 (Computers in Earth Sciences; Ecology; Ecology, Evolution, Behavior and Systematics; Nature and Landscape Conservation)","51","No"
"Reproduction","Development - Reproduction","Oxford University Press (OUP)","University Press associated with a society","Hybrid","3794","UK","Society for Reproduction and Fertility","Society/Association","https://rep.bioscientifica.com/","1.076","Q1 (Embryology; Obstetrics and Gynecology; Reproductive Medicine)","182","No"
"Reproduction, Fertility and Development","Development - Reproduction","CSIRO Publishing","Non-profit","Hybrid","2336","Australia","-","","https://connectsci.au/rd","0.495","Q2 (Animal Science and Zoology)","91","No"
"Reproductive Biology","Development - Reproduction","Elsevier","For-profit","Hybrid","2351","Netherlands","-","","https://www.sciencedirect.com/journal/reproductive-biology","0.684","Q1 (Animal Science and Zoology)","52","No"
"Reproductive Biology and Endocrinology","Development - Reproduction","Springer Nature","For-profit","OA","3654","Germany / UK","-","","https://link.springer.com/journal/12958","1.511","Q1 (Developmental Biology; Endocrinology; Obstetrics and Gynecology; Reproductive Medicine)","124","No"
"ReScience C","Generalist","GitHub (Microsoft)","Non-profit","OA","","USA","GitHub","","https://rescience.github.io/","","","","No"
"Research in Autism","Neurosciences - Clinical Neuroscience","Elsevier","For-profit","","","Netherlands","","","https://www.sciencedirect.com/journal/research-in-autism","0.785","Q2 (Clinical Psychology; Developmental and Educational Psychology; Psychiatry and Mental Health)","108","No"
"Research in Microbiology","Molecular & Cellular Biology - Microbiology and Infectious Diseases","Elsevier","For-profit associated with a society","Hybrid","1507","Netherlands","Institut Pasteur","University/Government","https://www.pasteur.fr/fr/research-microbiology","0.916","Q1 (Medicine)","129","No"
"Respiratory Physiology and Neurobiology","Neurosciences - Neurophysiology","Elsevier","For-profit","Hybrid","1738","Netherlands","","","https://www.sciencedirect.com/journal/respiratory-physiology-and-neurobiology","0.556","Q2 (Pulmonary and Respiratory Medicine)","119","No"
"Restoration Ecology","Ecology & Evolution - Applied Ecology","John Wiley & Sons","For-profit associated with a society","Hybrid","3007","USA","Society for Ecological Restoration","Society/Association","https://onlinelibrary.wiley.com/journal/1526100x","1.102","Q1 (Ecology; Ecology, Evolution, Behavior and Systematics; Nature and Landscape Conservation)","131","No"
"Retrovirology","Immunology - Virology","Springer Nature (BioMed Central)","For-profit","OA","2345","UK","","","https://retrovirology.biomedcentral.com/","1.355","Q1 (Infectious Diseases; Virology)","104","No"
"Reviews in Medical Virology","Immunology - Virology","John Wiley & Sons","For-profit","Hybrid","3195","USA","","","https://onlinelibrary.wiley.com/journal/10991654","1.769","Q1 (Infectious Diseases; Virology)","115","No"
"Reviews in the Neurosciences","Neurosciences - Generalist","De Gruyter Brill","For-profit","Hybrid","2832","Germany","","","https://www.degruyterbrill.com/journal/key/revneuro/html","1.291","Q1 (Neuroscience)","97","No"
"Revista de Biologia Tropical","Ecology & Evolution - Applied Ecology","Editorial de la Universidad de Costa Rica","University Press","OA","997","Costa Rica","University of Costa Rica","University/Government","https://revistas.ucr.ac.cr/index.php/rbt/about","0.263","Q3 (Agricultural and Biological Sciences)","52","No"
"Revista de la Sociedad Entomologica Argentina","Ecology & Evolution - Zoology","Sociedad Entomologica Argentina","Non-profit","OA diamond","0","Argentina","Sociedad Entomologica Argentina","Non-profit","https://www.biotaxa.org/RSEA","0.245","Q3 (Ecology; Ecology, Evolution, Behavior and Systematics; Insect Science)","9","No"
"Revue de Primatologie","Ecology & Evolution - Zoology","OpenEdition","Non-profit","OA diamond","0","France","Societe Francophone de Primatologie","Society/Association","https://journals.openedition.org/primatologie/","","","","No"
"Revue Suisse de Zoologie","Ecology & Evolution - Zoology","Muséum d'Histoire Naturelle de Genève","Non-profit","OA","","Switzerland","Muséum d'Histoire Naturelle de Genève","Society/Association","https://bioone.org/journals/revue-suisse-de-zoologie","0.395","Q2 (Ecology, Evolution, Behavior and Systematics)","32","No"
"Rice","Plants - Agriculture","Springer Nature","For-profit","OA","2636","Germany / UK","","","https://link.springer.com/journal/12284","1.524","Q1 (Agronomy and Crop Science; Plant Science; Soil Science)","88","No"
"Ringing and Migration","Ecology & Evolution - Zoology","Taylor & Francis Group","For-profit associated with a society","Subscription","","UK","European Union for Bird Ringing","Society/Association","https://www.tandfonline.com/toc/tram20/current","0.182","Q4 (Animal Science and Zoology)","24","No"
"RNA Biology","Molecular & Cellular Biology - Biochemistry and Molecular Biology","Taylor & Francis Group","For-profit","OA","3432","USA","","","https://www.tandfonline.com/journals/krnb20","1.504","Q1 (Molecular Biology)","121","No"
"Royal Society Open Science","Generalist","The Royal Society","Non-profit","OA","1767","UK","The Royal Society","Society/Association","https://royalsocietypublishing.org/journal/rsos","0.791","Q1 (Multidisciplinary)","103","No"
"Sage Open Pathology","Immunology - Immunopathology","Sage Publishing","For-profit","","","USA","","","https://journals.sagepub.com/home/patd","0.452","Q2 (Pathology and Forensic Medicine)","20","No"
"Salamandra","Ecology & Evolution - Zoology","German Society for Herpetology and Herpetoculture","Non-profit","Subscription","","Germany","German Society for Herpetology and Herpetoculture","Society/Association","https://www.salamandra-journal.com/","0.38","Q2 (Animal Science and Zoology)","25","No"
"Scandinavian Journal of Statistics","Ecology & Evolution - Theory; Generalist - Statistics","John Wiley & Sons","For-profit associated with a society","Hybrid","1831","USA","Danish Society for Theoretical Statistics / Finnish-Swedish Statistical Society / Norwegian Statistical Association","Society/Association","https://onlinelibrary.wiley.com/journal/14679469","0.786","Q2 (Statistics and Probability; Statistics, Probability and Uncertainty)","75","No"
"Schizophrenia","Neurosciences - Clinical Neuroscience","Springer Nature","For-profit associated with a society","OA","3607","Germany / UK","Schizophrenia International Research Society","Society/Association","https://www.nature.com/npjschz/","1.485","Q1 (Biological Psychiatry; Clinical Psychology; Psychiatry and Mental Health)","49","No"
"Schizophrenia Bulletin","Neurosciences - Clinical Neuroscience","Oxford University Press (OUP)","University Press","Hybrid","2920","UK","","","https://academic.oup.com/schizophreniabulletin","2.071","Q1 (Psychiatry and Mental Health)","236","No"
"Science","Generalist","American Association for the Advancement of Science (AAAS)","Non-profit","Hybrid","2078","USA","American Association for the Advancement of Science","Society/Association","https://www.science.org/journal/science","10.948","Q1 (History and Philosophy of Science; Multidisciplinary)","1433","No"
"Science Advances","Generalist","American Association for the Advancement of Science (AAAS)","Non-profit","OA","4664","USA","American Association for the Advancement of Science","Society/Association","https://www.science.org/journal/sciadv","4.534","Q1 (Multidisciplinary)","325","No"
"Science Immunology","Immunology - Generalist/Classical Immunology","American Association for the Advancement of Science (AAAS)","Non-profit","Hybrid","1632","USA","American Association for the Advancement of Science","Society/Association","https://www.science.org/journal/sciimmunol","8.56","Q1 (Immunology; Immunology and Allergy)","136","No"
"Science Signaling","Molecular & Cellular Biology - Biochemistry and Molecular Biology","American Association for the Advancement of Science (AAAS)","Non-profit","Hybrid","2471","USA","American Association for the Advancement of Science","Society/Association","https://www.science.org/journal/signaling","2.05","Q1 (Biochemistry; Cell Biology; Molecular Biology)","193","No"
"Science Translational Medicine","Generalist - Clinical/Medicine","American Association for the Advancement of Science (AAAS)","Non-profit","Hybrid","1409","USA","American Association for the Advancement of Science","Society/Association","https://www.science.org/journal/stm","7.026","Q1 (Medicine)","321","No"
"Scientia Marina","Ecology & Evolution - Genetics","CSIC","Non-profit","OA diamond","0","Spain","Institut de Ciencies del Mar de Barcelona","University/Government","https://scientiamarina.revistas.csic.es/index.php/scientiamarina","0.383","Q3 (Aquatic Science; Oceanography)","81","No"
"Scientific Reports","Generalist","Springer Nature","For-profit","OA","2556","Germany","","","https://www.nature.com/srep/","0.893","Q1 (Multidisciplinary)","382","No"
"Seminars in Cancer Biology","Cancer - Generalist","Elsevier","For-profit","Hybrid","3076","Netherlands","","","https://www.sciencedirect.com/journal/seminars-in-cancer-biology","4.91","Q1 (Cancer Research)","202","No"
"Seminars in Cell and Developmental Biology","Development - Molecular and Cellular development; Molecular & Cellular Biology - Cell Biology and Developmental Biology","Elsevier","For-profit","Hybrid","2151","Netherlands","-","","https://www.sciencedirect.com/journal/seminars-in-cell-and-developmental-biology","2.707","Q1 (Cell Biology; Developmental Biology)","183","No"
"Seminars in Immunology","Immunology - Generalist/Classical Immunology","Elsevier","For-profit","Hybrid","2217","Netherlands","","","https://www.sciencedirect.com/journal/seminars-in-immunology","3.617","Q1 (Immunology; Immunology and Allergy)","160","No"
"Seminars in Neurology","Neurosciences - Clinical Neuroscience","Thieme Group","For-profit","Hybrid","1524","Germany","","","https://lp.thieme.de/journals/seminars-in-neurology/0271-8235","0.739","Q2 (Neurology)","92","No"
"Seminars in Oncology","Cancer - Generalist","Elsevier","For-profit","Hybrid","2891","Netherlands / USA","","","https://www.sciencedirect.com/journal/seminars-in-oncology","1.536","Q1 (Hematology; Oncology)","153","No"
"Sexual Development","Development - Childhood and Adolescence","Karger Publishers","For-profit","","","Switzerland","-","","https://karger.com/sxd","1.069","Q1 (Embryology)","59","No"
"Sexually Transmitted Diseases","Immunology - Virology","Wolters Kluwer","For-profit associated with a society","Hybrid","2883","Netherlands","American Sexually Transmitted Diseases Association (ASTDA)","Society/Association","https://journals.lww.com/stdjournal/pages/default.aspx","0.809","Q1 (Dermatology)","118","No"
"SIAM Journal on Applied Mathematics","Ecology & Evolution - Theory; Generalist - Mathematical Biology","Society for Industrial and Applied Mathematics","Non-profit","Hybrid","3080","USA","Society for Industrial and Applied Mathematics / Finnish Statistical Society","Society/Association","https://www.siam.org/publications/journals/siam-journal-on-applied-mathematics-siap","0.87","Q1 (Applied Mathematics)","119","No"
"SIAM Journal on Discrete Mathematics","Ecology & Evolution - Theory; Generalist - Mathematical Biology","Society for Industrial and Applied Mathematics","Non-profit","Hybrid","2259","USA","Society for Industrial and Applied Mathematics","Society/Association","https://www.siam.org/publications/journals/siam-journal-on-discrete-mathematics-sidma","0.972","Q1 (Mathematics)","74","No"
"Silva Balcanica","Ecology & Evolution - Genetics","Pensoft Publishers","For-profit associated with a society","OA diamond","0","Bulgaria","Forest Research Institute ??? Bulgarian Academy of Sciences","University/Government","https://silvabalcanica.pensoft.net/","","","","No"
"Sleep","Neurosciences - Generalist","Oxford University Press (OUP)","University Press associated with a society","Hybrid","4935","UK","Sleep Research Society","Society/Association","https://academic.oup.com/sleep/?login=false","1.671","Q1 (Behavioral Neuroscience; Clinical Psychology; Neurology; Neuropsychology and Physiological Psychology; Physiology)","257","No"
"Sleep and Biological Rhythms","Neurosciences - Generalist","Elsevier","For-profit","Hybrid","2750","Netherlands","","","https://link.springer.com/journal/41105","0.587","Q3 (Neurology; Neuropsychology and Physiological Psychology; Physiology)","44","No"
"Sleep and Breathing","Neurosciences - Generalist","Elsevier","For-profit","Hybrid","1996","Netherlands","","","https://link.springer.com/journal/11325","0.783","Q1 (Otorhinolaryngology)","89","No"
"Sleep Medicine","Neurosciences - Clinical Neuroscience","Elsevier","For-profit associated with a society","Hybrid","2738","Netherlands","World Sleep Society; International Pediatric Sleep Association","Society/Association","https://www.sciencedirect.com/journal/sleep-medicine","1.133","Q1 (Medicine)","167","No"
"Sleep Medicine Reviews","Neurosciences - Clinical Neuroscience","Elsevier","For-profit","Hybrid","2695","Netherlands","","","https://www.sciencedirect.com/journal/sleep-medicine-reviews","3.827","Q1 (Neurology; Physiology; Pulmonary and Respiratory Medicine)","204","No"
"Small GTPases","Molecular & Cellular Biology - Miscellaneous / Interdisciplinary","Taylor & Francis Group","For-profit","OA","796","UK","","","https://www.tandfonline.com/journals/ksgt20","0.736","Q2 (Biochemistry)","54","No"
"Social Cognitive and Affective Neuroscience","Neurosciences - Cognitive Neuroscience","Oxford University Press (OUP)","University Press","OA","2038","UK","","University/Government","https://academic.oup.com/scan","1.249","Q1 (Cognitive Neuroscience; Experimental and Cognitive Psychology; Medicine)","140","No"
"Social Neuroscience","Neurosciences - Social Neuroscience","Taylor & Francis Group","For-profit","Hybrid","3190","USA","","","https://www.tandfonline.com/loi/psns20","0.636","Q2 (Development; Social Psychology)","90","No"
"Social Psychiatry and Psychiatric Epidemiology","Immunology - Epidemiology; Neurosciences - Clinical Neuroscience","Springer Nature","For-profit","Hybrid","3892","Germany / UK","","","https://link.springer.com/journal/127","1.584","Q1 (Epidemiology; Health; Psychiatry and Mental Health; Social Psychology)","160","No"
"Sociobiology","Ecology & Evolution - Genetics","Universidade Estadual de Feira de Santana","Non-profit","OA diamond","0","Brazil","Universidade Estadual de Feira de Santana","University/Government","https://periodicos.uefs.br/index.php/sociobiology/about","0.302","Q3 (Insect Science)","45","No"
"Somatosensory and Motor Research","Neurosciences - Sensory Neuroscience","Taylor & Francis Group","For-profit","","","USA","","","https://www.tandfonline.com/journals/ismr20","","","","No"
"South African Journal of Botany","Ecology & Evolution - Botany; Plants - Generalist","Elsevier","For-profit associated with a society","Hybrid","2477","Netherlands","South African Association of Botanists","Society/Association","https://www.sciencedirect.com/journal/south-african-journal-of-botany","0.596","Q2 (Plant Science)","98","No"
"Stem Cell Reports","Molecular & Cellular Biology - Stem Cell Research","Elsevier (Cell Press)","For-profit associated with a society","OA","3659","USA","International Society for Stem Cell Research","Society/Association","https://www.cell.com/stem-cell-reports","2.038","Q1 (Biochemistry; Cell Biology; Developmental Biology; Genetics)","127","No"
"Stem Cell Research","Development - Molecular and Cellular development; Molecular & Cellular Biology - Stem Cell Research","Elsevier","For-profit","OA","912","Netherlands","-","","https://www.sciencedirect.com/journal/stem-cell-research","0.333","Q3 (Medicine)","86","No"
"Stem Cell Research and Therapy","Molecular & Cellular Biology - Stem Cell Research","Springer Nature (BioMed Central)","For-profit","OA","3348","UK","","","https://stemcellres.biomedcentral.com/","1.939","Q1 (Biochemistry, Genetics and Molecular Biology; Cell Biology; Medicine; Molecular Medicine)","150","No"
"Stem Cell Reviews and Reports","Development - Molecular and Cellular development; Molecular & Cellular Biology - Stem Cell Research","Springer Nature","For-profit","Hybrid","2383","Germany / UK","-","","https://link.springer.com/journal/12015","1.217","Q2 (Cancer Research; Cell Biology)","96","No"
"Stem Cells","Molecular & Cellular Biology - Stem Cell Research","Oxford University Press (OUP)","University Press","Hybrid","3856","UK","","","https://academic.oup.com/stmcls","1.244","Q1 (Developmental Biology; Medicine)","264","No"
"Stem Cells and Development","Development - Molecular and Cellular development; Molecular & Cellular Biology - Stem Cell Research","Sage Publishing","For-profit associated with a society","Hybrid","3291","USA","the International Federation of Adipose Therapeutics and Science (IFATS)","","https://journals.sagepub.com/home/stca","0.532","Q3 (Developmental Biology; Hematology)","142","No"
"Stem Cells Translational Medicine","Molecular & Cellular Biology - Stem Cell Research","Oxford University Press (OUP)","University Press","OA","2930","UK","AlphaMed Press","","https://academic.oup.com/stcltm?login=false","1.588","Q1 (Developmental Biology; Medicine)","116","No"
"Stress","Neurosciences - Neurophysiology","Taylor & Francis Group","For-profit","OA","3020","USA","","","https://www.tandfonline.com/journals/ists20","0.74","Q2 (Neuropsychology and Physiological Psychology; Physiology; Psychiatry and Mental Health)","101","No"
"Stress and Health","Neurosciences - Neurophysiology","John Wiley & Sons","For-profit","Hybrid","2890","USA","","","https://onlinelibrary.wiley.com/journal/15322998","1.045","Q1 (Clinical Psychology; Medicine)","95","No"
"Stroke","Neurosciences - Clinical Neuroscience","American Heart Association","Non-profit","Hybrid","4726","USA","American Heart Association","Society/Association","https://www.ahajournals.org/journal/str","2.857","Q1 (Advanced and Specialized Nursing; Cardiology and Cardiovascular Medicine; Medicine; Neurology; Neuroscience)","382","No"
"Stroke and Vascular Neurology","Neurosciences - Clinical Neuroscience","BMJ Group","Non-profit","OA","1858","UK","Chinese Stroke Association","Society/Association","https://svn.bmj.com/","1.974","Q1 (Cardiology and Cardiovascular Medicine; Neurology)","53","No"
"Synthese","Generalist - History/Philosophy of Biology","Springer Nature","For-profit","Hybrid","2542","Germany / UK","Badji Mokhtar - Annaba University","","https://link.springer.com/journal/11229","0.877","Q1 (Philosophy; Social Sciences)","95","No"
"Systematic and Applied Acarology","Ecology & Evolution - Zoology","Systematic and Applied Acarology Society","Non-profit","Hybrid","509","New Zealand","Systematic and Applied Acarology Society","Society/Association","https://www.biotaxa.org/saa","0.52","Q2 (Ecology; Ecology, Evolution, Behavior and Systematics; Insect Science)","32","No"
"Systematic Biology","Ecology & Evolution - Genetics; Genetics & Genomics - Generalist","Oxford University Press (OUP)","University Press associated with a society","Hybrid","909","UK","Society of Systematic Biologists","Society/Association","https://academic.oup.com/sysbio/","3.343","Q1 (Ecology, Evolution, Behavior and Systematics; Genetics)","215","No"
"Systematic Botany","Ecology & Evolution - Botany; Plants - Generalist","The American Society of Plant Taxonomists","Non-profit","Hybrid","534","USA","The American Society of Plant Taxonomists","Society/Association","https://bioone.org/journals/systematic-botany/issues","0.305","Q3 (Ecology, Evolution, Behavior and Systematics; Plant Science)","87","No"
"Systematic Entomology","Ecology & Evolution - Zoology","John Wiley & Sons","For-profit associated with a society","Hybrid","1300","USA","The Royal Entomological Society","Society/Association","https://onlinelibrary.wiley.com/journal/13653113","1.831","Q1 (Ecology, Evolution, Behavior and Systematics; Insect Science)","85","No"
"Taxon","Ecology & Evolution - Genetics","John Wiley & Sons","For-profit associated with a society","Hybrid","1500","USA","International Association for Plant Taxonomy","Society/Association","https://onlinelibrary.wiley.com/journal/19968175","0.774","Q1 (Ecology, Evolution, Behavior and Systematics; Plant Science)","103","No"
"The AAPS Journal","Immunology - Veterinary Immunology","Springer Nature","For-profit associated with a society","Hybrid","3138","Germany / UK","American Association of Pharmaceutical Scientists (AAPS)","Society/Association","https://link.springer.com/journal/12248","0.81","Q1 (Pharmaceutical Science)","141","No"
"The American Journal of Bioethics","Generalist - Bioethics","Taylor & Francis Group","For-profit","Hybrid","1585","UK","","","https://www.tandfonline.com/journals/uajb20","1.651","Q1 (Health Policy; Issues, Ethics and Legal Aspects)","81","No"
"The American Journal of Chinese Medicine","Generalist - Clinical/Medicine","World Scientific Publishing","For-profit","","","Singapore","","","https://www.worldscientific.com/worldscinet/ajcm","1.27","Q1 (Complementary and Alternative Medicine; Medicine)","87","No"
"The American Journal of Drug Alcohol Abuse","Neurosciences - Addiction","Taylor & Francis Group","For-profit","","","UK","","","https://www.tandfonline.com/journals/iada20","0.97","Q1 (Clinical Psychology; Medicine)","88","No"
"The American Journal of Geriatric Psychiatry","Anatomy & Physiology - Aging; Development - Aging; Neurosciences - Clinical Neuroscience","Elsevier","For-profit associated with a society","Hybrid","3194","Netherlands","American Association for Geriatric Psychiatry (AAGP)","Society/Association","https://www.ajgponline.org/","1.515","Q1 (Geriatrics and Gerontology; Psychiatry and Mental Health)","155","No"
"The American Journal of Medical Sciences","Generalist - Clinical/Medicine","Elsevier","For-profit associated with a society","Hybrid","2419","Netherlands","Southern Society for Clinical Investigation (SSCI)","Society/Association","https://www.sciencedirect.com/journal/the-american-journal-of-the-medical-sciences","0.57","Q2 (Medicine)","109","No"
"The American Journal of Medicine","Generalist - Clinical/Medicine","Elsevier","For-profit associated with a society","Hybrid","2624","Netherlands","Alliance for Academic Internal Medicine","","https://www.amjmed.com/","1.124","Q1 (Medicine)","272","No"
"The American Journal of Pathology","Immunology - Immunopathology","Elsevier","For-profit associated with a society","Hybrid","2250","Netherlands","American Society for Investigative Pathology","Society/Association","https://www.sciencedirect.com/journal/the-american-journal-of-pathology","1.425","Q1 (Pathology and Forensic Medicine)","319","No"
"The American Journal of Sports Medicine","Anatomy & Physiology - Sport Science","Sage Publishing","For-profit associated with a society","","","USA","American Orthopaedic Society for Sports Medicine","Society/Association","https://journals.sagepub.com/home/ajs","2.29","Q1 (Medicine; Orthopedics and Sports Medicine; Physical Therapy, Sports Therapy and Rehabilitation; Sports Science)","292","No"
"The American Journal of Tropical Medicine and Hygiene","Immunology - Immunopathology","American Society of Tropical Medicine and Hygiene","Non-profit","Hybrid","2976","USA","American Society of Tropical Medicine and Hygiene","Society/Association","https://www.ajtmh.org/","0.674","Q2 (Infectious Diseases; Medicine; Parasitology; Virology)","178","No"
"The American Journal on Addictions","Neurosciences - Addiction","John Wiley & Sons","For-profit associated with a society","Hybrid","2676","USA","American Academy of Addiction Psychiatry","","https://onlinelibrary.wiley.com/journal/15210391","0.882","Q2 (Clinical Psychology; Medicine; Psychiatry and Mental Health)","97","No"
"The Anatomical Record","Anatomy & Physiology - Anatomy; Ecology & Evolution - Zoology","John Wiley & Sons","For-profit associated with a society","Hybrid","2118","USA","American Association of Anatomists","Society/Association","https://anatomypubs.onlinelibrary.wiley.com/journal/19328494","0.745","Q1 (Anatomy; Ecology, Evolution, Behavior and Systematics)","109","No"
"The Annals of Applied Statistics","Generalist - Statistics","Institute of Mathematical Statistics","Non-profit","Hybrid","937","USA","Institute of Mathematical Statistics","Non-profit","https://imstat.org/journals-and-publications/annals-of-applied-statistics/","0.915","Q1 (Modeling and Simulation; Statistics and Probability; Statistics, Probability and Uncertainty)","96","No"
"The Annals of Clinical Psychiatry","Neurosciences - Clinical Neuroscience","Sage Publishing","For-profit associated with a society","","","USA","American Academy of Clinical Psychiatrists","","https://journals.sagepub.com/home/acya","0.267","Q3 (Medicine)","81","No"
"The Annals of Statistics","Generalist - Statistics","Institute of Mathematical Statistics","Non-profit","Hybrid","874","USA","Institute of Mathematical Statistics","Non-profit","https://projecteuclid.org/journals/annals-of-statistics","3.697","Q1 (Statistics and Probability; Statistics, Probability and Uncertainty)","213","No"
"The BMJ","Generalist - Clinical/Medicine","BMJ Group","Non-profit","OA","6061","UK","","","https://www.bmj.com/","1.988","Q1 (Medicine)","543","No"
"The Botanical Review","Ecology & Evolution - Botany; Plants - Generalist","Springer Nature","For-profit associated with a society","Hybrid","2624","Germany / UK","The New York Botanical Garden","University/Government","https://link.springer.com/journal/12229","1.22","Q1 (Ecology, Evolution, Behavior and Systematics; Plant Science)","84","No"
"The Brazilian Journal of Infectious Diseases","Immunology - Immunopathology","Elsevier","For-profit associated with a society","OA","1368","Netherlands","Brazilian Society of Infectious Diseases (SBI)","Society/Association","https://www.sciencedirect.com/journal/the-brazilian-journal-of-infectious-diseases","0.549","Q3 (Infectious Diseases; Microbiology)","62","No"
"The Breast","Cancer - Breast Cancer","Elsevier","For-profit associated with a society","OA","2409","UK","Australasian Society for Breast Disease (ASBD); European Society for Medical Oncology (ESMO); Hong Kong Breast Oncology Group (HKBOG)","Society/Association","https://www.sciencedirect.com/journal/the-breast","2.654","Q1 (Cancer Research; Medicine; Oncology; Surgery)","111","No"
"The Breast Journal","Cancer - Breast Cancer","John Wiley & Sons","For-profit","OA","1953","UK","","","https://onlinelibrary.wiley.com/journal/tbj","0.649","Q2 (Internal Medicine; Surgery)","88","No"
"The British Journal of Psychiatry","Neurosciences - Clinical Neuroscience","Cambridge University Press (CUP)","University Press associated with a society","Hybrid","3463","UK","Royal College of Psychiatrists","","https://www.cambridge.org/core/journals/the-british-journal-of-psychiatry","2.033","Q1 (Medicine; Psychiatry and Mental Health)","276","No"
"The Bryologist","Ecology & Evolution - Botany; Plants - Generalist","The American Bryological and Lichenological Society","Non-profit","Hybrid","","USA","The American Bryological and Lichenological Society","Society/Association","https://bioone.org/journals/the-bryologist/issues","0.329","Q3 (Ecology, Evolution, Behavior and Systematics; Plant Science)","57","No"
"The Bulletin of the Ecological Society of America","Ecology & Evolution - Basic Ecology","John Wiley & Sons","For-profit associated with a society","Hybrid","0","USA","Ecological Society of America","Society/Association","https://esajournals.onlinelibrary.wiley.com/journal/23276096","","","","No"
"The Canadian Journal of Psychiatry","Neurosciences - Clinical Neuroscience","Sage Publishing","For-profit associated with a society","Hybrid","543","USA","Canadian Psychiatric Association","Society/Association","https://journals.sagepub.com/home/cpa","1.363","Q1 (Psychiatry and Mental Health)","150","No"
"The Cerebellum","Neurosciences - Generalist","Springer Nature","For-profit associated with a society","Hybrid","3629","Germany / UK","Society for Research on the Cerebellum and Ataxias (SRCA)","Society/Association","https://link.springer.com/journal/12311","1.04","Q1 (Medicine; Neurology)","94","No"
"The Clinical Journal of Pain","Neurosciences - Pain","Wolters Kluwer (Lippincott)","For-profit","Hybrid","3386","Netherlands / USA","","","https://journals.lww.com/clinicalpain/pages/default.aspx","0.882","Q1 (Anesthesiology and Pain Medicine)","154","No"
"The Clinical Neuropsychologist","Neurosciences - Clinical Neuroscience","Taylor & Francis Group","For-profit","Hybrid","3765","UK","","","https://www.tandfonline.com/journals/ntcn20","0.805","Q1 (Arts and Humanities)","106","No"
"The CRISPR Journal","Genetics & Genomics - Molecular and Cellular Genetics","Sage Publishing","For-profit","Hybrid","3501","USA","","","https://journals.sagepub.com/home/tcja","2.003","Q1 (Biotechnology; Genetics)","28","No"
"The European Journal of Development Research","Development - Generalist","Springer Nature","For-profit associated with a society","Hybrid","2455","Germany / UK","European Association of Development Research and Training Institutes (EADI)","Society/Association","https://link.springer.com/journal/41287","0.662","Q2 (Development; Geography, Planning and Development)","70","No"
"The FASEB Journal","Generalist","John Wiley & Sons","For-profit associated with a society","Hybrid","2810","USA","Federation of American Societies for Experimental Biology (FASEB)","Society/Association","https://faseb.onlinelibrary.wiley.com/journal/15306860","1.255","Q1 (Biochemistry; Biotechnology; Genetics; Medicine)","320","No"
"The International Journal of Aging and Human Development","Anatomy & Physiology - Aging; Development - Aging","Sage Publishing","For-profit","","","USA","-","","https://journals.sagepub.com/home/ahdb","0.886","Q2 (Developmental and Educational Psychology; Geriatrics and Gerontology)","76","No"
"The International Journal of Behavioral Development","Development - Neuroscience; Neurosciences - Developmental Neuroscience","Sage Publishing","For-profit associated with a society","Hybrid","278","USA","the International Society for the Study of Behavioural Development","Society/Association","https://journals.sagepub.com/home/jbda","1.495","Q1 (Developmental and Educational Psychology; Developmental Neuroscience; Education; Life-span and Life-course Studies; Social Psychology; Social Sciences)","119","No"
"The International Journal of Biostatistics","Generalist - Statistics","De Gruyter Brill","For-profit","","","Germany","","","https://www.degruyterbrill.com/journal/key/ijb/html","0.715","Q2 (Medicine; Statistics and Probability; Statistics, Probability and Uncertainty)","49","No"
"The International Journal of Neuropsychopharmacology","Molecular & Cellular Biology - Neuroscience and Neurobiology; Neurosciences - Molecular and Cellular Neuroscience","Oxford University Press (OUP)","University Press","OA","2712","UK","Collegium Internationale Neuro-Psychopharmacologicum (CINP)","","https://academic.oup.com/ijnp/issue","1.651","Q1 (Pharmacology; Psychiatry and Mental Health)","135","No"
"The International Journal of Psychiatry in Medicine","Neurosciences - Clinical Neuroscience","Sage Publishing","For-profit","","","USA","","","https://journals.sagepub.com/home/ijpb","0.579","Q2 (Psychiatry and Mental Health)","67","No"
"The Journal of Biochemistry","Molecular & Cellular Biology - Biochemistry and Molecular Biology","Oxford University Press (OUP)","University Press","OA","2415","UK","","","https://academic.oup.com/jb/?login=false","0.807","Q2 (Biochemistry; Medicine)","134","No"
"The Journal of Cerebral Blood Flow & Metabolism","Neurosciences - Neurophysiology","Sage Publishing","For-profit associated with a society","Hybrid","3604","USA","The International Society for Cerebral Blood Flow and Metabolism (ISCBFM)","Society/Association","https://journals.sagepub.com/home/jcb","2.029","Q1 (Cardiology and Cardiovascular Medicine; Neurology)","229","No"
"The Journal of Child Psychology and Psychiatry","Neurosciences - Developmental Neuroscience","John Wiley & Sons","For-profit associated with a society","Hybrid","2437","USA","Association for Child and Adolescent Mental Health","Society/Association","https://acamh.onlinelibrary.wiley.com/journal/14697610","","","","No"
"The Journal of Clinical Psychiatry","Neurosciences - Clinical Neuroscience","Physicians Postgraduate Press","Non-profit","Hybrid","274","USA","American Society for Clinical Psychopharmacology","Society/Association","https://www.psychiatrist.com/jcp/","1.53","Q1 (Medicine; Psychiatry and Mental Health)","243","No"
"The Journal of Headache and Pain","Neurosciences - Pain","Springer Nature (BioMed Central)","For-profit","OA","3743","UK","European Headache Federation (EHF); Lifting The Burden - The Global Campaign Against Headache","","https://thejournalofheadacheandpain.biomedcentral.com/","1.974","Q1 (Anesthesiology and Pain Medicine; Medicine; Neurology)","107","No"
"The Journal of Heart Lung Transplantation","Immunology - Transplant Immunology","Elsevier","For-profit associated with a society","Hybrid","3010","Netherlands","International Society for Heart and Lung Transplantation","Society/Association","https://www.jhltonline.org/","2.336","Q1 (Cardiology and Cardiovascular Medicine; Pulmonary and Respiratory Medicine; Surgery; Transplantation)","171","No"
"The Journal of Immunology","Immunology - Generalist/Classical Immunology","Oxford University Press (OUP)","University Press associated with a society","Hybrid","2377","USA","American Association of Immunologists","Society/Association","https://journals.aai.org/jimmunol","1.444","Q1 (Immunology; Immunology and Allergy)","433","No"
"The Journal of Infectious Diseases","Immunology - Immunopathology","Oxford University Press (OUP)","University Press","OA","3448","UK","","","https://academic.oup.com/jid","1.863","Q1 (Immunology and Allergy; Infectious Diseases)","293","No"
"The Journal of Neuropsychiatry and Clinical Neurosciences","Neurosciences - Clinical Neuroscience","American Neuropsychiatric Association","Non-profit","","","USA","American Neuropsychiatric Association","Society/Association","https://www.appi.org/jncn","0.827","Q2 (Medicine; Neurology; Psychiatry and Mental Health)","122","No"
"The Journal of Nutrition Health and Aging","Anatomy & Physiology - Nutrition","Elsevier","For-profit","OA","2550","France","SERDI Publisher","","https://www.sciencedirect.com/journal/the-journal-of-nutrition-health-and-aging","1.196","Q1 (Geriatrics and Gerontology; Medicine; Nutrition and Dietetics)","116","No"
"The Journal of Pain","Neurosciences - Pain","United States Association for the Study of Pain (USASP)","Non-profit","Hybrid","2481","USA","","","https://www.jpain.org/","1.415","Q1 (Anesthesiology and Pain Medicine; Neurology)","174","No"
"The Journal of Parasitology","Ecology & Evolution - Health; Immunology - Parasitology","American Society of Parasitologists (ASP)","Non-profit","OA","1162","USA","American Society of Parasitologists (ASP)","Society/Association","https://bioone.org/journals/journal-of-parasitology","0.346","Q3 (Ecology, Evolution, Behavior and Systematics; Medicine; Parasitology)","108","No"
"The Journal of Pathology: Clinical Research","Immunology - Immunopathology","John Wiley & Sons","For-profit associated with a society","OA","2953","UK","The Pathological Society of Great Britain and Ireland","Society/Association","https://pathsocjournals.onlinelibrary.wiley.com/journal/20564538","1.364","Q1 (Pathology and Forensic Medicine)","42","No"
"The Journal of Physiological Sciences","Anatomy & Physiology - Physiology","Elsevier","For-profit associated with a society","OA","920","USA","the Physiological Society of Japan","Society/Association","https://www.sciencedirect.com/journal/the-journal-of-physiological-sciences","0.983","Q2 (Physiology)","65","No"
"The Journal of Prevention of Alzheimer's Disease","Neurosciences - Clinical Neuroscience","Elsevier","For-profit","OA","3836","Netherlands","SERDI","","https://www.sciencedirect.com/journal/the-journal-of-prevention-of-alzheimers-disease","2.269","Q1 (Neurology; Psychiatry and Mental Health)","48","No"
"The Journal of Sexual Medicine","Generalist - Clinical/Medicine","Oxford University Press (OUP)","University Press","Hybrid","1297","UK","","","https://academic.oup.com/jsm","0.796","Q1 (Urology)","154","No"
"The Journals of Gerontology Series A: Biological Sciences and Medical Sciences","Anatomy & Physiology - Aging; Development - Aging; Ecology & Evolution - Health","Oxford University Press (OUP)","University Press associated with a society","Hybrid","3782","UK","The Gerontological Society of America","Society/Association","https://academic.oup.com/biomedgerontology?login=false","1.376","Q1 (Geriatrics and Gerontology)","238","No"
"The Journals of Gerontology Series B: Psychological Sciences and Social Sciences","Anatomy & Physiology - Aging; Development - Aging; Neurosciences - Developmental Neuroscience","Oxford University Press (OUP)","University Press","Hybrid","2999","UK","","","https://academic.oup.com/psychsocgerontology?login=false","1.503","Q1 (Clinical Psychology; Geriatrics and Gerontology; Gerontology; Health; Life-span and Life-course Studies; Medicine; Social Psychology; Sociology and Political Science)","193","No"
"The Korean Journal of Physiology & Pharmacology","Anatomy & Physiology - Physiology; Molecular & Cellular Biology - Pharmacology and Toxicology","Korean Physiological Society (KPS); Korean Society of Pharmacology (KSP)","Non-profit","OA","","Republic of Korea (South Korea)","Korean Physiological Society (KPS); Korean Society of Pharmacology (KSP)","Society/Association","https://www.kjpp.net/main.html","0.606","Q3 (Pharmacology; Physiology)","46","No"
"The Lancet","Generalist - Clinical/Medicine","Elsevier","For-profit","Hybrid","2015","Netherlands","","","https://www.thelancet.com/","14.821","Q1 (Medicine)","982","No"
"The Lancet Child and Adolescent Health","Development - Childhood and Adolescence","Elsevier","For-profit","Hybrid","4478","Netherlands","","","https://www.thelancet.com/journals/lanchi/home","4.365","Q1 (Developmental and Educational Psychology; Pediatrics, Perinatology and Child Health)","91","No"
"The Lancet Global Health","Generalist","Elsevier","For-profit","OA","5248","Netherlands","","","https://www.thelancet.com/journals/langlo/home","5.911","Q1 (Medicine)","168","No"
"The Lancet HIV","Immunology - Virology","Elsevier","For-profit","Hybrid","4577","Netherlands","","","https://www.thelancet.com/journals/lanhiv/home","4.757","Q1 (Epidemiology; Immunology; Infectious Diseases; Virology)","101","No"
"The Lancet Infectious Diseases","Immunology - Immunopathology","Elsevier","For-profit","Hybrid","5750","Netherlands","","","https://www.thelancet.com/journals/laninf/home","5.549","Q1 (Infectious Diseases)","317","No"
"The Lancet Microbe","Immunology - Immunopathology; Molecular & Cellular Biology - Microbiology and Infectious Diseases","Elsevier","For-profit","OA","5580","Netherlands","","","https://www.thelancet.com/journals/lanmic/home","5.192","Q1 (Infectious Diseases; Microbiology; Virology)","67","No"
"The Lancet Neurology","Neurosciences - Clinical Neuroscience","Elsevier","For-profit","Hybrid","4864","Netherlands","","","https://www.thelancet.com/journals/laneur/home","12.439","Q1 (Neurology)","398","No"
"The Lancet Oncology","Cancer - Generalist","Elsevier","For-profit","Hybrid","5055","Netherlands","","","https://www.thelancet.com/journals/lanonc","9.432","Q1 (Oncology)","455","No"
"The Lancet Psychiatry","Neurosciences - Clinical Neuroscience","Elsevier","For-profit","Hybrid","5085","Netherlands","","","https://www.thelancet.com/journals/lanpsy/home","8.07","Q1 (Biological Psychiatry; Psychiatry and Mental Health)","176","No"
"The Lichenologist","Plants - Generalist","Cambridge University Press (CUP)","University Press","Hybrid","2132","UK","","","https://www.cambridge.org/core/journals/lichenologist","0.318","Q3 (Ecology, Evolution, Behavior and Systematics)","55","No"
"The Neurologist","Neurosciences - Clinical Neuroscience","Wolters Kluwer","For-profit","","","Netherlands","","","https://journals.lww.com/theneurologist/pages/default.aspx","0.35","Q3 (Medicine; Neurology)","71","No"
"The Neuroscientist","Neurosciences - Generalist","Sage Publishing","For-profit","OA","778","USA","","","https://journals.sagepub.com/home/nroa","1.361","Q1 (Neurology; Neuroscience)","155","No"
"The New England Journal of Medicine","Generalist - Clinical/Medicine","Massachusetts Medical Society","Non-profit","Hybrid","","USA","Massachusetts Medical Society","Society/Association","https://www.nejm.org/","18.397","Q1 (Medicine)","1275","No"
"The Oncologist","Cancer - Generalist","Oxford University Press (OUP)","University Press associated with a society","OA","2199","UK","Society for Translational Oncology","Society/Association","https://academic.oup.com/oncolo","1.96","Q1 (Cancer Research; Medicine; Oncology)","204","No"
"The Plant Cell","Molecular & Cellular Biology - Plant Biology and Physiology; Plants - Molecular and Cellular Biology","Oxford University Press (OUP)","University Press","Hybrid","5165","UK","","","https://academic.oup.com/plcell","4.088","Q1 (Cell Biology; Plant Science)","428","No"
"The Plant Genome","Genetics & Genomics - Plant Genetics; Plants - Genetics","John Wiley & Sons","For-profit associated with a society","OA","2287","USA","Crop Science Society of America","Society/Association","https://acsess.onlinelibrary.wiley.com/journal/19403372","1.126","Q1 (Agronomy and Crop Science; Plant Science)","78","No"
"The Plant Journal","Ecology & Evolution - Plants; Plants - Generalist","John Wiley & Sons","For-profit associated with a society","Hybrid","4747","USA","Society for Experimental Biology (SEB)","Society/Association","https://onlinelibrary.wiley.com/journal/1365313x","2.14","Q1 (Cell Biology; Genetics; Plant Science)","341","No"
"Therapeutic Advances in Infectious Disease","Immunology - Immunopathology","Sage Publishing","For-profit","OA","","USA","","","https://journals.sagepub.com/home/taia","0.948","Q2 (Infectious Diseases; Pharmacology)","38","No"
"Therapeutic Advances in Neurological Disorders","Neurosciences - Clinical Neuroscience","Sage Publishing","For-profit","OA","2309","USA","","","https://journals.sagepub.com/home/tana","1.243","Q1 (Neurology; Pharmacology)","81","No"
"The Wilson Journal of Ornithology","Ecology & Evolution - Zoology","Taylor & Francis Group","For-profit associated with a society","Hybrid","","UK","Wilson Ornithological Society","Society/Association","https://www.tandfonline.com/journals/uwjo20","0.239","Q3 (Animal Science and Zoology; Ecology; Ecology, Evolution, Behavior and Systematics)","51","No"
"The World Journal of Biological Psychiatry","Neurosciences - Clinical Neuroscience","Taylor & Francis Group","For-profit associated with a society","Hybrid","88","USA","World Federation of Societies of Biological Psychiatry","Society/Association","https://www.tandfonline.com/journals/iwbp20","1.471","Q1 (Medicine; Psychiatry and Mental Health)","95","No"
"Ticks and tick-borne diseases","Ecology & Evolution - Health; Immunology - Immunopathology","Elsevier","For-profit","OA","2772","Netherlands","","","https://www.sciencedirect.com/journal/ticks-and-tick-borne-diseases","1.007","Q1 (Infectious Diseases; Insect Science; Parasitology)","74","No"
"Tissue and Cell","Molecular & Cellular Biology - Cell Biology and Developmental Biology","Elsevier","For-profit","Hybrid","2639","Netherlands","","","https://www.sciencedirect.com/journal/tissue-and-cell","0.701","Q2 (Medicine)","64","No"
"Toxicologic Pathology","Immunology - Immunotoxicology","Sage Publishing","For-profit associated with a society","Hybrid","3025","USA","Society of Toxicologic Pathology; British Society of Toxicological Pathology; European Society of Toxicologic Pathology","Society/Association","https://journals.sagepub.com/home/tpx","0.572","Q2 (Pathology and Forensic Medicine)","134","No"
"Transactions of the American Entomological Society","Ecology & Evolution - Zoology","The American Entomological Society","Non-profit","Subscription","","USA","The American Entomological Society","Society/Association","https://bioone.org/journals/transactions-of-the-american-entomological-society","0.197","Q4 (Ecology, Evolution, Behavior and Systematics; Insect Science)","24","No"
"Transboundary and Emerging Diseases","Ecology & Evolution - Health; Immunology - Immunopathology","John Wiley & Sons","For-profit associated with a society","Hybrid","2543","USA","Society for Tropical Veterinary Medicine","Society/Association","https://onlinelibrary.wiley.com/journal/18651682","0.865","Q1 (Veterinary)","100","No"
"Transcranial Magnetic Stimulation","Neurosciences - Neuromodulation","Elsevier","For-profit","OA","","Netherlands","","","https://www.sciencedirect.com/journal/transcranial-magnetic-stimulation","0.545","Q2 (Computational Mechanics; Safety, Risk, Reliability and Quality)","2","No"
"Translational Neurodegeneration","Neurosciences - Clinical Neuroscience","Springer Nature (BioMed Central)","For-profit","OA","2907","UK","","","https://translationalneurodegeneration.biomedcentral.com/","4.992","Q1 (Cellular and Molecular Neuroscience; Cognitive Neuroscience; Neurology)","77","No"
"Translational Neuroscience","Neurosciences - Generalist","De Gruyter Brill","For-profit","OA","1859","Germany","","","https://www.degruyterbrill.com/journal/key/tnsci/html","0.572","Q3 (Neuroscience)","35","No"
"Translational Oncology","Cancer - Generalist","Elsevier","For-profit","OA","2490","Netherlands","","","https://www.sciencedirect.com/journal/translational-oncology","1.383","Q1 (Oncology)","84","No"
"Translational Psychiatry","Neurosciences - Clinical Neuroscience","Springer Nature","For-profit","OA","4332","Germany","","","https://www.nature.com/tp/","2.425","Q1 (Biological Psychiatry; Cellular and Molecular Neuroscience; Psychiatry and Mental Health)","150","No"
"Translational Stroke Research","Neurosciences - Clinical Neuroscience","Springer Nature","For-profit","Hybrid","3635","Germany / UK","","","https://link.springer.com/journal/12975","1.388","Q1 (Cardiology and Cardiovascular Medicine; Neurology; Neuroscience)","83","No"
"Translational Vision Science and Technology","Neurosciences - Sensory Neuroscience","The Association for Research in Vision and Ophtalmology (ARVO)","Non-profit","OA","1513","USA","The Association for Research in Vision and Ophtalmology (ARVO)","Society/Association","https://tvst.arvojournals.org/","0.939","Q1 (Ophthalmology)","56","No"
"Transplantation","Immunology - Transplant Immunology","Wolters Kluwer","For-profit associated with a society","OA","3709","Netherlands","The Transplantation Society","Society/Association","https://journals.lww.com/transplantjournal/pages/default.aspx","1.597","Q1 (Transplantation)","230","No"
"Transplantation and Cellular Therapy","Immunology - Transplant Immunology","Elsevier","For-profit associated with a society","Hybrid","3243","Netherlands","American Society for Transplantation and Cellular Therapy","Society/Association","https://www.sciencedirect.com/journal/transplantation-and-cellular-therapy","2.251","Q1 (Cell Biology; Hematology; Immunology and Allergy; Molecular Medicine; Transplantation)","152","No"
"Transplantation Proceedings","Immunology - Transplant Immunology","Elsevier","For-profit","Hybrid","1646","Netherlands","","","https://www.sciencedirect.com/journal/transplantation-proceedings","0.297","Q3 (Surgery; Transplantation)","94","No"
"Transplantation Reviews","Immunology - Transplant Immunology","Elsevier","For-profit","Hybrid","2493","Netherlands","","","https://www.sciencedirect.com/journal/transplantation-reviews","1.014","Q1 (Surgery; Transplantation)","59","No"
"Transplant Immunology","Immunology - Transplant Immunology","Elsevier","For-profit","Hybrid","3440","Netherlands","","","https://www.sciencedirect.com/journal/transplant-immunology","0.539","Q2 (Transplantation)","70","No"
"Travel Medicine and Infectious Disease","Immunology - Immunopathology","Elsevier","For-profit associated with a society","OA","2940","Netherlands","Royal College of Physicians and Surgeons of Glasgow, the Latin American Society for Travel Medicine, the German Society for Tropical Medicine and International Health","Society/Association","https://www.sciencedirect.com/journal/travel-medicine-and-infectious-disease","1.083","Q1 (Infectious Diseases; Public Health, Environmental and Occupational Health)","80","No"
"Tree Physiology","Plants - Physiology","Oxford University Press (OUP)","University Press","Hybrid","3402","UK","","","https://academic.oup.com/treephys","1.073","Q1 (Plant Science)","163","No"
"Trends in Cancer","Cancer - Generalist","Elsevier","For-profit","Hybrid","6290","Netherlands","","","https://www.sciencedirect.com/journal/trends-in-cancer","5.488","Q1 (Cancer Research; Oncology)","116","No"
"Trends in Cell Biology","Molecular & Cellular Biology - Cell Biology and Developmental Biology","Elsevier (Cell Press)","For-profit","Hybrid","6901","USA","","","https://www.cell.com/trends/cell-biology","6.813","Q1 (Cell Biology)","281","No"
"Trends in Cognitive Sciences","Neurosciences - Cognitive Neuroscience","Elsevier (Cell Press)","For-profit","Hybrid","3882","USA","","","https://www.sciencedirect.com/journal/trends-in-cognitive-sciences","4.351","Q1 (Cognitive Neuroscience; Experimental and Cognitive Psychology; Neuropsychology and Physiological Psychology)","390","No"
"Trends in Ecology and Evolution","Ecology & Evolution - Generalist","Elsevier","For-profit","Hybrid","6110","Netherlands","","","https://www.sciencedirect.com/journal/trends-in-ecology-and-evolution","4.728","Q1 (Ecology, Evolution, Behavior and Systematics)","410","No"
"Trends in Endocrinology & Metabolism","Molecular & Cellular Biology - Biochemistry and Molecular Biology","Elsevier (Cell Press)","For-profit","Hybrid","3691","USA","","","https://www.cell.com/trends/endocrinology-metabolism/home","4.543","Q1 (Endocrinology; Endocrinology, Diabetes and Metabolism)","215","No"
"Trends in Genetics","Genetics & Genomics - Generalist","Elsevier (Cell Press)","For-profit","Hybrid","7673","USA","","","https://www.cell.com/trends/genetics","3.777","Q1 (Genetics)","261","No"
"Trends in Immunology","Immunology - Generalist/Classical Immunology","Elsevier (Cell Press)","For-profit","Hybrid","4053","USA","","","https://www.cell.com/trends/immunology","4.398","Q1 (Immunology; Immunology and Allergy)","275","No"
"Trends in Microbiology","Molecular & Cellular Biology - Microbiology and Infectious Diseases","Elsevier (Cell Press)","For-profit","Hybrid","5499","USA","","","https://www.sciencedirect.com/journal/trends-in-microbiology","3.364","Q1 (Infectious Diseases; Microbiology; Virology)","251","No"
"Trends in Molecular Medicine","Molecular & Cellular Biology - Miscellaneous / Interdisciplinary","Elsevier (Cell Press)","For-profit","Hybrid","7610","USA","","","https://www.cell.com/trends/molecular-medicine/home","3.681","Q1 (Molecular Biology; Molecular Medicine)","223","No"
"Trends in Neurosciences","Neurosciences - Generalist","Elsevier (Cell Press)","For-profit","Hybrid","4063","USA","","","https://www.cell.com/trends/neurosciences/home","4.377","Q1 (Neuroscience)","335","No"
"Trends in Parasitology","Ecology & Evolution - Health; Immunology - Parasitology","Elsevier","For-profit","Hybrid","3110","Netherlands","","","https://www.sciencedirect.com/journal/trends-in-parasitology","1.276","Q1 (Infectious Diseases; Parasitology)","179","No"
"Trends in Pharmacological Sciences","Molecular & Cellular Biology - Pharmacology and Toxicology","Elsevier (Cell Press)","For-profit","Hybrid","6635","USA","","","https://www.cell.com/trends/pharmacological-sciences/home","4.447","Q1 (Pharmacology; Toxicology)","261","No"
"Trends in Plant Science","Plants - Generalist","Elsevier (Cell Press)","For-profit","Hybrid","5872","USA","","","https://www.cell.com/trends/plant-science","3.324","Q1 (Plant Science)","336","No"
"Treubia","Ecology & Evolution - Zoology","Indonesian Institute of Sciences","Non-profit","OA diamond","0","Indonesia","Auckland Museum","University/Government","https://ejournal.brin.go.id/treubia","","","","No"
"Tropical Ecology","Ecology & Evolution - Basic Ecology","Springer Nature","For-profit associated with a society","Hybrid","2260","Germany / UK","International Society for Tropical Ecology","Society/Association","https://www.springer.com/journal/42965","0.467","Q2 (Ecology; Ecology, Evolution, Behavior and Systematics; Plant Science)","51","No"
"Tropical Plant Biology","Plants - Generalist","Springer Nature","For-profit","Hybrid","2604","Germany / UK","","","https://link.springer.com/journal/12042","0.395","Q2 (Plant Science)","34","No"
"Tumour Virus Research","Immunology - Virology","Elsevier","For-profit associated with a society","OA","1049","Netherlands","World Society for Virology","Society/Association","https://www.sciencedirect.com/journal/tumour-virus-research","1.693","Q1 (Infectious Diseases; Virology)","42","No"
"Twin Research and Human Genetics","Genetics & Genomics - Human Genetics","Cambridge University Press (CUP)","University Press","Hybrid","1421","UK","","","https://www.cambridge.org/core/journals/twin-research-and-human-genetics","0.385","Q3 (Obstetrics and Gynecology; Pediatrics, Perinatology and Child Health)","99","No"
"Urban Ecosystems","Ecology & Evolution - Applied Ecology","Springer Nature","For-profit associated with a society","Hybrid","2909","Germany / UK","Society for Urban Ecology","Society/Association","https://link.springer.com/journal/11252","0.873","Q1 (Ecology; Urban Studies)","93","No"
"Vaccine","Immunology - Vaccinology","Elsevier","For-profit","Hybrid","3024","Netherlands","","","https://www.journals.elsevier.com/vaccine","1.186","Q1 (Immunology and Microbiology; Infectious Diseases; Public Health, Environmental and Occupational Health; Veterinary)","230","No"
"Vector-borne and zoonotic diseases","Ecology & Evolution - Health; Immunology - Immunopathology","Sage Publishing (Mary Ann Liebert)","For-profit associated with a society","Hybrid","2030","USA","Society for Zoonotic Ecology and Epidemiology","Society/Association","https://journals.sagepub.com/home/VBZ","0.626","Q2 (Infectious Diseases; Virology)","94","No"
"Vegetation Classification and Survey","Ecology & Evolution - Plants","Pensoft Publishers","For-profit associated with a society","OA","1928","Bulgaria","International Association for Vegetation Science","Society/Association","https://vcs.pensoft.net/","0.916","Q1 (Agricultural and Biological Sciences; Ecology, Evolution, Behavior and Systematics; Plant Science)","13","No"
"Veterinary Pathology","Immunology - Veterinary Immunology","Sage Publishing","For-profit","Hybrid","2428","USA","","","https://journals.sagepub.com/home/vet","0.746","Q1 (Veterinary)","118","No"
"Vie et Milieu","Ecology & Evolution - Applied Ecology","Arago - Sorbonne Universite Region Languedoc Roussillon","Non-profit","Subscription","","France","Observatoire oceanologique / Laboratoire Arago","University/Government","https://wwwphp.obs-banyuls.fr/Viemilieu/","0.205","Q4 (Aquatic Science; Ecology)","38","No"
"Viral Immunology","Immunology - Virology","Sage Publishing","For-profit","Hybrid","3405","USA","","","https://journals.sagepub.com/home/vim","0.438","Q3 (Virology)","73","No"
"Virologica Sinica","Immunology - Virology","Elsevier","For-profit","Hybrid","2330","Netherlands","","","https://www.sciencedirect.com/journal/virologica-sinica","1.201","Q1 (Infectious Diseases; Virology)","54","No"
"Virologie","Ecology & Evolution - Microbiology; Immunology - Virology","John Libbey Eurotext","For-profit associated with a society","Hybrid","333","France","Societe Francaise de Virologie","Society/Association","https://www.jle.com/fr/revues/vir/revue.phtml","0.17","Q4 (Infectious Diseases; Virology)","13","No"
"Virology","Immunology - Virology","Elsevier","For-profit associated with a society","Hybrid","2920","Netherlands","World Society for Virology","Society/Association","https://www.sciencedirect.com/journal/virology","0.717","Q2 (Virology)","206","No"
"Virology Journal","Immunology - Virology","Springer Nature (BioMed Central)","For-profit","OA","2410","UK","","","https://virologyj.biomedcentral.com/","1.021","Q1 (Infectious Diseases)","111","No"
"Virulence","Immunology - Virology","Taylor & Francis Group","For-profit","OA","2875","USA","","","https://www.tandfonline.com/loi/kvir20","1.632","Q1 (Immunology; Infectious Diseases; Microbiology; Parasitology)","109","No"
"Virus Evolution","Immunology - Virology","Oxford University Press (OUP)","University Press","OA","2736","UK","","","https://academic.oup.com/ve","1.57","Q1 (Microbiology; Virology)","51","No"
"Virus Genes","Genetics & Genomics - Genetics; Immunology - Virology","Springer Nature","For-profit","Hybrid","2554","Germany / UK","","","https://link.springer.com/journal/11262","0.541","Q2 (Medicine)","70","No"
"Virus Research","Immunology - Virology","Elsevier","For-profit","OA","2300","Netherlands","","","https://www.sciencedirect.com/journal/virus-research","0.829","Q2 (Infectious Diseases; Virology)","158","No"
"Vision Research","Neurosciences - Sensory Neuroscience","Elsevier","For-profit","Hybrid","1619","Netherlands","","","https://www.sciencedirect.com/journal/vision-research","0.505","Q2 (Ophthalmology)","195","No"
"Visual neuroscience","Neurosciences - Sensory Neuroscience","Cambridge University Press (CUP)","University Press","OA","2706","UK","","","https://www.cambridge.org/core/journals/visual-neuroscience","1.116","Q1 (Sensory Systems)","92","No"
"Waterbirds","Ecology & Evolution - Zoology","The Waterbird Society","Non-profit","Subscription","","USA","The Waterbird Society","Society/Association","https://waterbirds.org/journal/","0.289","Q3 (Animal Science and Zoology)","55","No"
"Web Ecology","Ecology & Evolution - Applied Ecology","Copernicus Publications","Non-profit","OA diamond","0","Germany","European Ecological Federation","Society/Association","https://www.web-ecology.net/","0.768","Q1 (Ecology; Ecology, Evolution, Behavior and Systematics)","26","No"
"Weed Research","Ecology & Evolution - Applied Ecology","John Wiley & Sons","For-profit associated with a society","Hybrid","3785","USA","European Weed Research Society","Society/Association","https://onlinelibrary.wiley.com/journal/13653180","0.629","Q1 (Agronomy and Crop Science)","92","No"
"Weed Science","Plants - Agriculture","Cambridge University Press (CUP)","University Press associated with a society","Hybrid","1615","UK","Weed Science Society of America","Society/Association","https://www.cambridge.org/core/journals/weed-science","0.571","Q2 (Agronomy and Crop Science; Plant Science)","113","No"
"Wellcome Open Research","Generalist","Wellcome","Non-profit","OA","","UK","","","https://wellcomeopenresearch.org/","0.457","Q3 (Biochemistry, Genetics and Molecular Biology; Medicine)","59","No"
"Wetlands","Ecology & Evolution - Applied Ecology","Springer Nature","For-profit associated with a society","Hybrid","2341","Germany / UK","Society of Wetland Scientists","Society/Association","https://www.springer.com/journal/13157/","0.721","Q2 (Ecology; Environmental Chemistry; Environmental Science)","108","No"
"Wetland Science and Practice","Ecology & Evolution - Applied Ecology","The Society of Wetland Scientists","Non-profit","Subscription","","USA","The Society of Wetland Scientists","Society/Association","https://complete.bioone.org/journals/wetland-science-and-practice/","","","","No"
"Wildlife Biology","Ecology & Evolution - Genetics","John Wiley & Sons","For-profit associated with a society","OA","2002","UK","Nordic Society Oikos","Society/Association","https://onlinelibrary.wiley.com/journal/1903220x","0.654","Q2 (Ecology, Evolution, Behavior and Systematics; Management, Monitoring, Policy and Law; Nature and Landscape Conservation)","69","No"
"Wildlife Research","Ecology & Evolution - Genetics","CSIRO Publishing","Non-profit","Hybrid","","Australia","Commonwealth Scientific and Industrial Research Organisation","University/Government","https://www.publish.csiro.au/wr/AbouttheJournal","0.621","Q2 (Ecology, Evolution, Behavior and Systematics; Management, Monitoring, Policy and Law)","86","No"
"Wildlife Society Bulletin","Ecology & Evolution - Genetics","John Wiley & Sons","For-profit associated with a society","Hybrid","2496","USA","The Wildlife Society","Society/Association","https://wildlife.onlinelibrary.wiley.com/journal/23285540?tabActivePane=undefined","0.528","Q2 (Nature and Landscape Conservation)","95","No"
"Wiley Interdisciplinary Reviews: Cognitive Science","Neurosciences - Cognitive Neuroscience","John Wiley & Sons","For-profit","Hybrid","2361","USA","","","https://wires.onlinelibrary.wiley.com/journal/19395086","1.939","Q1 (Medicine; Neuroscience; Psychology)","83","No"
"World Allergy Organization Journal","Immunology - Allergy and Hypersensitivity","Elsevier","For-profit","OA","2454","Netherlands","World Allergy Organization","","https://www.worldallergyorganizationjournal.org/","1.225","Q1 (Pulmonary and Respiratory Medicine)","67","No"
"World Journal of Microbiology and Biotechnology","Immunology - Immunopathology; Molecular & Cellular Biology - Microbiology and Infectious Diseases","Springer Nature","For-profit associated with a society","Hybrid","200","Germany / UK","International Union of Microbiological Societies (IUMS)","Society/Association","https://link.springer.com/journal/11274","0.909","Q1 (Applied Microbiology and Biotechnology; Medicine)","133","No"
"World Psychiatry","Neurosciences - Clinical Neuroscience","John Wiley & Sons","For-profit","OA","","USA","","","https://onlinelibrary.wiley.com/journal/20515545?journalRedirectCheck=true","20.787","Q1 (Psychiatry and Mental Health)","170","No"
"Xenotransplantation","Immunology - Transplant Immunology","John Wiley & Sons","For-profit associated with a society","Hybrid","1994","USA","International Xenotransplantation Association","Society/Association","https://onlinelibrary.wiley.com/journal/13993089","0.99","Q2 (Immunology; Transplantation)","74","No"
"Yale Journal of Biology and Medicine","Generalist","PubMed Central","Non-profit","OA diamond","0","USA","Yale Office of Medical Education","","https://medicine.yale.edu/yjbm/","1.144","Q1 (Biochemistry, Genetics and Molecular Biology; Medicine)","79","No"
"Yeast","Molecular & Cellular Biology - Microbiology and Infectious Diseases","John Wiley & Sons","For-profit","OA","3039","USA","","","https://onlinelibrary.wiley.com/journal/10970061","0.626","Q2 (Applied Microbiology and Biotechnology; Biotechnology; Medicine)","116","No"
"Zoologia","Ecology & Evolution - Zoology","Sociedade Brasileira de Zoologia","Non-profit","OA","","Brazil","Sociedade Brasileira de Zoologia","Society/Association","https://www.sbzoologia.org.br/revista-zoologia.php","0.407","Q2 (Animal Science and Zoology)","46","No"
"Zoological Journal of the Linnean Society","Ecology & Evolution - Genetics","Oxford University Press (OUP)","University Press associated with a society","Hybrid","2553","UK","Linnean Society","Society/Association","https://academic.oup.com/zoolinnean","0.991","Q1 (Animal Science and Zoology; Ecology, Evolution, Behavior and Systematics)","104","No"
"Zoological Research","Ecology & Evolution - Zoology","Science Press Ltd","Non-profit","OA","1423","China","Kunming Institute of Zoology / Chinese Academy of Sciences / China Zoological Society","Society/Association","https://www.zoores.ac.cn/","1.383","Q1 (Animal Science and Zoology; Ecology; Ecology, Evolution, Behavior and Systematics; Nature and Landscape Conservation)","43","No"
"Zoological Science","Ecology & Evolution - Zoology","Zoological Society of Japan","Non-profit","Hybrid","","Japan","Zoological Society of Japan","Society/Association","https://bioone.org/journals/zoological-science","0.367","Q2 (Animal Science and Zoology)","69","No"
"Zoological Studies","Ecology & Evolution - Zoology","Academia Sinica Taiwan","Non-profit","OA diamond","0","Taiwan","Biodiversity Research Center Academia Sinica Taiwan","University/Government","https://zoolstud.sinica.edu.tw/","0.509","Q2 (Animal Science and Zoology)","53","No"
"Zoologica Scripta","Ecology & Evolution - Zoology","John Wiley & Sons","For-profit associated with a society","Hybrid","2500","USA","Norwegian Academy of Science and Letters / Royal Swedish Academy of Sciences","University/Government","https://onlinelibrary.wiley.com/journal/14636409","0.774","Q1 (Animal Science and Zoology; Ecology, Evolution, Behavior and Systematics)","78","No"
"Zoosystema","Ecology & Evolution - Genetics","Muséum national d'Histoire naturelle (MNHN)","Non-profit","OA diamond","0","France","Museum National d'Histoire Naturelle","University/Government","https://sciencepress.mnhn.fr/fr/periodiques/zoosystema","0.569","Q1 (Animal Science and Zoology)","33","No"
"Zoosystematics and Evolution","Ecology & Evolution - Genetics","Pensoft Publishers","For-profit associated with a society","OA","700","Bulgaria","Museum for Natural History Berlin","University/Government","https://zse.pensoft.net/","0.466","Q2 (Animal Science and Zoology; Ecology, Evolution, Behavior and Systematics; Insect Science)","31","No"
"Zygote","Development - Pregnancy and Embryology","Cambridge University Press (CUP)","University Press","Hybrid","","UK","-","","https://www.cambridge.org/core/journals/zygote","0.471","Q4 (Cell Biology; Developmental Biology)","54","No"
"The database includes journals in life sciences and aims to exclude predatory journals (read more). ↪ If you think a journal is missing, please contribute to the database.","","","","","","","","","","","","",""
